strategy,entry_time,exit_time,entry_price,exit_price,reason,hold_bars,ret_gross,ret_net,same_bar_conflict
Scalp,2026-04-03 16:40:00+00:00,2026-04-03 16:42:00+00:00,66952.31,66987.04,exit_signal,2,0.0005187274344977677,-0.00048129128357754514,False
Scalp,2026-04-03 17:19:00+00:00,2026-04-03 17:22:00+00:00,66795.59,66849.7,exit_signal,3,0.000810083420177854,-0.0001902265082779353,False
Scalp,2026-04-04 05:28:00+00:00,2026-04-04 05:30:00+00:00,66857.45,66878.36,exit_signal,2,0.0003127549734547319,-0.0006870578750942657,False
Scalp,2026-04-04 07:04:00+00:00,2026-04-04 07:07:00+00:00,67009.99,67017.46,exit_signal,3,0.00011147591575522142,-0.0008881357543254476,False
Scalp,2026-04-04 07:10:00+00:00,2026-04-04 07:16:00+00:00,66992.0,67012.01,exit_signal,6,0.00029869238117985475,-0.0007011064118049859,False
Scalp,2026-04-04 07:22:00+00:00,2026-04-04 07:27:00+00:00,66948.41,66962.37,exit_signal,5,0.00020851876840688455,-0.0007911898960292207,False
Scalp,2026-04-04 08:56:00+00:00,2026-04-04 08:59:00+00:00,66930.26,66935.57,exit_signal,3,7.933631215562009e-05,-0.0009202432343833333,False
Scalp,2026-04-04 11:18:00+00:00,2026-04-04 11:21:00+00:00,67127.51,67138.86,exit_signal,3,0.00016908120083702904,-0.0008305880457404324,False
Scalp,2026-04-04 13:50:00+00:00,2026-04-04 13:56:00+00:00,67206.72,67212.25,exit_signal,6,8.228343832272778e-05,-0.0009172990538691694,False
Scalp,2026-04-04 14:42:00+00:00,2026-04-04 14:45:00+00:00,67040.65,67105.14,exit_signal,3,0.0009619536803417983,-3.850804247695905e-05,False
Scalp,2026-04-04 15:29:00+00:00,2026-04-04 15:33:00+00:00,67344.3,67350.05,exit_signal,4,8.538213330600009e-05,-0.0009142034560324364,False
Scalp,2026-04-04 19:25:00+00:00,2026-04-04 19:36:00+00:00,67391.0,67354.74,exit_signal,11,-0.0005380540428245872,-0.001537016507549338,False
Scalp,2026-04-04 20:05:00+00:00,2026-04-04 20:09:00+00:00,67194.25,67219.21,exit_signal,4,0.0003714603556108642,-0.000628411168982268,False
Scalp,2026-04-04 22:02:00+00:00,2026-04-04 22:03:00+00:00,67349.13,67367.75,exit_signal,1,0.0002764697925570214,-0.000723306788944722,False
Scalp,2026-04-04 23:42:00+00:00,2026-04-04 23:45:00+00:00,67279.32,67325.25,exit_signal,3,0.000682676340961752,-0.0003175062440866627,False
Scalp,2026-04-05 00:09:00+00:00,2026-04-05 00:16:00+00:00,67270.6,67257.37,exit_signal,7,-0.00019666838113541196,-0.0011959720609143742,False
Scalp,2026-04-05 01:07:00+00:00,2026-04-05 01:12:00+00:00,67169.21,67163.09,exit_signal,5,-9.111317521837137e-05,-0.001090522357451884,False
Scalp,2026-04-05 01:21:00+00:00,2026-04-05 01:22:00+00:00,67168.08,67174.95,exit_signal,1,0.0001022807262021086,-0.0008973217532843858,False
Scalp,2026-04-05 01:58:00+00:00,2026-04-05 02:16:00+00:00,67105.79,67008.0,exit_signal,18,-0.0014572513042465651,-0.0024552950310788857,False
Scalp,2026-04-05 04:39:00+00:00,2026-04-05 04:57:00+00:00,67157.4,67112.65,exit_signal,18,-0.000666345034203264,-0.0016651792720500103,False
Scalp,2026-04-05 06:11:00+00:00,2026-04-05 06:20:00+00:00,66728.01,66679.07,exit_signal,9,-0.0007334251388583235,-0.001732192330123672,False
Scalp,2026-04-05 07:37:00+00:00,2026-04-05 07:41:00+00:00,66730.14,66747.23,exit_signal,4,0.00025610616132376585,-0.0007436500667233892,False
Scalp,2026-04-05 08:27:00+00:00,2026-04-05 08:34:00+00:00,66893.76,66882.4,exit_signal,7,-0.0001698215199743558,-0.0011691520331978955,False
Scalp,2026-04-05 09:09:00+00:00,2026-04-05 09:16:00+00:00,66927.54,66950.2,exit_signal,7,0.0003385751216913313,-0.000661263534102452,False
Scalp,2026-04-05 09:33:00+00:00,2026-04-05 09:41:00+00:00,66989.8,66998.4,exit_signal,8,0.00012837775303098375,-0.0008712508104401495,False
Scalp,2026-04-05 10:44:00+00:00,2026-04-05 10:52:00+00:00,67068.49,67054.48,exit_signal,8,-0.00020889094118581308,-0.0012081824045129252,False
Scalp,2026-04-05 12:26:00+00:00,2026-04-05 12:38:00+00:00,66914.52,66779.98,exit_signal,12,-0.0020106248987515896,-0.003008115528537747,False
Scalp,2026-04-05 12:50:00+00:00,2026-04-05 12:51:00+00:00,66699.34,66710.36,exit_signal,1,0.0001652190261554054,-0.0008344463601775987,False
Scalp,2026-04-05 15:48:00+00:00,2026-04-05 15:51:00+00:00,67355.43,67437.22,exit_signal,3,0.0012143044740418052,0.00021359052654168487,False
Scalp,2026-04-05 18:53:00+00:00,2026-04-05 19:00:00+00:00,67405.65,67413.78,exit_signal,7,0.00012061303466404105,-0.000879007767969342,False
Scalp,2026-04-05 20:46:00+00:00,2026-04-05 20:47:00+00:00,67550.38,67623.77,exit_signal,1,0.001086448366389714,8.586221110085113e-05,False
Scalp,2026-04-05 21:21:00+00:00,2026-04-05 21:29:00+00:00,67500.99,67473.49,exit_signal,8,-0.0004074014321864272,-0.001406494484228249,False
Scalp,2026-04-05 22:00:00+00:00,2026-04-05 22:02:00+00:00,67553.44,67655.26,exit_signal,2,0.001507251148127997,0.0005062444003538502,False
Scalp,2026-04-05 22:13:00+00:00,2026-04-05 22:17:00+00:00,67523.18,67584.48,exit_signal,4,0.0009078363904069242,-9.257124216699442e-05,False
Scalp,2026-04-05 23:41:00+00:00,2026-04-05 23:46:00+00:00,69026.0,68999.99,exit_signal,5,-0.00037681453365390194,-0.0013759381573081875,False
Scalp,2026-04-06 00:13:00+00:00,2026-04-06 00:16:00+00:00,69207.96,69338.07,exit_signal,3,0.0018799860594069795,0.0008786067629957817,False
Scalp,2026-04-06 01:19:00+00:00,2026-04-06 01:23:00+00:00,68870.37,68882.12,exit_signal,4,0.00017061038005161677,-0.0008290603949407949,False
Scalp,2026-04-06 06:30:00+00:00,2026-04-06 06:37:00+00:00,68844.9,68907.62,exit_signal,7,0.0009110333517805547,-8.937747615700431e-05,False
Scalp,2026-04-06 09:28:00+00:00,2026-04-06 09:32:00+00:00,69924.55,69971.18,exit_signal,4,0.000666861638723315,-0.00033330513952622987,False
Scalp,2026-04-06 12:44:00+00:00,2026-04-06 12:46:00+00:00,69485.36,69513.26,exit_signal,2,0.00040152342881993874,-0.0005983781438222424,False
Scalp,2026-04-06 16:57:00+00:00,2026-04-06 17:07:00+00:00,69833.68,69603.93,exit_signal,10,-0.0032899598016314924,-0.004286171735862543,False
Scalp,2026-04-06 17:15:00+00:00,2026-04-06 17:22:00+00:00,69346.41,69395.08,exit_signal,7,0.0007018387830026729,-0.00029836295491136866,False
Scalp,2026-04-06 18:36:00+00:00,2026-04-06 18:45:00+00:00,69821.56,69777.91,exit_signal,9,-0.0006251650636278638,-0.0016240404608655057,False
Scalp,2026-04-06 21:21:00+00:00,2026-04-06 21:25:00+00:00,69699.49,69688.79,exit_signal,4,-0.00015351618785175436,-0.0011528629982585636,False
Scalp,2026-04-06 22:05:00+00:00,2026-04-06 22:07:00+00:00,69428.14,69489.8,exit_signal,2,0.000888112514608741,-0.0001122754039465379,False
Scalp,2026-04-06 22:33:00+00:00,2026-04-06 22:37:00+00:00,69288.05,69294.58,exit_signal,4,9.424424558046596e-05,-0.0009053502014414461,False
Scalp,2026-04-06 22:48:00+00:00,2026-04-06 22:51:00+00:00,69187.87,69191.4,exit_signal,3,5.102050402761016e-05,-0.0009485307408537702,False
Scalp,2026-04-06 22:58:00+00:00,2026-04-06 23:10:00+00:00,68923.69,68635.88,exit_signal,12,-0.004175777588228291,-0.005171104147360439,False
Scalp,2026-04-06 23:29:00+00:00,2026-04-06 23:32:00+00:00,68522.01,68574.75,exit_signal,3,0.0007696796985379173,-0.00023058984638812952,False
Scalp,2026-04-07 04:20:00+00:00,2026-04-07 04:27:00+00:00,68602.14,68630.58,exit_signal,7,0.00041456432700215373,-0.0005853502800213795,False
Scalp,2026-04-07 04:55:00+00:00,2026-04-07 05:10:00+00:00,68878.6,68829.69,exit_signal,15,-0.0007100899263342564,-0.0017088804411503622,False
Scalp,2026-04-07 09:23:00+00:00,2026-04-07 09:27:00+00:00,69050.0,69067.9,exit_signal,4,0.0002592324402606039,-0.0007405269125031477,False
Scalp,2026-04-07 10:20:00+00:00,2026-04-07 10:21:00+00:00,68929.86,68984.62,exit_signal,1,0.0007944307445277854,-0.00020586353907503518,False
Scalp,2026-04-07 10:28:00+00:00,2026-04-07 10:33:00+00:00,68721.7,68752.28,exit_signal,5,0.00044498317125452047,-0.0005549618394112832,False
Scalp,2026-04-07 10:39:00+00:00,2026-04-07 11:05:00+00:00,68573.99,68191.8,exit_signal,26,-0.005573395977104489,-0.006567325616307795,False
Scalp,2026-04-07 14:06:00+00:00,2026-04-07 14:12:00+00:00,68119.6,67905.25,exit_signal,6,-0.0031466714425805176,-0.00414302659356236,False
Scalp,2026-04-07 16:11:00+00:00,2026-04-07 16:15:00+00:00,68116.35,68154.12,exit_signal,4,0.0005544924236249305,-0.00044556204156598334,False
Scalp,2026-04-07 18:00:00+00:00,2026-04-07 18:01:00+00:00,68705.82,68748.64,exit_signal,1,0.000623236866978516,-0.0003768863083007945,False
Scalp,2026-04-07 18:55:00+00:00,2026-04-07 18:58:00+00:00,68396.71,68453.96,exit_signal,3,0.000837028564677933,-0.00016330829545641024,False
Scalp,2026-04-07 20:23:00+00:00,2026-04-07 20:26:00+00:00,69325.99,69351.84,exit_signal,3,0.0003728760310526269,-0.0006269969085084259,False
Scalp,2026-04-07 21:18:00+00:00,2026-04-07 21:31:00+00:00,69886.07,69649.99,exit_signal,13,-0.0033780694779375064,-0.004374193346525113,False
Scalp,2026-04-07 23:42:00+00:00,2026-04-07 23:46:00+00:00,72097.74,72073.34,exit_signal,4,-0.00033842947088225106,-0.001337591460416676,False
Scalp,2026-04-08 09:44:00+00:00,2026-04-08 09:50:00+00:00,71641.97,71642.01,exit_signal,6,5.583319386825991e-07,-0.0009989424759891952,False
Scalp,2026-04-08 11:00:00+00:00,2026-04-08 11:03:00+00:00,71476.97,71510.85,exit_signal,3,0.00047399882787435565,-0.0005259751839475912,False
Scalp,2026-04-08 12:22:00+00:00,2026-04-08 12:30:00+00:00,71656.83,71767.24,exit_signal,8,0.0015408161371359697,0.00053977584114695,False
Scalp,2026-04-08 13:23:00+00:00,2026-04-08 13:26:00+00:00,72464.02,72505.69,exit_signal,3,0.0005750440011469404,-0.00042503100535074,False
Scalp,2026-04-08 13:34:00+00:00,2026-04-08 13:47:00+00:00,72159.84,71855.99,exit_signal,13,-0.004210790933017461,-0.0052060824963025,False
Scalp,2026-04-08 14:36:00+00:00,2026-04-08 14:38:00+00:00,70971.9,71144.08,exit_signal,2,0.0024260305839354235,0.0014241055158854543,False
Scalp,2026-04-08 14:53:00+00:00,2026-04-08 15:00:00+00:00,70893.28,70912.89,exit_signal,7,0.00027661295964875876,-0.0007231637649485201,False
Scalp,2026-04-08 17:28:00+00:00,2026-04-08 17:30:00+00:00,71504.53,71636.73,exit_signal,2,0.0018488339130402487,0.0008474857532070335,False
Scalp,2026-04-08 18:22:00+00:00,2026-04-08 18:29:00+00:00,71400.96,71390.63,exit_signal,7,-0.00014467592592593004,-0.0011440315721767957,False
Scalp,2026-04-08 18:46:00+00:00,2026-04-08 19:03:00+00:00,71317.33,71126.2,exit_signal,17,-0.0026799937686955433,-0.0036768153641291157,False
Scalp,2026-04-08 21:36:00+00:00,2026-04-08 21:39:00+00:00,71606.34,71640.0,exit_signal,3,0.0004700701083173442,-0.0005298999767483492,False
Scalp,2026-04-08 22:29:00+00:00,2026-04-08 22:33:00+00:00,71203.49,71216.95,exit_signal,4,0.00018903567788597364,-0.0008106535131963133,False
Scalp,2026-04-08 22:59:00+00:00,2026-04-08 23:06:00+00:00,71082.88,71009.05,exit_signal,7,-0.001038646717747005,-0.0020371088399681048,False
Scalp,2026-04-09 02:39:00+00:00,2026-04-09 02:44:00+00:00,71011.4,71020.0,exit_signal,5,0.00012110731516346007,-0.0008785139815030707,False
Scalp,2026-04-09 05:50:00+00:00,2026-04-09 05:59:00+00:00,70962.69,70971.65,exit_signal,9,0.0001262635336962692,-0.0008733629166121082,False
Scalp,2026-04-09 09:23:00+00:00,2026-04-09 09:30:00+00:00,71301.72,71292.44,exit_signal,7,-0.0001301511380089604,-0.0011295213017888939,False
Scalp,2026-04-09 10:08:00+00:00,2026-04-09 10:20:00+00:00,71422.77,71406.77,exit_signal,12,-0.00022401819475781348,-0.0012232945383912064,False
Scalp,2026-04-09 11:27:00+00:00,2026-04-09 11:31:00+00:00,71072.03,71100.0,exit_signal,4,0.00039354440839800553,-0.0006063491892114303,False
Scalp,2026-04-09 11:38:00+00:00,2026-04-09 11:39:00+00:00,71098.8,71132.99,exit_signal,1,0.0004808801273721297,-0.0005191007623102095,False
Scalp,2026-04-09 15:28:00+00:00,2026-04-09 15:33:00+00:00,71391.32,71686.49,exit_signal,5,0.004134536243341591,0.0031309035234583504,False
Scalp,2026-04-09 16:00:00+00:00,2026-04-09 16:01:00+00:00,72142.0,72342.21,exit_signal,1,0.00277522109173578,0.0017729470076861542,False
Scalp,2026-04-09 17:29:00+00:00,2026-04-09 17:30:00+00:00,72266.35,72341.73,exit_signal,1,0.0010430857515286718,4.254293718464197e-05,False
Scalp,2026-04-09 18:24:00+00:00,2026-04-09 18:29:00+00:00,71799.69,71937.76,exit_signal,5,0.0019229888039904441,0.000921566526325579,False
Scalp,2026-04-09 19:55:00+00:00,2026-04-09 20:01:00+00:00,72191.29,72142.15,exit_signal,6,-0.0006806915349483189,-0.0016795114334640093,False
Scalp,2026-04-09 23:05:00+00:00,2026-04-09 23:07:00+00:00,71881.8,71988.14,exit_signal,2,0.0014793730819204765,0.0004783941982804407,False
Scalp,2026-04-09 23:15:00+00:00,2026-04-09 23:19:00+00:00,71803.45,71853.99,exit_signal,4,0.000703865900594014,-0.0002963378634244229,False
Scalp,2026-04-09 23:27:00+00:00,2026-04-09 23:28:00+00:00,71798.66,71849.92,exit_signal,1,0.0007139409008467545,-0.0002862729331368774,False
Scalp,2026-04-10 07:07:00+00:00,2026-04-10 07:10:00+00:00,71752.18,71740.09,exit_signal,3,-0.0001684966226809248,-0.0011678284601395195,False
Scalp,2026-04-10 07:15:00+00:00,2026-04-10 07:17:00+00:00,71716.23,71763.2,exit_signal,2,0.0006549424028563511,-0.00034521246211383083,False
Scalp,2026-04-10 07:54:00+00:00,2026-04-10 07:58:00+00:00,71526.02,71508.85,exit_signal,4,-0.00024005250117364874,-0.0012393128185136382,False
Scalp,2026-04-10 19:19:00+00:00,2026-04-10 19:27:00+00:00,73138.21,73046.57,exit_signal,8,-0.0012529702326594672,-0.002251218138473954,False
Scalp,2026-04-10 19:33:00+00:00,2026-04-10 19:35:00+00:00,72954.44,73014.6,exit_signal,2,0.0008246242449396757,-0.0001757002170741373,False
Scalp,2026-04-10 21:33:00+00:00,2026-04-10 21:36:00+00:00,73064.01,73059.5,exit_signal,3,-6.172669690585053e-05,-0.001061165250931917,False
Scalp,2026-04-10 22:40:00+00:00,2026-04-10 22:44:00+00:00,72895.4,72840.98,exit_signal,4,-0.000746549164967858,-0.0017453032387657608,False
Scalp,2026-04-10 23:03:00+00:00,2026-04-10 23:05:00+00:00,72799.99,72847.4,exit_signal,2,0.0006512363531916421,-0.00034891480758114657,False
Scalp,2026-04-11 06:04:00+00:00,2026-04-11 06:06:00+00:00,72643.47,72702.32,exit_signal,2,0.0008101209922930508,-0.00019018897371603227,False
Scalp,2026-04-11 10:15:00+00:00,2026-04-11 10:21:00+00:00,72810.13,72825.6,exit_signal,6,0.00021247043508920704,-0.0007872421790386941,False
Scalp,2026-04-11 12:12:00+00:00,2026-04-11 12:15:00+00:00,72921.14,72927.87,exit_signal,3,9.229148090650341e-05,-0.000907301014326567,False
Scalp,2026-04-11 13:12:00+00:00,2026-04-11 13:16:00+00:00,72578.78,72625.62,exit_signal,4,0.0006453676956266197,-0.0003547775994213742,False
Scalp,2026-04-11 15:27:00+00:00,2026-04-11 15:28:00+00:00,72743.46,72782.01,exit_signal,1,0.0005299445475921427,-0.00047008538199055927,False
Scalp,2026-04-11 16:23:00+00:00,2026-04-11 16:27:00+00:00,72871.08,72880.53,exit_signal,4,0.00012968107512612015,-0.0008699487910158732,False
Scalp,2026-04-11 16:56:00+00:00,2026-04-11 17:05:00+00:00,73097.71,73033.26,exit_signal,9,-0.0008816965675123578,-0.001880315561447854,False
Scalp,2026-04-11 18:44:00+00:00,2026-04-11 18:49:00+00:00,73500.78,73581.34,exit_signal,5,0.0010960427902941827,9.544704537622906e-05,False
Scalp,2026-04-11 19:14:00+00:00,2026-04-11 19:17:00+00:00,73593.9,73639.93,exit_signal,3,0.0006254594470465058,-0.0003746659497020355,False
Scalp,2026-04-11 19:23:00+00:00,2026-04-11 19:25:00+00:00,73502.14,73526.15,exit_signal,2,0.000326657155832466,-0.0006731695879514943,False
Scalp,2026-04-12 00:05:00+00:00,2026-04-12 00:07:00+00:00,72900.76,72999.99,exit_signal,2,0.0013611655077396811,0.0003603047725997399,False
Scalp,2026-04-12 01:36:00+00:00,2026-04-12 01:41:00+00:00,72259.5,72190.0,exit_signal,5,-0.0009618112497318254,-0.0019603501690224068,False
Scalp,2026-04-12 01:45:00+00:00,2026-04-12 01:53:00+00:00,71736.0,71580.1,exit_signal,8,-0.0021732463477193154,-0.003170574437326823,False
Scalp,2026-04-12 04:12:00+00:00,2026-04-12 04:15:00+00:00,71559.89,71589.94,exit_signal,3,0.000419927979207424,-0.0005799919887878868,False
Scalp,2026-04-12 05:37:00+00:00,2026-04-12 05:40:00+00:00,71632.99,71662.7,exit_signal,3,0.0004147530348794781,-0.0005851617607574022,False
Scalp,2026-04-12 05:56:00+00:00,2026-04-12 06:05:00+00:00,71714.66,71720.47,exit_signal,9,8.101551342498681e-05,-0.0009185657114759715,False
Scalp,2026-04-12 08:05:00+00:00,2026-04-12 08:06:00+00:00,71655.56,71688.55,exit_signal,1,0.00046039693221300304,-0.0005395634845106745,False
Scalp,2026-04-12 08:14:00+00:00,2026-04-12 08:16:00+00:00,71642.74,71664.44,exit_signal,2,0.000302891821278628,-0.0006969111690472429,False
Scalp,2026-04-12 10:57:00+00:00,2026-04-12 10:59:00+00:00,71402.39,71436.04,exit_signal,2,0.0004712727403102246,-0.0005286985467866101,False
Scalp,2026-04-12 12:08:00+00:00,2026-04-12 12:11:00+00:00,71370.87,71407.14,exit_signal,3,0.0005081905264712194,-0.0004918176599619795,False
Scalp,2026-04-12 12:57:00+00:00,2026-04-12 13:06:00+00:00,71179.07,71122.21,exit_signal,9,-0.0007988303303204658,-0.0017975321490806273,False
Scalp,2026-04-12 14:51:00+00:00,2026-04-12 14:57:00+00:00,70789.02,70778.29,exit_signal,6,-0.00015157717962488437,-0.0011509259280709783,False
Scalp,2026-04-12 17:37:00+00:00,2026-04-12 17:40:00+00:00,70980.54,71005.3,exit_signal,3,0.00034882800271751613,-0.0006510209008333545,False
Scalp,2026-04-12 19:54:00+00:00,2026-04-12 19:55:00+00:00,71089.18,71109.0,exit_signal,1,0.00027880473512298387,-0.0007209741801543768,False
Scalp,2026-04-12 20:12:00+00:00,2026-04-12 20:15:00+00:00,70991.77,71017.36,exit_signal,3,0.0003604643186103651,-0.0006393962154410682,False
Scalp,2026-04-12 20:18:00+00:00,2026-04-12 20:21:00+00:00,70968.75,71007.75,exit_signal,3,0.0005495376486128745,-0.00045051186427913503,False
Scalp,2026-04-12 20:49:00+00:00,2026-04-12 20:52:00+00:00,71240.29,71311.59,exit_signal,3,0.0010008381493114005,3.375614561207385e-07,False
Scalp,2026-04-12 21:09:00+00:00,2026-04-12 21:17:00+00:00,71329.35,71294.71,exit_signal,8,-0.000485634595015938,-0.0014846494529917598,False
Scalp,2026-04-13 04:53:00+00:00,2026-04-13 04:56:00+00:00,70878.94,70941.67,exit_signal,3,0.0008850301655187742,-0.00011535467222778539,False
Scalp,2026-04-13 05:11:00+00:00,2026-04-13 05:17:00+00:00,70833.68,70870.29,exit_signal,6,0.0005168445293255441,-0.0004831723067855176,False
Scalp,2026-04-13 07:22:00+00:00,2026-04-13 07:31:00+00:00,70748.84,70737.03,exit_signal,9,-0.00016692853197308732,-0.0011662619367385219,False
Scalp,2026-04-13 08:53:00+00:00,2026-04-13 08:54:00+00:00,70600.0,70634.25,exit_signal,1,0.00048512747875362194,-0.0005148576561577745,False
Scalp,2026-04-13 13:10:00+00:00,2026-04-13 13:12:00+00:00,71091.51,71153.99,exit_signal,2,0.0008788672515187557,-0.00012151142639382773,False
Scalp,2026-04-13 13:39:00+00:00,2026-04-13 13:42:00+00:00,70886.43,71071.33,exit_signal,3,0.002608397686270969,0.0016062903422566777,False
Scalp,2026-04-13 15:06:00+00:00,2026-04-13 15:21:00+00:00,72113.03,71948.15,exit_signal,15,-0.0022864106528321937,-0.003283625634688092,False
Scalp,2026-04-13 19:45:00+00:00,2026-04-13 19:46:00+00:00,73015.75,73124.01,exit_signal,1,0.001482693802364432,0.00048171159966359234,False
Scalp,2026-04-13 20:01:00+00:00,2026-04-13 20:08:00+00:00,73339.37,73335.93,exit_signal,7,-4.6905229755922484e-05,-0.0010463585978420786,False
Scalp,2026-04-13 22:30:00+00:00,2026-04-13 22:31:00+00:00,74134.65,74287.95,exit_signal,1,0.002067858956641855,0.0010662918812229805,False
Scalp,2026-04-13 22:40:00+00:00,2026-04-13 22:42:00+00:00,74109.27,74237.06,exit_signal,2,0.0017243456857689576,0.0007231219519503451,False
Scalp,2026-04-13 23:02:00+00:00,2026-04-13 23:05:00+00:00,74508.14,74642.69,exit_signal,3,0.0018058429589036251,0.00080453776854017,False
Scalp,2026-04-14 02:27:00+00:00,2026-04-14 02:38:00+00:00,74474.77,74349.99,exit_signal,11,-0.0016754667386015276,-0.0026732923590526703,False
Scalp,2026-04-14 07:21:00+00:00,2026-04-14 07:28:00+00:00,74675.17,74687.52,exit_signal,7,0.00016538295125423375,-0.0008342825989218206,False
Scalp,2026-04-14 08:44:00+00:00,2026-04-14 08:48:00+00:00,74670.89,74677.58,exit_signal,4,8.959314667333906e-05,-0.0009099966515739855,False
Scalp,2026-04-14 09:47:00+00:00,2026-04-14 09:53:00+00:00,74507.26,74467.08,exit_signal,6,-0.0005392763067652018,-0.0015382375498368406,False
Scalp,2026-04-14 14:36:00+00:00,2026-04-14 14:44:00+00:00,75708.25,75473.99,exit_signal,8,-0.00309424666400282,-0.004090654213564027,False
Scalp,2026-04-14 15:01:00+00:00,2026-04-14 15:18:00+00:00,74942.55,74807.69,exit_signal,17,-0.0017995117593410104,-0.0027972133967627544,False
Scalp,2026-04-14 15:49:00+00:00,2026-04-14 15:51:00+00:00,75208.07,75359.56,exit_signal,2,0.002014278520908519,0.0010127649991487075,False
Scalp,2026-04-14 16:15:00+00:00,2026-04-14 16:27:00+00:00,75489.99,75334.0,exit_signal,12,-0.00206636667987381,-0.0030638015957360487,False
Scalp,2026-04-14 16:54:00+00:00,2026-04-14 17:06:00+00:00,74770.44,74727.55,exit_signal,12,-0.0005736224101395848,-0.0015725493242721988,False
Scalp,2026-04-14 17:37:00+00:00,2026-04-14 17:40:00+00:00,74340.72,74381.79,exit_signal,3,0.0005524563119645443,-0.00044759611813205424,False
Scalp,2026-04-14 18:39:00+00:00,2026-04-14 18:42:00+00:00,74190.91,74291.38,exit_signal,3,0.001354209026415809,0.00035335524428048437,False
Scalp,2026-04-14 18:50:00+00:00,2026-04-14 18:52:00+00:00,73857.55,74056.22,exit_signal,2,0.002689907802249092,0.0016877189888535593,False
Scalp,2026-04-14 22:30:00+00:00,2026-04-14 22:32:00+00:00,73911.83,73998.31,exit_signal,2,0.001170042738760424,0.00016937303087560807,False
Scalp,2026-04-15 00:20:00+00:00,2026-04-15 00:22:00+00:00,74400.25,74531.08,exit_signal,2,0.0017584618331256685,0.0007572040002090663,False
Scalp,2026-04-15 02:33:00+00:00,2026-04-15 02:41:00+00:00,74208.98,74249.44,exit_signal,8,0.0005452170343804852,-0.0004548281600564863,False
Scalp,2026-04-15 05:28:00+00:00,2026-04-15 05:35:00+00:00,74024.72,74018.5,exit_signal,7,-8.402598483314705e-05,-0.0010834422507153274,False
Scalp,2026-04-15 05:41:00+00:00,2026-04-15 05:43:00+00:00,73886.88,73971.81,exit_signal,2,0.0011494598229075947,0.0001488106876523787,False
Scalp,2026-04-15 08:48:00+00:00,2026-04-15 08:53:00+00:00,74046.19,74074.71,exit_signal,5,0.0003851649895829645,-0.0006147202327952961,False
Scalp,2026-04-15 10:33:00+00:00,2026-04-15 10:39:00+00:00,73852.35,73853.35,exit_signal,6,1.3540530531486183e-05,-0.0009859732531071197,False
Scalp,2026-04-15 10:53:00+00:00,2026-04-15 11:02:00+00:00,74018.42,73948.82,exit_signal,9,-0.000940306480467834,-0.0019388668937805331,False
Scalp,2026-04-15 11:59:00+00:00,2026-04-15 12:03:00+00:00,74187.7,74197.41,exit_signal,4,0.00013088423013529749,-0.0008687468385603081,False
Scalp,2026-04-15 12:44:00+00:00,2026-04-15 12:47:00+00:00,74337.67,74353.08,exit_signal,3,0.0002072973231472819,-0.0007924101204539458,False
Scalp,2026-04-15 13:45:00+00:00,2026-04-15 13:48:00+00:00,73879.18,73994.92,exit_signal,3,0.0015666118654809047,0.0005655457866549085,False
Scalp,2026-04-15 22:20:00+00:00,2026-04-15 22:22:00+00:00,74915.85,75034.0,exit_signal,2,0.0015771028427227218,0.0005760262781624448,False
Scalp,2026-04-16 02:49:00+00:00,2026-04-16 02:57:00+00:00,74948.22,74926.74,exit_signal,8,-0.0002865978671674485,-0.0012858116624026028,False
Scalp,2026-04-16 07:48:00+00:00,2026-04-16 07:59:00+00:00,74746.0,74692.35,exit_signal,11,-0.0007177641612928776,-0.0017165470057092236,False
Scalp,2026-04-16 09:33:00+00:00,2026-04-16 09:55:00+00:00,74809.06,74650.0,exit_signal,22,-0.0021262130549427605,-0.0031235881543381083,False
Scalp,2026-04-16 10:00:00+00:00,2026-04-16 10:02:00+00:00,74594.02,74642.33,exit_signal,2,0.0006476390466687576,-0.00035250851859514043,False
Scalp,2026-04-16 10:15:00+00:00,2026-04-16 10:18:00+00:00,74424.37,74458.69,exit_signal,3,0.00046113927467583693,-0.0005388218840194359,False
Scalp,2026-04-16 10:49:00+00:00,2026-04-16 10:53:00+00:00,74318.0,74327.3,exit_signal,4,0.00012513792082669006,-0.0008744874044314122,False
Scalp,2026-04-16 11:41:00+00:00,2026-04-16 11:45:00+00:00,74416.08,74453.88,exit_signal,4,0.000507954732364313,-0.0004920532183925186,False
Scalp,2026-04-16 12:24:00+00:00,2026-04-16 12:27:00+00:00,74694.27,74734.0,exit_signal,3,0.0005319015769214008,-0.00046813030871251105,False
Scalp,2026-04-16 13:38:00+00:00,2026-04-16 13:59:00+00:00,74700.76,73713.99,exit_signal,21,-0.01320963802777897,-0.014195935241144264,False
Scalp,2026-04-16 14:19:00+00:00,2026-04-16 14:26:00+00:00,73615.67,73571.06,exit_signal,7,-0.0006059851115938208,-0.0016048796791983122,False
Scalp,2026-04-16 15:31:00+00:00,2026-04-16 15:37:00+00:00,74218.55,74489.21,exit_signal,6,0.0036467971955798095,0.0026436519709966966,False
Scalp,2026-04-16 16:55:00+00:00,2026-04-16 16:58:00+00:00,74153.04,74213.51,exit_signal,3,0.0008154756703164789,-0.00018483964769488992,False
Scalp,2026-04-16 19:08:00+00:00,2026-04-16 19:18:00+00:00,74897.35,74876.49,exit_signal,10,-0.00027851452688243405,-0.0012777364014181503,False
Scalp,2026-04-16 20:05:00+00:00,2026-04-16 20:12:00+00:00,75324.47,75436.93,exit_signal,7,0.0014930075180084046,0.000492015006746005,False
Scalp,2026-04-16 20:22:00+00:00,2026-04-16 20:25:00+00:00,75152.24,75207.11,exit_signal,3,0.0007301179578944605,-0.0002701120450618877,False
Scalp,2026-04-16 20:34:00+00:00,2026-04-16 20:42:00+00:00,75098.87,75080.0,exit_signal,8,-0.0002512687607681974,-0.001250517867454004,False
Scalp,2026-04-16 23:50:00+00:00,2026-04-16 23:53:00+00:00,75069.24,75082.0,exit_signal,3,0.0001699764111104951,-0.0008296937302297858,False
Scalp,2026-04-17 01:25:00+00:00,2026-04-17 01:28:00+00:00,74683.71,74750.0,exit_signal,3,0.0008876098951162703,-0.00011277752107063943,False
Scalp,2026-04-17 01:52:00+00:00,2026-04-17 01:56:00+00:00,74605.47,74732.2,exit_signal,4,0.0016986690118030445,0.0006974709418263725,False
Scalp,2026-04-17 07:19:00+00:00,2026-04-17 07:21:00+00:00,74981.39,75000.72,exit_signal,2,0.00025779730143704604,-0.000741960616905013,False
Scalp,2026-04-17 09:35:00+00:00,2026-04-17 09:41:00+00:00,75717.09,75711.11,exit_signal,6,-7.897820690150326e-05,-0.0010783995180388972,False
Scalp,2026-04-17 12:38:00+00:00,2026-04-17 12:45:00+00:00,75719.34,75754.16,exit_signal,7,0.00045985609488941037,-0.0005401037812671206,False
Scalp,2026-04-17 17:13:00+00:00,2026-04-17 17:16:00+00:00,77400.0,77521.0,exit_signal,3,0.001563307493539945,0.0005622447174347123,False
Scalp,2026-04-17 23:12:00+00:00,2026-04-17 23:15:00+00:00,77196.98,77209.46,exit_signal,3,0.00016166435526376866,-0.0008379974781744792,False
Scalp,2026-04-17 23:36:00+00:00,2026-04-17 23:41:00+00:00,77037.67,77050.61,exit_signal,5,0.00016796977374844424,-0.0008316983619575113,False
Scalp,2026-04-18 03:56:00+00:00,2026-04-18 04:02:00+00:00,77060.06,77018.26,exit_signal,6,-0.0005424340443026532,-0.001541392131214736,False
Scalp,2026-04-18 04:33:00+00:00,2026-04-18 04:36:00+00:00,76900.0,76964.82,exit_signal,3,0.0008429128738622893,-0.00015742986764077926,False
Scalp,2026-04-18 05:17:00+00:00,2026-04-18 05:25:00+00:00,77210.4,77192.4,exit_signal,8,-0.0002331292157533582,-0.001232396452918838,False
Scalp,2026-04-18 08:25:00+00:00,2026-04-18 08:28:00+00:00,76689.38,76682.76,exit_signal,3,-8.632225218163647e-05,-0.001085736222943945,False
Scalp,2026-04-18 08:36:00+00:00,2026-04-18 08:40:00+00:00,76588.76,76612.09,exit_signal,4,0.0003046138885132166,-0.0006951908230193871,False
Scalp,2026-04-18 08:44:00+00:00,2026-04-18 08:46:00+00:00,76535.04,76636.68,exit_signal,2,0.0013280191661231289,0.0003271915607598874,False
Scalp,2026-04-18 10:11:00+00:00,2026-04-18 10:15:00+00:00,76270.0,76291.59,exit_signal,4,0.00028307329225119027,-0.0007167098894500512,False
Scalp,2026-04-18 10:46:00+00:00,2026-04-18 10:49:00+00:00,76236.48,76286.16,exit_signal,3,0.0006516565297873811,-0.0003484950509519136,False
Scalp,2026-04-18 10:55:00+00:00,2026-04-18 10:57:00+00:00,76160.6,76185.79,exit_signal,2,0.00033074844473368614,-0.0006690823882944397,False
Scalp,2026-04-18 11:09:00+00:00,2026-04-18 11:12:00+00:00,75968.9,76011.4,exit_signal,3,0.0005594394548296133,-0.0004406199549201739,False
Scalp,2026-04-18 12:22:00+00:00,2026-04-18 12:33:00+00:00,76168.13,76197.72,exit_signal,11,0.00038848268954483345,-0.0006114058488755347,False
Scalp,2026-04-18 18:40:00+00:00,2026-04-18 18:44:00+00:00,75565.08,75564.48,exit_signal,4,-7.94017554150983e-06,-0.0010074324892090925,False
Scalp,2026-04-18 21:22:00+00:00,2026-04-18 21:24:00+00:00,75632.68,75648.43,exit_signal,2,0.0002082433149268592,-0.0007914650741933649,False
Scalp,2026-04-18 22:56:00+00:00,2026-04-18 22:58:00+00:00,75809.55,75830.9,exit_signal,2,0.0002816267871263989,-0.000718154948792904,False
Scalp,2026-04-18 23:55:00+00:00,2026-04-19 00:02:00+00:00,75707.82,75726.01,exit_signal,7,0.00024026580081137894,-0.0007594745947913095,False
Scalp,2026-04-19 00:15:00+00:00,2026-04-19 00:31:00+00:00,75771.14,75614.56,exit_signal,16,-0.002066485999814738,-0.003063920796416486,False
Scalp,2026-04-19 00:36:00+00:00,2026-04-19 00:40:00+00:00,75569.7,75596.21,exit_signal,4,0.00035080197486569986,-0.0006490489016707235,False
Scalp,2026-04-19 02:26:00+00:00,2026-04-19 02:30:00+00:00,75426.49,75487.98,exit_signal,4,0.0008152308293809529,-0.00018508424391172618,False
Scalp,2026-04-19 03:54:00+00:00,2026-04-19 03:56:00+00:00,75601.65,75600.01,exit_signal,2,-2.1692648242477297e-05,-0.0010211712163101794,False
Scalp,2026-04-19 04:00:00+00:00,2026-04-19 04:03:00+00:00,75515.76,75567.72,exit_signal,3,0.0006880682919698788,-0.00031211968233479936,False
Scalp,2026-04-19 04:25:00+00:00,2026-04-19 04:37:00+00:00,75709.46,75631.58,exit_signal,12,-0.00102866933669854,-0.0020271414313143277,False
Scalp,2026-04-19 05:40:00+00:00,2026-04-19 05:48:00+00:00,75628.93,75593.79,exit_signal,8,-0.00046463701126009394,-0.0014636728563260926,False
Scalp,2026-04-19 05:57:00+00:00,2026-04-19 05:58:00+00:00,75543.17,75557.14,exit_signal,1,0.00018492737331521347,-0.0008147577115156235,False
Scalp,2026-04-19 06:06:00+00:00,2026-04-19 06:20:00+00:00,75468.85,75368.82,exit_signal,14,-0.0013254475190757065,-0.0023236229838243805,False
Scalp,2026-04-19 07:12:00+00:00,2026-04-19 07:13:00+00:00,75230.32,75273.46,exit_signal,1,0.0005734390070386564,-0.00042663439526724467,False
Scalp,2026-04-19 07:20:00+00:00,2026-04-19 07:27:00+00:00,75122.6,75008.24,exit_signal,7,-0.0015223115280887933,-0.0025202902272111194,False
Scalp,2026-04-19 09:49:00+00:00,2026-04-19 09:55:00+00:00,74952.14,75037.81,exit_signal,6,0.0011429960505464631,0.0001423533758333484,False
Scalp,2026-04-19 11:05:00+00:00,2026-04-19 11:07:00+00:00,75226.35,75238.76,exit_signal,2,0.00016496879085581284,-0.0008346963453668144,False
Scalp,2026-04-19 11:22:00+00:00,2026-04-19 11:26:00+00:00,75403.99,75424.42,exit_signal,4,0.00027094056959042767,-0.0007288304854515815,False
Scalp,2026-04-19 12:32:00+00:00,2026-04-19 12:35:00+00:00,75513.46,75540.85,exit_signal,3,0.0003627167924764585,-0.0006371459929231937,False
Scalp,2026-04-19 13:33:00+00:00,2026-04-19 13:40:00+00:00,76001.54,76037.66,exit_signal,7,0.0004752535277576797,-0.0005247217381372238,False
Scalp,2026-04-19 20:07:00+00:00,2026-04-19 20:09:00+00:00,74716.42,74769.19,exit_signal,2,0.0007062704556777266,-0.0002939357116941155,False
Scalp,2026-04-19 20:20:00+00:00,2026-04-19 20:26:00+00:00,74680.0,74716.58,exit_signal,6,0.0004898232458490082,-0.0005101665824824853,False
Scalp,2026-04-19 22:06:00+00:00,2026-04-19 22:08:00+00:00,73919.25,74174.82,exit_signal,2,0.003457421442993658,0.00245446549952244,False
Scalp,2026-04-19 22:23:00+00:00,2026-04-19 22:26:00+00:00,73848.18,73888.1,exit_signal,3,0.0005405685014852057,-0.00045947204674201547,False
Scalp,2026-04-20 01:58:00+00:00,2026-04-20 02:09:00+00:00,74576.0,74555.93,exit_signal,11,-0.00026912143316892845,-0.001268352696104369,False
Scalp,2026-04-20 05:22:00+00:00,2026-04-20 05:26:00+00:00,74201.4,74193.43,exit_signal,4,-0.00010741037231110084,-0.0011068032654919513,False
Scalp,2026-04-20 05:41:00+00:00,2026-04-20 05:43:00+00:00,74170.37,74211.76,exit_signal,2,0.000558039551373346,-0.0004420184591725773,False
Scalp,2026-04-20 06:53:00+00:00,2026-04-20 06:57:00+00:00,74699.78,74750.24,exit_signal,4,0.0006755039974684074,-0.0003246714188208655,False
Scalp,2026-04-20 07:30:00+00:00,2026-04-20 07:42:00+00:00,75211.02,74939.1,exit_signal,12,-0.003615427632812307,-0.004611314261864785,False
Scalp,2026-04-20 08:04:00+00:00,2026-04-20 08:11:00+00:00,74708.88,74765.26,exit_signal,7,0.0007546626318049032,-0.0002455919035591059,False
Scalp,2026-04-20 10:25:00+00:00,2026-04-20 10:26:00+00:00,75299.99,75328.9,exit_signal,1,0.000383930993881787,-0.0006159529951175191,False
Scalp,2026-04-20 10:29:00+00:00,2026-04-20 10:40:00+00:00,75287.92,75190.94,exit_signal,11,-0.001288121653513552,-0.0022863344254741014,False
Scalp,2026-04-20 10:59:00+00:00,2026-04-20 11:03:00+00:00,75014.66,75078.35,exit_signal,4,0.0008490340421458686,-0.00015131481746633035,False
Scalp,2026-04-20 12:28:00+00:00,2026-04-20 12:36:00+00:00,75445.67,75422.99,exit_signal,8,-0.00030061367338896083,-0.0012998134598222189,False
Scalp,2026-04-20 14:37:00+00:00,2026-04-20 14:46:00+00:00,75473.23,75323.29,exit_signal,9,-0.001986664675673766,-0.002984179253709085,False
Scalp,2026-04-20 18:22:00+00:00,2026-04-20 18:35:00+00:00,76188.73,76137.42,exit_signal,13,-0.0006734591848426286,-0.00167228631209404,False
Scalp,2026-04-20 21:33:00+00:00,2026-04-20 21:36:00+00:00,75821.55,75876.0,exit_signal,3,0.0007181335649297793,-0.00028208445962285555,False
Scalp,2026-04-20 22:11:00+00:00,2026-04-20 22:16:00+00:00,76069.12,76084.0,exit_signal,5,0.00019561157010894448,-0.0008040841935793575,False
Scalp,2026-04-20 22:21:00+00:00,2026-04-20 22:33:00+00:00,75939.72,75984.81,exit_signal,12,0.0005937604194483637,-0.00040633329411421393,False
Scalp,2026-04-21 02:04:00+00:00,2026-04-21 02:19:00+00:00,75780.34,75771.65,exit_signal,15,-0.00011467354197669533,-0.0011140591756177987,False
Scalp,2026-04-21 03:02:00+00:00,2026-04-21 03:05:00+00:00,75567.11,75616.79,exit_signal,3,0.000657428873487298,-0.0003427284767111294,False
Scalp,2026-04-21 03:15:00+00:00,2026-04-21 03:17:00+00:00,75568.07,75601.8,exit_signal,2,0.0004463525401667834,-0.0005535938391836304,False
Scalp,2026-04-21 05:20:00+00:00,2026-04-21 05:21:00+00:00,75879.74,75932.0,exit_signal,1,0.0006887213899255951,-0.0003114672371508087,False
Scalp,2026-04-21 05:48:00+00:00,2026-04-21 05:54:00+00:00,75804.29,75815.82,exit_signal,6,0.00015210220951900055,-0.0008475500665524605,False
Scalp,2026-04-21 07:48:00+00:00,2026-04-21 07:50:00+00:00,76144.44,76222.26,exit_signal,2,0.0010220050209837073,2.1483276834821652e-05,False
Scalp,2026-04-21 08:55:00+00:00,2026-04-21 09:09:00+00:00,76538.26,76430.0,exit_signal,14,-0.0014144559858035866,-0.002412542486567415,False
Scalp,2026-04-21 12:14:00+00:00,2026-04-21 12:19:00+00:00,76350.61,76326.67,exit_signal,5,-0.00031355348699901864,-0.0013127403400853277,False
Scalp,2026-04-21 12:42:00+00:00,2026-04-21 12:48:00+00:00,76021.32,75902.41,exit_signal,6,-0.0015641664732999327,-0.0025621033383939062,False
Scalp,2026-04-21 17:14:00+00:00,2026-04-21 17:22:00+00:00,75495.82,75278.0,exit_signal,8,-0.0028851928490876144,-0.0038818093479888738,False
Scalp,2026-04-21 17:49:00+00:00,2026-04-21 17:52:00+00:00,75664.7,75732.62,exit_signal,3,0.0008976444762220925,-0.00010275296953121682,False
Scalp,2026-04-21 19:40:00+00:00,2026-04-21 19:48:00+00:00,75255.2,74998.01,exit_signal,8,-0.0034175711445854073,-0.004413655531247285,False
Scalp,2026-04-21 20:31:00+00:00,2026-04-21 20:32:00+00:00,75680.55,75758.71,exit_signal,1,0.0010327620504873014,3.222955468484834e-05,False
Scalp,2026-04-21 20:39:00+00:00,2026-04-21 20:48:00+00:00,75721.31,75665.96,exit_signal,9,-0.0007309699211488496,-0.0017297395664049864,False
Scalp,2026-04-21 23:14:00+00:00,2026-04-21 23:17:00+00:00,75750.0,75798.93,exit_signal,3,0.0006459405940593133,-0.0003542052736008605,False
Scalp,2026-04-21 23:28:00+00:00,2026-04-21 23:33:00+00:00,75776.58,75815.26,exit_signal,5,0.0005104479510686932,-0.0004895624916610997,False
Scalp,2026-04-22 00:26:00+00:00,2026-04-22 00:34:00+00:00,76259.63,76306.03,exit_signal,8,0.0006084477462058313,-0.00039166064734330597,False
Scalp,2026-04-22 02:35:00+00:00,2026-04-22 02:36:00+00:00,77134.05,77196.55,exit_signal,1,0.0008102776918883503,-0.0001900324307421153,False
Scalp,2026-04-22 03:18:00+00:00,2026-04-22 03:22:00+00:00,77472.53,77474.98,exit_signal,4,3.16241124433958e-05,-0.0009679077457399599,False
Scalp,2026-04-22 05:52:00+00:00,2026-04-22 05:55:00+00:00,78070.0,78094.25,exit_signal,3,0.00031061867554749156,-0.0006891920377711802,False
Scalp,2026-04-22 12:23:00+00:00,2026-04-22 12:34:00+00:00,78295.09,78219.42,exit_signal,11,-0.0009664718438920916,-0.001965006104917566,False
Scalp,2026-04-22 14:20:00+00:00,2026-04-22 14:22:00+00:00,78804.81,79046.73,exit_signal,2,0.0030698633750909643,0.0020672947960054255,False
Scalp,2026-04-22 16:32:00+00:00,2026-04-22 16:33:00+00:00,78894.0,78956.41,exit_signal,1,0.0007910614241894987,-0.0002092294917765969,False
Scalp,2026-04-22 16:45:00+00:00,2026-04-22 16:50:00+00:00,78813.9,78842.07,exit_signal,5,0.0003574242614565737,-0.0006424332340568828,False
Scalp,2026-04-22 20:23:00+00:00,2026-04-22 20:26:00+00:00,78549.99,78587.42,exit_signal,3,0.00047651183660235574,-0.0005234646869725079,False
Scalp,2026-04-22 20:47:00+00:00,2026-04-22 20:58:00+00:00,78470.59,78468.2,exit_signal,11,-3.0457270679407067e-05,-0.0010299270785046888,False
Scalp,2026-04-22 21:54:00+00:00,2026-04-22 21:56:00+00:00,78737.33,78778.99,exit_signal,2,0.0005291009994878859,-0.00047092808696835853,False
Scalp,2026-04-22 22:30:00+00:00,2026-04-22 22:31:00+00:00,78541.6,78587.59,exit_signal,1,0.0005855495686362122,-0.0004145359381789726,False
Scalp,2026-04-23 00:11:00+00:00,2026-04-23 00:18:00+00:00,78094.13,77869.61,exit_signal,7,-0.0028749920128440243,-0.0038716187074837594,False
Scalp,2026-04-23 02:40:00+00:00,2026-04-23 02:45:00+00:00,77871.35,77872.01,exit_signal,5,8.475517632389185e-06,-0.0009910332035245606,False
Scalp,2026-04-23 05:19:00+00:00,2026-04-23 05:20:00+00:00,77941.54,77996.75,exit_signal,1,0.0007083514131231983,-0.0002918568341661043,False
Scalp,2026-04-23 08:38:00+00:00,2026-04-23 08:48:00+00:00,77831.58,77824.52,exit_signal,10,-9.070868148886024e-05,-0.0010901182680140842,False
Scalp,2026-04-23 12:17:00+00:00,2026-04-23 12:24:00+00:00,77662.08,77676.23,exit_signal,7,0.0001821996011437399,-0.0008174827572778876,False
Scalp,2026-04-23 15:31:00+00:00,2026-04-23 15:34:00+00:00,78362.18,78490.0,exit_signal,3,0.0016311440033955904,0.0006300134246817191,False
Scalp,2026-04-23 17:31:00+00:00,2026-04-23 17:35:00+00:00,77613.28,77662.99,exit_signal,4,0.0006404831750443929,-0.00035965723792408255,False
Scalp,2026-04-23 17:42:00+00:00,2026-04-23 17:45:00+00:00,77074.57,77191.87,exit_signal,3,0.0015219027495059212,0.0005208813574526516,False
Scalp,2026-04-23 21:50:00+00:00,2026-04-23 22:01:00+00:00,78024.0,77994.85,exit_signal,11,-0.0003736029939505059,-0.0013727298275396649,False
Scalp,2026-04-23 22:52:00+00:00,2026-04-23 22:56:00+00:00,78280.0,78276.0,exit_signal,4,-5.109862033725321e-05,-0.0010505477971284316,False
Scalp,2026-04-23 23:14:00+00:00,2026-04-23 23:20:00+00:00,78100.02,78082.34,exit_signal,6,-0.00022637638249012326,-0.0012256503691141507,False
Scalp,2026-04-23 23:59:00+00:00,2026-04-24 00:00:00+00:00,78244.12,78257.48,exit_signal,1,0.00017074765490376898,-0.0008289232572951111,False
Scalp,2026-04-24 00:44:00+00:00,2026-04-24 00:46:00+00:00,78399.99,78430.0,exit_signal,2,0.0003827806610690043,-0.0006171021781725683,False
Scalp,2026-04-24 01:18:00+00:00,2026-04-24 01:27:00+00:00,78118.25,78071.73,exit_signal,9,-0.0005955074518438908,-0.001594412491871977,False
Scalp,2026-04-24 02:07:00+00:00,2026-04-24 02:11:00+00:00,78343.81,78386.85,exit_signal,4,0.0005493733327497363,-0.00045067601590853545,False
Scalp,2026-04-24 03:17:00+00:00,2026-04-24 03:37:00+00:00,78064.0,77678.31,exit_signal,20,-0.004940689690510425,-0.005935251719805024,False
Scalp,2026-04-24 05:19:00+00:00,2026-04-24 05:22:00+00:00,77470.02,77579.71,exit_signal,3,0.0014159025646307555,0.0004149871197889343,False
Scalp,2026-04-24 06:09:00+00:00,2026-04-24 06:10:00+00:00,77908.1,77935.07,exit_signal,1,0.0003461770984019008,-0.0006536691555694141,False
Scalp,2026-04-24 11:21:00+00:00,2026-04-24 11:23:00+00:00,78118.29,78251.96,exit_signal,2,0.001711122964929368,0.0007099124472234042,False
Scalp,2026-04-24 14:04:00+00:00,2026-04-24 14:10:00+00:00,77894.01,77964.41,exit_signal,6,0.0009037922171424295,-9.661137327943159e-05,False
Scalp,2026-04-24 21:10:00+00:00,2026-04-24 21:13:00+00:00,77708.84,77731.19,exit_signal,3,0.00028761206575733667,-0.0007121756524490763,False
Scalp,2026-04-24 21:19:00+00:00,2026-04-24 21:20:00+00:00,77616.57,77631.96,exit_signal,1,0.0001982824028425867,-0.0008014160303435602,False
Scalp,2026-04-24 22:41:00+00:00,2026-04-24 22:47:00+00:00,77327.09,77380.66,exit_signal,6,0.0006927714465914114,-0.0003074212285174571,False
Scalp,2026-04-24 23:59:00+00:00,2026-04-25 00:02:00+00:00,77436.65,77483.22,exit_signal,3,0.0006013948175702666,-0.00039870652657503225,False
Scalp,2026-04-25 03:57:00+00:00,2026-04-25 04:00:00+00:00,77644.64,77679.08,exit_signal,3,0.0004435592720888337,-0.0005563843153894021,False
Scalp,2026-04-25 04:38:00+00:00,2026-04-25 04:43:00+00:00,77601.61,77611.4,exit_signal,5,0.0001261571763779834,-0.0008734691676260953,False
Scalp,2026-04-25 05:04:00+00:00,2026-04-25 05:08:00+00:00,77533.32,77528.0,exit_signal,4,-6.861566098304017e-05,-0.0010680473294876203,False
Scalp,2026-04-25 05:14:00+00:00,2026-04-25 05:20:00+00:00,77497.08,77505.0,exit_signal,6,0.00010219739892125546,-0.0008974049972795273,False
Scalp,2026-04-25 05:28:00+00:00,2026-04-25 05:35:00+00:00,77514.53,77508.21,exit_signal,7,-8.153310095526667e-05,-0.001080951858475454,False
Scalp,2026-04-25 08:51:00+00:00,2026-04-25 08:54:00+00:00,77618.0,77618.0,exit_signal,3,0.0,-0.0009995002498749406,False
Scalp,2026-04-25 10:01:00+00:00,2026-04-25 10:03:00+00:00,77730.69,77791.14,exit_signal,2,0.0007776851073879598,-0.00022259243894606762,False
Scalp,2026-04-25 10:38:00+00:00,2026-04-25 10:46:00+00:00,77851.08,77824.89,exit_signal,8,-0.0003364115179905758,-0.001335575524469168,False
Scalp,2026-04-25 10:51:00+00:00,2026-04-25 10:53:00+00:00,77784.54,77794.7,exit_signal,2,0.00013061721519469494,-0.0008690135866195048,False
Scalp,2026-04-25 11:37:00+00:00,2026-04-25 11:40:00+00:00,77638.12,77656.11,exit_signal,3,0.00023171606937433253,-0.000768015780769904,False
Scalp,2026-04-25 11:47:00+00:00,2026-04-25 11:50:00+00:00,77607.04,77658.68,exit_signal,3,0.0006654035510180734,-0.0003347617698724603,False
Scalp,2026-04-25 12:43:00+00:00,2026-04-25 12:52:00+00:00,77568.71,77561.4,exit_signal,9,-9.423903014516011e-05,-0.0010936450880860704,False
Scalp,2026-04-25 15:12:00+00:00,2026-04-25 15:14:00+00:00,77656.07,77670.39,exit_signal,2,0.00018440284191556522,-0.0008152817186459771,False
Scalp,2026-04-25 15:48:00+00:00,2026-04-25 16:02:00+00:00,77626.72,77389.27,exit_signal,14,-0.003058869420220267,-0.004055312329345306,False
Scalp,2026-04-25 17:18:00+00:00,2026-04-25 17:21:00+00:00,77326.99,77322.8,exit_signal,3,-5.418547909341598e-05,-0.0010536315705685917,False
Scalp,2026-04-25 19:46:00+00:00,2026-04-25 19:49:00+00:00,77200.0,77235.89,exit_signal,3,0.0004648963730569111,-0.0005350685408588296,False
Scalp,2026-04-25 20:19:00+00:00,2026-04-25 20:20:00+00:00,77352.33,77380.49,exit_signal,1,0.00036404850377480535,-0.0006358156126704539,False
Scalp,2026-04-25 22:41:00+00:00,2026-04-25 22:45:00+00:00,77583.06,77599.99,exit_signal,4,0.00021821773980046366,-0.0007815006187599227,False
Scalp,2026-04-25 23:47:00+00:00,2026-04-25 23:50:00+00:00,77614.16,77614.16,exit_signal,3,0.0,-0.0009995002498750516,False
Scalp,2026-04-26 00:26:00+00:00,2026-04-26 00:33:00+00:00,77480.55,77472.16,exit_signal,7,-0.00010828524061845535,-0.0011076772593683337,False
Scalp,2026-04-26 03:32:00+00:00,2026-04-26 03:42:00+00:00,77410.16,77359.99,exit_signal,10,-0.0006481061400726018,-0.0016469586076985898,False
Scalp,2026-04-26 04:30:00+00:00,2026-04-26 04:37:00+00:00,77481.97,77454.42,exit_signal,7,-0.00035556659181490424,-0.0013547114527925341,False
Scalp,2026-04-26 05:03:00+00:00,2026-04-26 05:07:00+00:00,77747.15,77752.23,exit_signal,4,6.534001567914949e-05,-0.0009342255415577538,False
Scalp,2026-04-26 05:34:00+00:00,2026-04-26 05:50:00+00:00,78064.17,78052.0,exit_signal,16,-0.00015589738544585785,-0.0011552418158451427,False
Scalp,2026-04-26 08:19:00+00:00,2026-04-26 08:24:00+00:00,78050.61,78047.54,exit_signal,5,-3.9333452999334995e-05,-0.0010387943890783902,False
Scalp,2026-04-26 09:11:00+00:00,2026-04-26 09:13:00+00:00,77979.83,77989.17,exit_signal,2,0.00011977456221679006,-0.0008798454023629665,False
Scalp,2026-04-26 09:43:00+00:00,2026-04-26 09:44:00+00:00,77926.6,77974.44,exit_signal,1,0.0006139110393625913,-0.00038620281474943674,False
Scalp,2026-04-26 12:44:00+00:00,2026-04-26 12:51:00+00:00,77957.28,77865.15,exit_signal,7,-0.0011818011095308112,-0.0021801201489015654,False
Scalp,2026-04-26 13:48:00+00:00,2026-04-26 13:52:00+00:00,77949.77,77944.55,exit_signal,4,-6.69662014397554e-05,-0.0010663995185794528,False
Scalp,2026-04-26 14:29:00+00:00,2026-04-26 14:34:00+00:00,78038.54,78066.19,exit_signal,5,0.00035431211296388376,-0.0006455422719564563,False
Scalp,2026-04-26 18:29:00+00:00,2026-04-26 18:31:00+00:00,78172.9,78183.44,exit_signal,2,0.00013482933343911263,-0.000864805678388314,False
Scalp,2026-04-26 18:36:00+00:00,2026-04-26 18:38:00+00:00,78150.6,78171.14,exit_signal,2,0.0002628258772163772,-0.0007369370671884701,False
Scalp,2026-04-26 19:03:00+00:00,2026-04-26 19:07:00+00:00,78234.65,78219.9,exit_signal,4,-0.0001885353868138484,-0.0011878471955226733,False
Scalp,2026-04-26 19:22:00+00:00,2026-04-26 19:30:00+00:00,78388.59,78194.78,exit_signal,8,-0.0024724261528367153,-0.0034694552121541378,False
Scalp,2026-04-26 22:30:00+00:00,2026-04-26 22:39:00+00:00,78524.36,78189.66,exit_signal,9,-0.004262371574884516,-0.005257611583305288,False
Scalp,2026-04-26 23:56:00+00:00,2026-04-27 00:01:00+00:00,78652.74,78784.27,exit_signal,5,0.0016722875770125434,0.0006711158752863433,False
Scalp,2026-04-27 00:12:00+00:00,2026-04-27 00:18:00+00:00,78608.44,78618.78,exit_signal,6,0.00013153803840904033,-0.0008680936837680564,False
Scalp,2026-04-27 01:11:00+00:00,2026-04-27 01:23:00+00:00,79162.24,79041.9,exit_signal,12,-0.0015201692119880539,-0.002518150052355783,False
Scalp,2026-04-27 05:07:00+00:00,2026-04-27 05:25:00+00:00,78729.25,77985.57,exit_signal,18,-0.009446044513316099,-0.010436103439339761,False
Scalp,2026-04-27 09:49:00+00:00,2026-04-27 09:53:00+00:00,77918.83,77930.95,exit_signal,4,0.00015554648343663047,-0.0008441092351872959,False
Scalp,2026-04-27 10:01:00+00:00,2026-04-27 10:11:00+00:00,77899.33,77834.08,exit_signal,10,-0.0008376195276647014,-0.0018362825766125024,False
Scalp,2026-04-27 14:54:00+00:00,2026-04-27 15:11:00+00:00,77868.41,77509.87,exit_signal,17,-0.004604434583934669,-0.0055993327002924476,False
Scalp,2026-04-27 15:17:00+00:00,2026-04-27 15:27:00+00:00,77335.92,76750.9,exit_signal,10,-0.007564660768243359,-0.008556600137790138,False
Scalp,2026-04-27 15:51:00+00:00,2026-04-27 15:55:00+00:00,76813.86,76848.96,exit_signal,4,0.00045694878502411385,-0.0005430081852758617,False
Scalp,2026-04-28 01:35:00+00:00,2026-04-28 01:36:00+00:00,77117.21,77220.97,exit_signal,1,0.0013454843607541012,0.0003446392989243652,False
Scalp,2026-04-28 04:28:00+00:00,2026-04-28 04:29:00+00:00,76721.28,76809.44,exit_signal,1,0.0011490944885175214,0.000148445718413992,False
Scalp,2026-04-28 05:34:00+00:00,2026-04-28 05:45:00+00:00,77035.27,76865.14,exit_signal,11,-0.0022084689259868062,-0.0032057618106183794,False
Scalp,2026-04-28 06:45:00+00:00,2026-04-28 06:48:00+00:00,76602.17,76670.42,exit_signal,3,0.000890966926916148,-0.00010942384462497845,False
Scalp,2026-04-28 07:16:00+00:00,2026-04-28 07:21:00+00:00,76527.18,76540.36,exit_signal,5,0.00017222639067604462,-0.0008274459995195604,False
Scalp,2026-04-28 09:37:00+00:00,2026-04-28 09:39:00+00:00,76659.41,76697.3,exit_signal,2,0.0004942641744829501,-0.0005057300925579433,False
Scalp,2026-04-28 09:49:00+00:00,2026-04-28 09:54:00+00:00,76560.04,76595.21,exit_signal,5,0.0004593780254034119,-0.0005405813729226772,False
Scalp,2026-04-28 11:13:00+00:00,2026-04-28 11:19:00+00:00,76459.63,76423.52,exit_signal,6,-0.00047227536936811365,-0.001471303579893335,False
Scalp,2026-04-28 11:51:00+00:00,2026-04-28 11:55:00+00:00,76163.94,76177.49,exit_signal,4,0.0001779057123358907,-0.0008217723543432198,False
Scalp,2026-04-28 14:39:00+00:00,2026-04-28 14:42:00+00:00,75713.13,75781.74,exit_signal,3,0.0009061836434447468,-9.422233720846052e-05,False
Scalp,2026-04-28 14:52:00+00:00,2026-04-28 14:54:00+00:00,75726.95,75788.54,exit_signal,2,0.0008133167914461392,-0.00018699636876506887,False
Scalp,2026-04-28 17:05:00+00:00,2026-04-28 17:13:00+00:00,76091.07,76057.23,exit_signal,8,-0.00044473024232682956,-0.0014437859842135747,False
Scalp,2026-04-28 17:45:00+00:00,2026-04-28 17:56:00+00:00,76192.44,76201.78,exit_signal,11,0.00012258434038847632,-0.000877038432565258,False
Scalp,2026-04-28 20:09:00+00:00,2026-04-28 20:11:00+00:00,76362.18,76386.96,exit_signal,2,0.0003245061887968692,-0.0006753184050950489,False
Scalp,2026-04-28 21:10:00+00:00,2026-04-28 21:18:00+00:00,76414.19,76373.65,exit_signal,8,-0.0005305297353803695,-0.0015294997206521943,False
Scalp,2026-04-28 21:48:00+00:00,2026-04-28 21:50:00+00:00,76313.47,76337.08,exit_signal,2,0.00030938181686668287,-0.0006904276602115456,False
Scalp,2026-04-28 22:52:00+00:00,2026-04-28 22:59:00+00:00,76258.39,76242.17,exit_signal,7,-0.00021269790773181807,-0.0012119855659948886,False
Scalp,2026-04-28 23:20:00+00:00,2026-04-28 23:24:00+00:00,76296.66,76310.31,exit_signal,4,0.00017890691414268467,-0.0008207721532377255,False
Scalp,2026-04-29 01:10:00+00:00,2026-04-29 01:27:00+00:00,76357.93,76261.74,exit_signal,17,-0.001259725086837582,-0.0022579662411734702,False
Scalp,2026-04-29 02:05:00+00:00,2026-04-29 02:08:00+00:00,76545.77,76606.64,exit_signal,3,0.0007952104995481157,-0.00020508456341983283,False
Scalp,2026-04-29 03:35:00+00:00,2026-04-29 03:36:00+00:00,76815.35,76853.99,exit_signal,1,0.0005030244606059053,-0.0004969785623432088,False
Scalp,2026-04-29 03:54:00+00:00,2026-04-29 03:58:00+00:00,76967.27,76981.64,exit_signal,4,0.00018670273741028254,-0.0008129841218973421,False
Scalp,2026-04-29 06:35:00+00:00,2026-04-29 06:39:00+00:00,77048.34,77051.47,exit_signal,4,4.062384731451374e-05,-0.0009589170061058416,False
Scalp,2026-04-29 07:24:00+00:00,2026-04-29 07:28:00+00:00,77050.29,77090.86,exit_signal,4,0.0005265392252256085,-0.00047348730073648593,False
Scalp,2026-04-29 07:48:00+00:00,2026-04-29 07:50:00+00:00,77050.37,77101.46,exit_signal,2,0.0006630727405982917,-0.00033709025064665443,False
Scalp,2026-04-29 09:59:00+00:00,2026-04-29 10:07:00+00:00,77647.23,77763.09,exit_signal,8,0.0014921330741612948,0.0004911414369057621,False
Scalp,2026-04-29 10:39:00+00:00,2026-04-29 10:47:00+00:00,77717.89,77613.0,exit_signal,8,-0.0013496249061830667,-0.0023477762056270945,False
Scalp,2026-04-29 12:35:00+00:00,2026-04-29 12:38:00+00:00,77034.36,77080.0,exit_signal,3,0.0005924628957778566,-0.00040762952090933613,False
Scalp,2026-04-29 14:02:00+00:00,2026-04-29 14:11:00+00:00,76695.3,76653.49,exit_signal,9,-0.0005451442265692608,-0.001544099604653626,False
Scalp,2026-04-29 15:23:00+00:00,2026-04-29 15:27:00+00:00,76234.92,76276.68,exit_signal,4,0.000547780465959713,-0.0004522672906278613,False
Scalp,2026-04-29 15:39:00+00:00,2026-04-29 15:46:00+00:00,76006.09,76040.2,exit_signal,7,0.0004487798280374822,-0.0005511689773876061,False
Scalp,2026-04-29 15:55:00+00:00,2026-04-29 15:59:00+00:00,75775.47,75900.0,exit_signal,4,0.0016434078204992097,0.0006422649840969186,False
Scalp,2026-04-29 18:30:00+00:00,2026-04-29 18:34:00+00:00,75150.37,75138.0,exit_signal,4,-0.00016460331466094935,-0.0011639390434816654,False
Scalp,2026-04-30 01:05:00+00:00,2026-04-30 01:10:00+00:00,76245.67,76281.23,exit_signal,5,0.0004663871404106956,-0.0005335792635277059,False
Scalp,2026-04-30 02:35:00+00:00,2026-04-30 02:43:00+00:00,75757.76,75668.04,exit_signal,8,-0.0011843011197797404,-0.0021826176603894076,False
Scalp,2026-04-30 04:36:00+00:00,2026-04-30 04:44:00+00:00,75521.56,75465.5,exit_signal,8,-0.0007423045816320473,-0.0017410628978921094,False
Scalp,2026-04-30 06:42:00+00:00,2026-04-30 06:50:00+00:00,75785.9,75749.19,exit_signal,8,-0.0004843908959317744,-0.001483406996985237,False
Scalp,2026-04-30 07:54:00+00:00,2026-04-30 07:56:00+00:00,76099.94,76132.92,exit_signal,2,0.0004333774770386434,-0.0005665559337328929,False
Scalp,2026-04-30 08:10:00+00:00,2026-04-30 08:18:00+00:00,76113.51,76092.07,exit_signal,8,-0.00028168455245314306,-0.0012809032585474611,False
Scalp,2026-04-30 10:27:00+00:00,2026-04-30 10:31:00+00:00,76009.63,76043.83,exit_signal,4,0.0004499429874871286,-0.0005500069805161045,False
Scalp,2026-04-30 11:21:00+00:00,2026-04-30 11:30:00+00:00,76142.64,76109.21,exit_signal,9,-0.0004390444040289765,-0.0014381058289124615,False
Scalp,2026-04-30 12:40:00+00:00,2026-04-30 12:47:00+00:00,76343.24,76293.96,exit_signal,7,-0.0006455057448438994,-0.0016443608115654929,False
Scalp,2026-04-30 13:50:00+00:00,2026-04-30 13:56:00+00:00,76469.35,76535.02,exit_signal,6,0.0008587754440176898,-0.00014158315212808859,False
Scalp,2026-04-30 17:19:00+00:00,2026-04-30 17:30:00+00:00,76135.81,76143.12,exit_signal,11,9.601263846792385e-05,-0.0009035835760630162,False
Scalp,2026-04-30 22:38:00+00:00,2026-04-30 22:42:00+00:00,76304.3,76315.2,exit_signal,4,0.0001428490923840453,-0.0008567939351944442,False
Scalp,2026-05-01 02:01:00+00:00,2026-05-01 02:07:00+00:00,76688.01,76671.0,exit_signal,6,-0.000221807815850128,-0.001221086368757729,False
Scalp,2026-05-01 03:41:00+00:00,2026-05-01 03:44:00+00:00,77123.2,77180.14,exit_signal,3,0.0007382992406954614,-0.0002619389394550309,False
Scalp,2026-05-01 04:57:00+00:00,2026-05-01 05:04:00+00:00,77042.47,77075.15,exit_signal,7,0.00042418162346025134,-0.000575742596053197,False
Scalp,2026-05-01 08:45:00+00:00,2026-05-01 08:59:00+00:00,77370.67,77377.47,exit_signal,14,8.788860171438095e-05,-0.0009116994928399791,False
Scalp,2026-05-01 09:51:00+00:00,2026-05-01 09:52:00+00:00,77206.54,77228.2,exit_signal,1,0.00028054618170947343,-0.0007192344741440149,False
Scalp,2026-05-01 11:29:00+00:00,2026-05-01 11:31:00+00:00,77352.95,77419.51,exit_signal,2,0.0008604713847371048,-0.00013988890650185049,False
Scalp,2026-05-01 12:45:00+00:00,2026-05-01 12:47:00+00:00,77959.08,78031.65,exit_signal,2,0.0009308729656634096,-6.955769197336537e-05,False
Scalp,2026-05-01 13:28:00+00:00,2026-05-01 13:33:00+00:00,78316.27,78349.97,exit_signal,5,0.000430306499530575,-0.0005696238417979282,False
Scalp,2026-05-01 13:41:00+00:00,2026-05-01 13:45:00+00:00,78184.16,78259.07,exit_signal,4,0.0009581224636807661,-4.2335429836337646e-05,False
Scalp,2026-05-01 15:53:00+00:00,2026-05-01 15:56:00+00:00,78320.36,78379.11,exit_signal,3,0.0007501242333411984,-0.0002501257658923395,False
Scalp,2026-05-01 18:03:00+00:00,2026-05-01 18:05:00+00:00,78493.84,78549.3,exit_signal,2,0.0007065522593876494,-0.0002936541896471079,False
Scalp,2026-05-01 20:32:00+00:00,2026-05-01 20:46:00+00:00,78145.27,78031.06,exit_signal,14,-0.0014615088027721823,-0.0024595482742333363,False
Scalp,2026-05-01 22:33:00+00:00,2026-05-01 22:45:00+00:00,78345.99,78263.6,exit_signal,12,-0.0010516173195335154,-0.0020500664776349486,False
Scalp,2026-05-01 23:31:00+00:00,2026-05-01 23:34:00+00:00,78046.98,78068.0,exit_signal,3,0.00026932496299036934,-0.0007304444772524565,False
Scalp,2026-05-02 00:15:00+00:00,2026-05-02 00:20:00+00:00,78200.09,78194.34,exit_signal,5,-7.35293271401094e-05,-0.0010729560844342512,False
Scalp,2026-05-02 00:31:00+00:00,2026-05-02 00:33:00+00:00,78300.0,78339.99,exit_signal,2,0.000510727969348812,-0.0004892827532591015,False
Scalp,2026-05-02 05:14:00+00:00,2026-05-02 05:18:00+00:00,78074.85,78106.15,exit_signal,4,0.0004008973440228214,-0.000599003602847592,False
Scalp,2026-05-02 07:07:00+00:00,2026-05-02 07:09:00+00:00,78315.0,78315.0,exit_signal,2,0.0,-0.0009995002498750516,False
Scalp,2026-05-02 07:14:00+00:00,2026-05-02 07:15:00+00:00,78305.87,78320.08,exit_signal,1,0.00018146787718475998,-0.0008182137498787823,False
Scalp,2026-05-02 07:45:00+00:00,2026-05-02 07:46:00+00:00,78227.11,78241.17,exit_signal,1,0.0001797330874169223,-0.0008199468057238368,False
Scalp,2026-05-02 08:47:00+00:00,2026-05-02 08:50:00+00:00,78327.41,78329.3,exit_signal,3,2.4129484174073568e-05,-0.0009753948831262571,False
Scalp,2026-05-02 08:59:00+00:00,2026-05-02 09:00:00+00:00,78302.34,78315.36,exit_signal,1,0.00016627855565998217,-0.0008333878896727986,False
Scalp,2026-05-02 11:15:00+00:00,2026-05-02 11:18:00+00:00,78170.58,78191.01,exit_signal,3,0.00026135152124995287,-0.0007384099495357788,False
Scalp,2026-05-02 11:48:00+00:00,2026-05-02 11:53:00+00:00,78121.95,78129.51,exit_signal,5,9.677177797007275e-05,-0.0009028251953211441,False
Scalp,2026-05-02 13:27:00+00:00,2026-05-02 13:33:00+00:00,78306.79,78307.46,exit_signal,6,8.556090729916477e-06,-0.000990952710959836,False
Scalp,2026-05-02 16:27:00+00:00,2026-05-02 16:38:00+00:00,78509.66,78483.36,exit_signal,11,-0.0003349906240837086,-0.0013341560507461603,False
Scalp,2026-05-02 18:08:00+00:00,2026-05-02 18:17:00+00:00,78343.49,78328.33,exit_signal,9,-0.0001935068248810623,-0.0011928136646363052,False
Scalp,2026-05-02 18:41:00+00:00,2026-05-02 18:47:00+00:00,78420.9,78437.2,exit_signal,6,0.00020785275353896182,-0.0007918552452150784,False
Scalp,2026-05-02 19:01:00+00:00,2026-05-02 19:05:00+00:00,78461.68,78456.67,exit_signal,4,-6.385282599086217e-05,-0.0010632892549502504,False
Scalp,2026-05-02 20:46:00+00:00,2026-05-02 20:51:00+00:00,78430.0,78428.41,exit_signal,5,-2.027285477490537e-05,-0.0010197528419264579,False
Scalp,2026-05-02 21:13:00+00:00,2026-05-02 21:19:00+00:00,78493.98,78472.56,exit_signal,6,-0.0002728871691816126,-0.0012721146682628248,False
Scalp,2026-05-02 21:52:00+00:00,2026-05-02 22:01:00+00:00,78760.34,78789.99,exit_signal,9,0.0003764585069085946,-0.0006234180133380951,False
Scalp,2026-05-02 23:38:00+00:00,2026-05-02 23:54:00+00:00,78740.21,78669.99,exit_signal,16,-0.0008917934051738685,-0.001890402307317518,False
Scalp,2026-05-03 00:56:00+00:00,2026-05-03 00:57:00+00:00,78501.81,78525.99,exit_signal,1,0.00030801837562743906,-0.0006917897386909955,False
Scalp,2026-05-03 01:03:00+00:00,2026-05-03 01:08:00+00:00,78338.0,78411.33,exit_signal,5,0.0009360718935893519,-6.436396037723391e-05,False
Scalp,2026-05-03 01:21:00+00:00,2026-05-03 01:26:00+00:00,78291.46,78271.23,exit_signal,5,-0.00025839344418931987,-0.001257635429752102,False
Scalp,2026-05-03 01:33:00+00:00,2026-05-03 01:41:00+00:00,78250.0,78221.7,exit_signal,8,-0.0003616613418531145,-0.0013608001111266033,False
Scalp,2026-05-03 06:17:00+00:00,2026-05-03 06:20:00+00:00,78150.85,78150.0,exit_signal,3,-1.0876401216441955e-05,-0.0010103657801258104,False
Scalp,2026-05-03 06:25:00+00:00,2026-05-03 06:29:00+00:00,78125.01,78114.99,exit_signal,4,-0.0001282559835831254,-0.0011276280415705164,False
Scalp,2026-05-03 06:41:00+00:00,2026-05-03 06:47:00+00:00,78151.76,78140.0,exit_signal,6,-0.0001504764575999129,-0.0011498263062177383,False
Scalp,2026-05-03 07:16:00+00:00,2026-05-03 07:22:00+00:00,78361.34,78346.75,exit_signal,6,-0.0001861887507282889,-0.0011855029049004928,False
Scalp,2026-05-03 07:36:00+00:00,2026-05-03 07:39:00+00:00,78389.61,78408.35,exit_signal,3,0.0002390622940975362,-0.0007606768986000434,False
Scalp,2026-05-03 08:14:00+00:00,2026-05-03 08:16:00+00:00,78450.55,78467.58,exit_signal,2,0.00021707942136806047,-0.0007826377994428757,False
Scalp,2026-05-03 10:29:00+00:00,2026-05-03 10:32:00+00:00,78430.6,78456.04,exit_signal,3,0.0003243631949774173,-0.0006754612559920492,False
Scalp,2026-05-03 11:58:00+00:00,2026-05-03 12:03:00+00:00,78665.99,78731.64,exit_signal,5,0.0008345410767727213,-0.0001657932971168563,False
Scalp,2026-05-03 13:44:00+00:00,2026-05-03 13:47:00+00:00,78587.0,78660.94,exit_signal,3,0.0009408680825073734,-5.957256525135346e-05,False
Scalp,2026-05-03 15:52:00+00:00,2026-05-03 15:55:00+00:00,78634.79,78669.14,exit_signal,3,0.00043682955088963915,-0.0005631073102304596,False
Scalp,2026-05-03 16:13:00+00:00,2026-05-03 16:18:00+00:00,78623.89,78647.1,exit_signal,5,0.00029520289571038916,-0.0007045924095328004,False
Scalp,2026-05-03 17:03:00+00:00,2026-05-03 17:06:00+00:00,78583.28,78625.3,exit_signal,3,0.000534719344878587,-0.00046531535711524796,False
Scalp,2026-05-03 17:31:00+00:00,2026-05-03 17:34:00+00:00,78741.74,78764.9,exit_signal,3,0.00029412608865375667,-0.000705668140320248,False
Scalp,2026-05-03 19:49:00+00:00,2026-05-03 19:51:00+00:00,78770.0,78786.32,exit_signal,2,0.00020718547670450782,-0.0007925218551062541,False
Scalp,2026-05-03 20:50:00+00:00,2026-05-03 20:54:00+00:00,78846.12,78891.61,exit_signal,4,0.0005769465891283243,-0.0004231303190066482,False
Scalp,2026-05-03 21:44:00+00:00,2026-05-03 21:48:00+00:00,78747.12,78737.53,exit_signal,4,-0.00012178223152792267,-0.0011211607600319917,False
Scalp,2026-05-03 22:25:00+00:00,2026-05-03 22:28:00+00:00,79012.01,79087.78,exit_signal,3,0.0009589681366162228,-4.149060215108413e-05,False
Scalp,2026-05-03 23:30:00+00:00,2026-05-03 23:31:00+00:00,78657.46,78701.75,exit_signal,1,0.0005630743733651133,-0.0004369886694866043,False
Scalp,2026-05-03 23:36:00+00:00,2026-05-03 23:39:00+00:00,78639.86,78688.02,exit_signal,3,0.0006124120770307773,-0.00038770027886836367,False
Scalp,2026-05-04 00:24:00+00:00,2026-05-04 00:28:00+00:00,78338.97,78375.39,exit_signal,4,0.00046490271700028174,-0.0005350622032564978,False
Scalp,2026-05-04 05:22:00+00:00,2026-05-04 05:26:00+00:00,80051.08,80097.05,exit_signal,4,0.0005742583360524023,-0.0004258158851728755,False
Scalp,2026-05-04 06:18:00+00:00,2026-05-04 06:30:00+00:00,79843.0,79704.25,exit_signal,12,-0.0017377854038550522,-0.00273554873678461,False
Scalp,2026-05-04 07:01:00+00:00,2026-05-04 07:04:00+00:00,79835.48,79918.58,exit_signal,3,0.0010408905915015865,4.034997122026596e-05,False
Scalp,2026-05-04 08:08:00+00:00,2026-05-04 08:10:00+00:00,79635.66,79721.57,exit_signal,2,0.001078788070570491,7.820957174931031e-05,False
Scalp,2026-05-04 10:05:00+00:00,2026-05-04 10:29:00+00:00,79231.4,78450.01,exit_signal,24,-0.009862125369487384,-0.01085176842259128,False
Scalp,2026-05-04 10:56:00+00:00,2026-05-04 11:00:00+00:00,78902.32,78940.27,exit_signal,4,0.00048097445043437936,-0.0005190065335239913,False
Scalp,2026-05-04 11:43:00+00:00,2026-05-04 11:46:00+00:00,78752.84,78759.79,exit_signal,3,8.825078562235689e-05,-0.0009113376709347643,False
Scalp,2026-05-04 14:59:00+00:00,2026-05-04 15:02:00+00:00,80264.21,80322.33,exit_signal,3,0.0007241085410296666,-0.0002761154555130929,False
Scalp,2026-05-04 19:28:00+00:00,2026-05-04 19:31:00+00:00,79921.13,79950.6,exit_signal,3,0.0003687385300983337,-0.0006311302740296121,False
Scalp,2026-05-04 21:56:00+00:00,2026-05-04 22:01:00+00:00,80304.3,80350.96,exit_signal,5,0.0005810398695960117,-0.00041904112977364516,False
Scalp,2026-05-04 22:56:00+00:00,2026-05-04 23:15:00+00:00,80084.93,79930.09,exit_signal,19,-0.0019334474038997795,-0.0029310151726112954,False
Scalp,2026-05-04 23:26:00+00:00,2026-05-04 23:27:00+00:00,79886.57,79923.12,exit_signal,1,0.00045752371143215065,-0.0005424338335067169,False
Scalp,2026-05-04 23:45:00+00:00,2026-05-04 23:50:00+00:00,79772.8,79799.25,exit_signal,5,0.0003315666492840208,-0.000668265001539714,False
Scalp,2026-05-05 01:03:00+00:00,2026-05-05 01:06:00+00:00,80108.44,80165.38,exit_signal,3,0.0007107865288602522,-0.00028942415232791063,False
Scalp,2026-05-05 02:51:00+00:00,2026-05-05 03:00:00+00:00,80597.54,80554.69,exit_signal,9,-0.000531653943780297,-0.0015306228054056126,False
Scalp,2026-05-05 03:29:00+00:00,2026-05-05 03:35:00+00:00,80769.0,80821.0,exit_signal,6,0.0006438113632705189,-0.0003563323762229009,False
Scalp,2026-05-05 08:40:00+00:00,2026-05-05 08:47:00+00:00,80789.44,80799.85,exit_signal,7,0.00012885347391944357,-0.0008707755650348981,False
Scalp,2026-05-05 09:51:00+00:00,2026-05-05 09:55:00+00:00,80572.24,80588.0,exit_signal,4,0.00019560086699832446,-0.0008040948859919794,False
Scalp,2026-05-05 11:52:00+00:00,2026-05-05 11:56:00+00:00,80910.1,80930.2,exit_signal,4,0.00024842386797185867,-0.0007513246816212016,False
Scalp,2026-05-05 12:48:00+00:00,2026-05-05 12:51:00+00:00,81242.42,81310.56,exit_signal,3,0.000838724400380908,-0.00016161415474169605,False
Scalp,2026-05-05 13:27:00+00:00,2026-05-05 13:30:00+00:00,81457.11,81460.28,exit_signal,3,3.891618546258968e-05,-0.0009606229611496264,False
Scalp,2026-05-05 16:36:00+00:00,2026-05-05 16:46:00+00:00,81254.08,81139.99,exit_signal,10,-0.001404114107254606,-0.002402210944728478,False
Scalp,2026-05-05 18:21:00+00:00,2026-05-05 18:29:00+00:00,81466.5,81476.1,exit_signal,8,0.00011783984828128702,-0.0008817781825515292,False
Scalp,2026-05-06 00:22:00+00:00,2026-05-06 00:27:00+00:00,81003.18,81060.0,exit_signal,5,0.0007014539429193167,-0.0002987474103468557,False
Scalp,2026-05-06 01:57:00+00:00,2026-05-06 02:00:00+00:00,81438.05,81439.34,exit_signal,3,1.5840261401001143e-05,-0.000983675820819041,False
Scalp,2026-05-06 02:08:00+00:00,2026-05-06 02:10:00+00:00,81278.81,81321.49,exit_signal,2,0.0005251061131432699,-0.0004749189804230669,False
Scalp,2026-05-06 03:11:00+00:00,2026-05-06 03:13:00+00:00,81392.66,81417.82,exit_signal,2,0.0003091187829467046,-0.0006906904312289353,False
Scalp,2026-05-06 03:42:00+00:00,2026-05-06 03:48:00+00:00,81575.4,81543.0,exit_signal,6,-0.00039717856118381967,-0.0013962818309877223,False
Scalp,2026-05-06 04:42:00+00:00,2026-05-06 04:44:00+00:00,81365.47,81394.56,exit_signal,2,0.0003575226690142319,-0.0006423349248576571,False
Scalp,2026-05-06 05:04:00+00:00,2026-05-06 05:05:00+00:00,81271.76,81345.49,exit_signal,1,0.0009072031908747835,-9.320380881616686e-05,False
Scalp,2026-05-06 07:16:00+00:00,2026-05-06 07:20:00+00:00,81492.1,81503.11,exit_signal,4,0.00013510512061909452,-0.0008645301668578353,False
Scalp,2026-05-06 08:41:00+00:00,2026-05-06 08:43:00+00:00,81652.0,81723.51,exit_signal,2,0.0008757899377846989,-0.0001245856643519172,False
Scalp,2026-05-06 08:48:00+00:00,2026-05-06 08:52:00+00:00,81672.34,81804.29,exit_signal,4,0.0016156020508288904,0.0006144870063005126,False
Scalp,2026-05-06 09:03:00+00:00,2026-05-06 09:07:00+00:00,81793.99,81905.25,exit_signal,4,0.0013602466391477996,0.00035938682241742903,False
Scalp,2026-05-06 09:48:00+00:00,2026-05-06 09:52:00+00:00,81848.7,81890.0,exit_signal,4,0.0005045895658697397,-0.0004954150214023789,False
Scalp,2026-05-06 13:48:00+00:00,2026-05-06 13:55:00+00:00,81675.84,81735.6,exit_signal,7,0.000731672915760706,-0.0002685586413762042,False
Scalp,2026-05-06 14:02:00+00:00,2026-05-06 14:10:00+00:00,81589.01,81429.93,exit_signal,8,-0.001949772401944827,-0.0029473238538167967,False
Scalp,2026-05-06 20:34:00+00:00,2026-05-06 20:38:00+00:00,81357.88,81375.57,exit_signal,4,0.00021743437759202955,-0.0007822831979977796,False
Scalp,2026-05-06 20:45:00+00:00,2026-05-06 20:47:00+00:00,81367.67,81370.01,exit_signal,2,2.8758350828939072e-05,-0.0009707706430246432,False
Scalp,2026-05-06 21:48:00+00:00,2026-05-06 21:51:00+00:00,81551.55,81586.19,exit_signal,3,0.00042476200636287764,-0.0005751627932437664,False
Scalp,2026-05-06 22:11:00+00:00,2026-05-06 22:12:00+00:00,81382.28,81406.71,exit_signal,1,0.00030018819821719944,-0.0006996120898368208,False
Scalp,2026-05-06 22:18:00+00:00,2026-05-06 22:25:00+00:00,81355.74,81307.49,exit_signal,7,-0.0005930743178047537,-0.0015919817897508404,False
Scalp,2026-05-06 22:30:00+00:00,2026-05-06 22:31:00+00:00,81250.0,81296.25,exit_signal,1,0.0005692307692308773,-0.0004308384269402499,False
Scalp,2026-05-07 00:39:00+00:00,2026-05-07 00:49:00+00:00,81108.88,81109.93,exit_signal,10,1.2945561570942843e-05,-0.0009865676273959068,False
Scalp,2026-05-07 02:11:00+00:00,2026-05-07 02:19:00+00:00,81022.83,80962.93,exit_signal,8,-0.0007392978003855077,-0.0017380591219242625,False
Scalp,2026-05-07 02:27:00+00:00,2026-05-07 02:33:00+00:00,80900.75,81007.09,exit_signal,6,0.0013144501132560382,0.0003136360701643248,False
Scalp,2026-05-07 03:07:00+00:00,2026-05-07 03:09:00+00:00,81052.0,81093.43,exit_signal,2,0.0005111533336623619,-0.0004888578140973543,False
Scalp,2026-05-07 04:09:00+00:00,2026-05-07 04:11:00+00:00,80780.53,80832.87,exit_signal,2,0.0006479284055205259,-0.0003522194489576913,False
Scalp,2026-05-07 05:10:00+00:00,2026-05-07 05:11:00+00:00,81037.1,81061.4,exit_signal,1,0.0002998626554995276,-0.0006999373071743253,False
Scalp,2026-05-07 05:23:00+00:00,2026-05-07 05:29:00+00:00,81089.9,81126.0,exit_signal,6,0.00044518491205436383,-0.0005547603002513668,False
Scalp,2026-05-07 05:36:00+00:00,2026-05-07 05:39:00+00:00,81066.03,81076.77,exit_signal,3,0.00013248459311498983,-0.0008671480751437644,False
Scalp,2026-05-07 07:27:00+00:00,2026-05-07 07:32:00+00:00,81590.0,81622.62,exit_signal,5,0.0003998038975363549,-0.0006000959564339547,False
Scalp,2026-05-07 08:49:00+00:00,2026-05-07 08:50:00+00:00,81206.55,81259.36,exit_signal,1,0.0006503170002911673,-0.00034983324158810447,False
Scalp,2026-05-07 09:05:00+00:00,2026-05-07 09:08:00+00:00,81137.31,81146.05,exit_signal,3,0.0001077186315396883,-0.0008918892831344394,False
Scalp,2026-05-07 09:29:00+00:00,2026-05-07 09:32:00+00:00,81005.19,81078.02,exit_signal,3,0.0008990781948663429,-0.00010132068388912785,False
Scalp,2026-05-07 09:41:00+00:00,2026-05-07 09:48:00+00:00,80927.5,80931.61,exit_signal,7,5.0786197522523224e-05,-0.0009487648131696336,False
Scalp,2026-05-07 10:30:00+00:00,2026-05-07 10:32:00+00:00,80614.46,80727.63,exit_signal,2,0.0014038424372004865,0.00040293904645882783,False
Scalp,2026-05-07 13:42:00+00:00,2026-05-07 13:53:00+00:00,80648.36,80500.0,exit_signal,11,-0.0018395910344611854,-0.002837252612637564,False
Scalp,2026-05-07 20:59:00+00:00,2026-05-07 21:02:00+00:00,79859.51,79895.17,exit_signal,3,0.00044653416981899063,-0.0005534123910702071,False
Scalp,2026-05-07 21:10:00+00:00,2026-05-07 21:13:00+00:00,79672.84,79753.26,exit_signal,3,0.0010093778507205275,8.868727431554646e-06,False
Scalp,2026-05-07 22:04:00+00:00,2026-05-07 22:11:00+00:00,79692.54,79693.85,exit_signal,7,1.6438176020150408e-05,-0.0009830785038157375,False
Scalp,2026-05-07 22:37:00+00:00,2026-05-07 22:40:00+00:00,79787.65,79833.69,exit_signal,3,0.000577031658408389,-0.00042304533475334694,False
Scalp,2026-05-07 23:15:00+00:00,2026-05-07 23:17:00+00:00,79958.29,79965.76,exit_signal,2,9.342370878617778e-05,-0.00090616991810899,False
Scalp,2026-05-07 23:56:00+00:00,2026-05-07 23:58:00+00:00,80026.86,80039.96,exit_signal,2,0.00016369503939062113,-0.0008359688237170593,False
Scalp,2026-05-08 00:19:00+00:00,2026-05-08 00:20:00+00:00,79996.53,80101.15,exit_signal,1,0.0013078067261167448,0.0003069993230919721,False
Scalp,2026-05-08 00:48:00+00:00,2026-05-08 00:59:00+00:00,79859.51,79792.41,exit_signal,11,-0.00084022554107821,-0.0018388859853148976,False
Scalp,2026-05-08 05:50:00+00:00,2026-05-08 06:11:00+00:00,79687.22,79516.23,exit_signal,21,-0.002145764402372241,-0.0031431199601907878,False
Scalp,2026-05-08 07:16:00+00:00,2026-05-08 07:29:00+00:00,79336.27,79306.98,exit_signal,13,-0.0003691880145110238,-0.0013683192608732186,False
Scalp,2026-05-08 08:24:00+00:00,2026-05-08 08:25:00+00:00,79713.16,79739.27,exit_signal,1,0.00032754942847579294,-0.0006722782071346689,False
Scalp,2026-05-08 09:03:00+00:00,2026-05-08 09:06:00+00:00,79863.04,79869.98,exit_signal,3,8.689877069545382e-05,-0.0009126883345225156,False
Scalp,2026-05-08 09:19:00+00:00,2026-05-08 09:20:00+00:00,79955.77,79972.87,exit_signal,1,0.0002138682424044358,-0.0007858457688323384,False
Scalp,2026-05-08 09:49:00+00:00,2026-05-08 09:51:00+00:00,79801.16,79814.26,exit_signal,2,0.00016415801474556346,-0.0008355063111061822,False
Scalp,2026-05-08 13:28:00+00:00,2026-05-08 13:32:00+00:00,79649.99,79699.42,exit_signal,4,0.0006205901595215391,-0.0003795303703729713,False
Scalp,2026-05-08 13:44:00+00:00,2026-05-08 13:49:00+00:00,79633.07,79640.16,exit_signal,5,8.903336264687312e-05,-0.0009105558760961197,False
Scalp,2026-05-08 15:26:00+00:00,2026-05-08 15:30:00+00:00,79686.33,79713.72,exit_signal,4,0.00034372269371663045,-0.0006561211070765793,False
Scalp,2026-05-08 20:20:00+00:00,2026-05-08 20:22:00+00:00,80205.63,80262.79,exit_signal,2,0.000712668175538056,-0.0002875443863561422,False
Scalp,2026-05-08 22:23:00+00:00,2026-05-08 22:25:00+00:00,80306.25,80350.98,exit_signal,2,0.0005569927620825421,-0.00044306420219719644,False
Scalp,2026-05-08 23:17:00+00:00,2026-05-08 23:19:00+00:00,80181.29,80225.07,exit_signal,2,0.000546012667045126,-0.0004540333226269455,False
Scalp,2026-05-09 01:21:00+00:00,2026-05-09 01:28:00+00:00,80296.01,80279.52,exit_signal,7,-0.00020536512337276935,-0.0012046601107554844,False
Scalp,2026-05-09 01:41:00+00:00,2026-05-09 01:42:00+00:00,80363.16,80392.55,exit_signal,1,0.00036571483749514577,-0.0006341509444511839,False
Scalp,2026-05-09 03:43:00+00:00,2026-05-09 03:45:00+00:00,80313.87,80347.61,exit_signal,2,0.00042010178316642666,-0.0005798183585457028,False
Scalp,2026-05-09 04:45:00+00:00,2026-05-09 04:46:00+00:00,80409.99,80438.81,exit_signal,1,0.00035841317726803545,-0.0006414453066670989,False
Scalp,2026-05-09 05:50:00+00:00,2026-05-09 05:56:00+00:00,80400.68,80401.98,exit_signal,6,1.6169017476030945e-05,-0.0009833473933359427,False
Scalp,2026-05-09 07:32:00+00:00,2026-05-09 07:33:00+00:00,80265.77,80272.0,exit_signal,1,7.761714613829795e-05,-0.0009219606820937143,False
Scalp,2026-05-09 09:18:00+00:00,2026-05-09 09:22:00+00:00,80240.43,80267.74,exit_signal,4,0.0003403521142646415,-0.0006594883176335165,False
Scalp,2026-05-09 09:30:00+00:00,2026-05-09 09:33:00+00:00,80255.28,80268.73,exit_signal,3,0.00016759021960921494,-0.0008320775367319788,False
Scalp,2026-05-09 09:43:00+00:00,2026-05-09 09:47:00+00:00,80248.81,80248.58,exit_signal,4,-2.8660861138840588e-06,-0.0010023634713349772,False
Scalp,2026-05-09 09:52:00+00:00,2026-05-09 09:55:00+00:00,80223.12,80241.98,exit_signal,3,0.00023509432193602464,-0.0007646409047722402,False
Scalp,2026-05-09 09:59:00+00:00,2026-05-09 10:00:00+00:00,80218.95,80242.54,exit_signal,1,0.0002940701667124568,-0.0007057240063674808,False
Scalp,2026-05-09 10:10:00+00:00,2026-05-09 10:13:00+00:00,80178.21,80211.06,exit_signal,3,0.0004097123146049597,-0.0005901974428307311,False
Scalp,2026-05-09 11:29:00+00:00,2026-05-09 11:32:00+00:00,80339.19,80340.92,exit_signal,3,2.153369980439912e-05,-0.000977988073008862,False
Scalp,2026-05-09 11:39:00+00:00,2026-05-09 11:46:00+00:00,80340.0,80354.74,exit_signal,7,0.00018347025143139462,-0.000816213377005548,False
Scalp,2026-05-09 16:30:00+00:00,2026-05-09 16:38:00+00:00,80655.85,80650.0,exit_signal,8,-7.253038682264457e-05,-0.0010719581425577829,False
Scalp,2026-05-09 17:16:00+00:00,2026-05-09 17:22:00+00:00,80748.43,80756.82,exit_signal,6,0.00010390294894913055,-0.0008957011519491465,False
Scalp,2026-05-09 17:43:00+00:00,2026-05-09 17:59:00+00:00,80890.01,80823.92,exit_signal,16,-0.000817035379276132,-0.0018157190020854364,False
Scalp,2026-05-09 18:37:00+00:00,2026-05-09 18:50:00+00:00,80981.46,80900.56,exit_signal,13,-0.0009989940907463302,-0.001997495845777797,False
Scalp,2026-05-09 21:47:00+00:00,2026-05-09 21:48:00+00:00,80750.0,80765.39,exit_signal,1,0.00019058823529416458,-0.0008091025075697145,False
Scalp,2026-05-09 22:05:00+00:00,2026-05-09 22:12:00+00:00,80770.66,80760.0,exit_signal,7,-0.0001319786169879933,-0.0011313469542021393,False
Scalp,2026-05-10 02:43:00+00:00,2026-05-10 02:45:00+00:00,80728.98,80758.12,exit_signal,2,0.00036096083463466044,-0.0006389001956846885,False
Scalp,2026-05-10 03:13:00+00:00,2026-05-10 03:14:00+00:00,80761.6,80775.82,exit_signal,1,0.00017607377763684262,-0.0008236024580227097,False
Scalp,2026-05-10 05:53:00+00:00,2026-05-10 05:57:00+00:00,80705.57,80705.79,exit_signal,4,2.7259580719363186e-06,-0.0009967770163987755,False
Scalp,2026-05-10 07:33:00+00:00,2026-05-10 07:38:00+00:00,80778.17,80776.77,exit_signal,5,-1.733141515825043e-05,-0.001016814342279515,False
Scalp,2026-05-10 08:00:00+00:00,2026-05-10 08:07:00+00:00,80736.03,80723.0,exit_signal,7,-0.00016139015009775104,-0.0011607290904774858,False
Scalp,2026-05-10 08:36:00+00:00,2026-05-10 08:46:00+00:00,80868.14,80836.73,exit_signal,10,-0.0003884100710119798,-0.0013875221049237663,False
Scalp,2026-05-10 09:46:00+00:00,2026-05-10 09:48:00+00:00,80762.34,80789.3,exit_signal,2,0.00033381895571626963,-0.0006660149462883735,False
Scalp,2026-05-10 11:44:00+00:00,2026-05-10 11:45:00+00:00,80805.59,80833.58,exit_signal,1,0.00034638692694399786,-0.0006534595367508889,False
Scalp,2026-05-10 13:33:00+00:00,2026-05-10 13:34:00+00:00,80948.25,80976.15,exit_signal,1,0.00034466464685767306,-0.0006551800954179843,False
Scalp,2026-05-10 16:20:00+00:00,2026-05-10 16:28:00+00:00,81357.85,81317.83,exit_signal,8,-0.0004919009044610512,-0.0014909094992591188,False
Scalp,2026-05-10 17:59:00+00:00,2026-05-10 18:05:00+00:00,81458.0,81476.41,exit_signal,6,0.00022600603992239954,-0.0007737201030458829,False
Scalp,2026-05-10 19:35:00+00:00,2026-05-10 19:42:00+00:00,81443.64,81436.7,exit_signal,7,-8.521230141489422e-05,-0.0010846273815732221,False
Scalp,2026-05-10 20:18:00+00:00,2026-05-10 20:21:00+00:00,81092.42,81183.84,exit_signal,3,0.001127355676399766,0.00012672863424456615,False
Scalp,2026-05-10 20:34:00+00:00,2026-05-10 20:37:00+00:00,80971.17,81058.12,exit_signal,3,0.001073838997262877,7.326544504171473e-05,False
Scalp,2026-05-10 20:46:00+00:00,2026-05-10 20:52:00+00:00,80721.72,80627.0,exit_signal,6,-0.0011734140451913344,-0.002171741467434929,False
Scalp,2026-05-10 23:21:00+00:00,2026-05-10 23:23:00+00:00,82280.43,82318.9,exit_signal,2,0.00046754738641974214,-0.0005324201771845782,False
Scalp,2026-05-11 00:21:00+00:00,2026-05-11 00:24:00+00:00,81493.77,81735.99,exit_signal,3,0.0029722517439063623,0.0019697807276706225,False
Scalp,2026-05-11 00:30:00+00:00,2026-05-11 00:32:00+00:00,81680.0,81805.5,exit_signal,2,0.001536483839373215,0.0005354478735168922,False
Scalp,2026-05-11 00:55:00+00:00,2026-05-11 00:58:00+00:00,81345.21,81415.64,exit_signal,3,0.0008658161924961494,-0.00013454944087964993,False
Scalp,2026-05-11 03:09:00+00:00,2026-05-11 03:19:00+00:00,81032.09,80688.3,exit_signal,10,-0.004242640168851564,-0.005237899898817511,False
Scalp,2026-05-11 03:29:00+00:00,2026-05-11 03:32:00+00:00,80590.01,80621.43,exit_signal,3,0.0003898746258996777,-0.0006100153037613687,False
Scalp,2026-05-11 03:36:00+00:00,2026-05-11 03:39:00+00:00,80580.0,80624.32,exit_signal,3,0.0005500124100272785,-0.00045003757738881767,False
Scalp,2026-05-11 09:22:00+00:00,2026-05-11 09:24:00+00:00,80902.56,80940.1,exit_signal,2,0.0004640149829622242,-0.000535949050003981,False
Scalp,2026-05-11 10:37:00+00:00,2026-05-11 10:42:00+00:00,81070.0,81097.59,exit_signal,5,0.0003403231775009896,-0.0006595172254749704,False
Scalp,2026-05-11 13:36:00+00:00,2026-05-11 13:41:00+00:00,80883.91,80883.55,exit_signal,5,-4.450823408497229e-06,-0.0010039466246845041,False
Scalp,2026-05-11 15:37:00+00:00,2026-05-11 15:40:00+00:00,81268.03,81281.05,exit_signal,3,0.0001602106018812055,-0.0008394497785302324,False
Scalp,2026-05-11 16:05:00+00:00,2026-05-11 16:06:00+00:00,81354.17,81408.24,exit_signal,1,0.0006646248127171184,-0.0003355397298241414,False
Scalp,2026-05-11 16:44:00+00:00,2026-05-11 16:48:00+00:00,81640.06,81709.82,exit_signal,4,0.0008544824685332575,-0.00014587183678249627,False
Scalp,2026-05-11 17:04:00+00:00,2026-05-11 17:11:00+00:00,81488.76,81467.43,exit_signal,7,-0.0002617538909660544,-0.0012609925177615722,False
Scalp,2026-05-11 17:50:00+00:00,2026-05-11 17:51:00+00:00,81953.65,82000.0,exit_signal,1,0.0005655635838062167,-0.0004345019470120004,False
Scalp,2026-05-11 21:25:00+00:00,2026-05-11 21:36:00+00:00,81676.8,81695.54,exit_signal,11,0.00022944091835119806,-0.0007702886577788393,False
Scalp,2026-05-11 22:12:00+00:00,2026-05-11 22:16:00+00:00,81830.31,81861.92,exit_signal,4,0.00038628718380762095,-0.0006135991602040924,False
Scalp,2026-05-12 00:24:00+00:00,2026-05-12 00:30:00+00:00,81550.16,81566.11,exit_signal,6,0.00019558514661399684,-0.0008041105906637647,False
Scalp,2026-05-12 00:38:00+00:00,2026-05-12 00:40:00+00:00,81537.97,81564.58,exit_signal,2,0.0003263510239461809,-0.0006734754138586485,False
Scalp,2026-05-12 01:32:00+00:00,2026-05-12 01:43:00+00:00,81337.53,80904.29,exit_signal,11,-0.005326446475569235,-0.006320622940860776,False
Scalp,2026-05-12 03:59:00+00:00,2026-05-12 04:07:00+00:00,81044.93,81046.13,exit_signal,8,1.480660172092918e-05,-0.0009847084473563195,False
Scalp,2026-05-12 04:13:00+00:00,2026-05-12 04:16:00+00:00,81024.05,81097.5,exit_signal,3,0.0009065209650713779,-9.388535273457954e-05,False
Scalp,2026-05-12 04:54:00+00:00,2026-05-12 05:00:00+00:00,81223.36,81240.01,exit_signal,6,0.00020499028850795575,-0.0007947148492114531,False
Scalp,2026-05-12 06:35:00+00:00,2026-05-12 06:37:00+00:00,81147.07,81186.15,exit_signal,2,0.0004815947143870236,-0.0005183868895253241,False
Scalp,2026-05-12 06:41:00+00:00,2026-05-12 06:47:00+00:00,81139.91,81119.92,exit_signal,6,-0.00024636458186855226,-0.0012456185902824934,False
Scalp,2026-05-12 06:53:00+00:00,2026-05-12 07:09:00+00:00,81046.99,80993.38,exit_signal,16,-0.0006614681186802862,-0.00166030723100552,False
Scalp,2026-05-12 08:15:00+00:00,2026-05-12 08:19:00+00:00,80824.65,80855.62,exit_signal,4,0.00038317518232378056,-0.0006167080512416989,False
Scalp,2026-05-12 09:28:00+00:00,2026-05-12 09:31:00+00:00,80724.95,80887.78,exit_signal,3,0.0020170963252377216,0.0010155799870816828,False
Scalp,2026-05-12 11:08:00+00:00,2026-05-12 11:21:00+00:00,80555.83,80549.99,exit_signal,13,-7.249630473671331e-05,-0.0010719240945370467,False
Scalp,2026-05-12 12:06:00+00:00,2026-05-12 12:10:00+00:00,80759.54,80790.0,exit_signal,4,0.00037716906262730276,-0.000622708167820063,False
Scalp,2026-05-12 13:29:00+00:00,2026-05-12 13:32:00+00:00,80652.91,80708.05,exit_signal,3,0.0006836703102219843,-0.0003165132682989569,False
Scalp,2026-05-12 18:00:00+00:00,2026-05-12 18:06:00+00:00,80527.69,80521.96,exit_signal,6,-7.115564844828448e-05,-0.001070584778234851,False
Scalp,2026-05-12 19:19:00+00:00,2026-05-12 19:27:00+00:00,80778.56,80774.92,exit_signal,8,-4.506146185323523e-05,-0.0010445166727857114,False
Scalp,2026-05-12 20:41:00+00:00,2026-05-12 20:44:00+00:00,80674.0,80682.68,exit_signal,3,0.00010759352455558258,-0.0008920142650742369,False
Scalp,2026-05-12 22:11:00+00:00,2026-05-12 22:19:00+00:00,80677.2,80660.0,exit_signal,8,-0.00021319530177044133,-0.001212482462888187,False
Scalp,2026-05-12 23:49:00+00:00,2026-05-12 23:53:00+00:00,80442.01,80489.68,exit_signal,4,0.0005926008064691679,-0.0004074917480600959,False
Scalp,2026-05-13 00:48:00+00:00,2026-05-13 00:56:00+00:00,80699.03,80686.74,exit_signal,8,-0.00015229427169072274,-0.0011516423034030332,False
Scalp,2026-05-13 01:40:00+00:00,2026-05-13 01:42:00+00:00,81060.0,81094.44,exit_signal,2,0.0004248704663212255,-0.0005750544416909253,False
Scalp,2026-05-13 01:56:00+00:00,2026-05-13 02:06:00+00:00,81060.01,81014.82,exit_signal,10,-0.0005574882115112478,-0.001556431251779511,False
Scalp,2026-05-13 02:30:00+00:00,2026-05-13 02:37:00+00:00,81120.86,81082.03,exit_signal,7,-0.00047866849537836487,-0.0014776903159726684,False
Scalp,2026-05-13 03:59:00+00:00,2026-05-13 04:00:00+00:00,81214.99,81249.99,exit_signal,1,0.0004309549259318146,-0.0005689760634991492,False
Scalp,2026-05-13 05:59:00+00:00,2026-05-13 06:01:00+00:00,81012.0,81021.16,exit_signal,2,0.00011306966869106816,-0.0008865435943460342,False
Scalp,2026-05-13 09:15:00+00:00,2026-05-13 09:27:00+00:00,81234.17,81169.99,exit_signal,12,-0.0007900616206208966,-0.001788772203708544,False
Scalp,2026-05-13 09:45:00+00:00,2026-05-13 09:47:00+00:00,81240.0,81262.35,exit_signal,2,0.000275110782865573,-0.0007246644403056113,False
Scalp,2026-05-13 10:17:00+00:00,2026-05-13 10:18:00+00:00,81106.94,81127.97,exit_signal,1,0.0002592873063635981,-0.0007404721012389537,False
Scalp,2026-05-13 10:29:00+00:00,2026-05-13 10:54:00+00:00,80985.66,80847.97,exit_signal,25,-0.0017001775376036532,-0.002697978459604844,False
Scalp,2026-05-13 11:06:00+00:00,2026-05-13 11:17:00+00:00,80702.29,80641.7,exit_signal,11,-0.0007507841475129506,-0.0017495339884447958,False
Scalp,2026-05-13 12:35:00+00:00,2026-05-13 12:42:00+00:00,80112.01,80055.18,exit_signal,7,-0.0007093817768397681,-0.0017081729994514738,False
Scalp,2026-05-13 13:37:00+00:00,2026-05-13 13:43:00+00:00,80039.33,79934.01,exit_signal,6,-0.0013158530937228408,-0.002314038148101938,False
Scalp,2026-05-13 13:49:00+00:00,2026-05-13 13:52:00+00:00,79645.75,79688.25,exit_signal,3,0.0005336129046433769,-0.0004664206914630764,False
Scalp,2026-05-13 13:59:00+00:00,2026-05-13 14:04:00+00:00,79651.49,79647.46,exit_signal,5,-5.059541259055944e-05,-0.001050045092337859,False
Scalp,2026-05-13 15:33:00+00:00,2026-05-13 15:35:00+00:00,79256.81,79307.0,exit_signal,2,0.0006332578866092842,-0.000366875304681491,False
Scalp,2026-05-13 15:47:00+00:00,2026-05-13 16:01:00+00:00,79218.01,79020.41,exit_signal,14,-0.0024943822749395883,-0.0034913893891075354,False
Scalp,2026-05-13 16:11:00+00:00,2026-05-13 16:12:00+00:00,78768.92,78835.99,exit_signal,1,0.0008514779687218699,-0.00014887333359581145,False
Scalp,2026-05-13 16:55:00+00:00,2026-05-13 16:58:00+00:00,79085.82,79133.05,exit_signal,3,0.0005971993462290381,-0.00040289780454161317,False
Scalp,2026-05-13 21:10:00+00:00,2026-05-13 21:15:00+00:00,79473.81,79449.19,exit_signal,5,-0.0003097875891441282,-0.001308978206246314,False
Scalp,2026-05-13 21:19:00+00:00,2026-05-13 21:23:00+00:00,79403.85,79422.01,exit_signal,4,0.00022870427567411866,-0.0007710245641814328,False
Scalp,2026-05-13 22:07:00+00:00,2026-05-13 22:11:00+00:00,79254.4,79384.37,exit_signal,4,0.0016399089514274046,0.0006387696121454844,False
Scalp,2026-05-14 00:22:00+00:00,2026-05-14 00:26:00+00:00,79447.43,79512.93,exit_signal,4,0.000824444541503766,-0.00017587974089650071,False
Scalp,2026-05-14 00:52:00+00:00,2026-05-14 00:57:00+00:00,79602.33,79595.67,exit_signal,5,-8.366589269437341e-05,-0.0010830825184886539,False
Scalp,2026-05-14 02:54:00+00:00,2026-05-14 02:56:00+00:00,79261.74,79359.47,exit_signal,2,0.0012330034642187293,0.00023227082707300006,False
Scalp,2026-05-14 03:09:00+00:00,2026-05-14 03:13:00+00:00,79181.9,79272.2,exit_signal,4,0.001140412139642999,0.00013977204754955785,False
Scalp,2026-05-14 03:22:00+00:00,2026-05-14 03:26:00+00:00,79117.56,79169.99,exit_signal,4,0.0006626847440696082,-0.00033747785937265906,False
Scalp,2026-05-14 05:58:00+00:00,2026-05-14 06:01:00+00:00,79815.85,79860.0,exit_signal,3,0.0005531482781928609,-0.0004469048435243872,False
Scalp,2026-05-14 07:21:00+00:00,2026-05-14 07:23:00+00:00,79708.82,79776.39,exit_signal,2,0.00084771045412535,-0.00015263708256041397,False
Scalp,2026-05-14 07:42:00+00:00,2026-05-14 07:43:00+00:00,79890.85,79909.59,exit_signal,1,0.0002345700415002927,-0.00076516466118981,False
Scalp,2026-05-14 08:04:00+00:00,2026-05-14 08:08:00+00:00,79679.71,79723.9,exit_signal,4,0.0005545953919761093,-0.0004454591761317017,False
Scalp,2026-05-14 09:40:00+00:00,2026-05-14 09:43:00+00:00,79610.0,79646.04,exit_signal,3,0.00045270694636334596,-0.0005472457842174983,False
Scalp,2026-05-14 09:50:00+00:00,2026-05-14 09:51:00+00:00,79589.87,79623.99,exit_signal,1,0.00042869777271925535,-0.000571230960686786,False
Scalp,2026-05-14 11:45:00+00:00,2026-05-14 11:49:00+00:00,79285.01,79314.01,exit_signal,4,0.0003657690148490822,-0.0006340968212477094,False
Scalp,2026-05-14 12:01:00+00:00,2026-05-14 12:02:00+00:00,79243.57,79299.52,exit_signal,1,0.0007060509767542467,-0.00029415497124840595,False
Scalp,2026-05-14 13:20:00+00:00,2026-05-14 13:22:00+00:00,79793.92,79891.29,exit_signal,2,0.0012202684114277496,0.00021954850297056794,False
Scalp,2026-05-14 16:18:00+00:00,2026-05-14 16:22:00+00:00,81448.49,81501.99,exit_signal,4,0.0006568568674507613,-0.00034329991102721724,False
Scalp,2026-05-14 16:36:00+00:00,2026-05-14 16:40:00+00:00,81483.35,81465.14,exit_signal,4,-0.00022348123880533421,-0.0012227581191261994,False
Scalp,2026-05-14 18:38:00+00:00,2026-05-14 18:40:00+00:00,81590.0,81585.58,exit_signal,2,-5.417330555212985e-05,-0.0010536194091946838,False
Scalp,2026-05-14 20:36:00+00:00,2026-05-14 20:43:00+00:00,81223.73,81215.5,exit_signal,7,-0.0001013250684251954,-0.0011007240438689614,False
Scalp,2026-05-14 20:59:00+00:00,2026-05-14 21:00:00+00:00,81383.18,81412.05,exit_signal,1,0.00035474160631232543,-0.0006451132078867383,False
Scalp,2026-05-14 23:09:00+00:00,2026-05-14 23:13:00+00:00,81236.0,81248.13,exit_signal,4,0.00014931803633855267,-0.0008503314569510145,False
Scalp,2026-05-14 23:24:00+00:00,2026-05-14 23:25:00+00:00,81202.01,81300.0,exit_signal,1,0.0012067435276541527,0.00020603713732181284,False
Scalp,2026-05-14 23:38:00+00:00,2026-05-14 23:52:00+00:00,81334.0,81098.72,exit_signal,14,-0.002892763174072277,-0.003889372106431921,False
Scalp,2026-05-15 00:44:00+00:00,2026-05-15 00:47:00+00:00,81359.99,81426.34,exit_signal,3,0.0008155114080028447,-0.00018480394572839565,False
Scalp,2026-05-15 01:32:00+00:00,2026-05-15 01:36:00+00:00,81231.28,81309.72,exit_signal,4,0.0009656378675801935,-3.482753758465851e-05,False
Scalp,2026-05-15 01:54:00+00:00,2026-05-15 01:55:00+00:00,81158.63,81260.82,exit_signal,1,0.001259139046580815,0.00025838028691405057,False
Scalp,2026-05-15 02:10:00+00:00,2026-05-15 02:16:00+00:00,81047.99,80974.45,exit_signal,6,-0.0009073636496106374,-0.00190595698929108,False
Scalp,2026-05-15 02:30:00+00:00,2026-05-15 02:36:00+00:00,80910.01,80880.0,exit_signal,6,-0.0003709058990352121,-0.001370035428371441,False
Scalp,2026-05-15 03:06:00+00:00,2026-05-15 03:11:00+00:00,81249.4,81259.99,exit_signal,5,0.00013033942404505616,-0.000869291100116798,False
Scalp,2026-05-15 05:37:00+00:00,2026-05-15 05:43:00+00:00,80404.0,80420.01,exit_signal,6,0.00019911944679362747,-0.0008005798230181771,False
Scalp,2026-05-15 05:59:00+00:00,2026-05-15 06:03:00+00:00,80343.48,80389.55,exit_signal,4,0.0005734130510652857,-0.00042666032529736775,False
Scalp,2026-05-15 07:33:00+00:00,2026-05-15 07:44:00+00:00,80811.11,80848.34,exit_signal,11,0.00046070397993536183,-0.0005392567436826035,False
Scalp,2026-05-15 08:29:00+00:00,2026-05-15 08:33:00+00:00,80560.0,80530.0,exit_signal,4,-0.0003723932472691205,-0.0013715212900005103,False
Scalp,2026-05-15 12:08:00+00:00,2026-05-15 12:10:00+00:00,80415.59,80592.42,exit_signal,2,0.0021989517206799647,0.0011972536180107074,False
Scalp,2026-05-15 13:05:00+00:00,2026-05-15 13:16:00+00:00,80140.0,80102.55,exit_signal,11,-0.0004673072123783095,-0.001466340388577625,False
Scalp,2026-05-15 13:35:00+00:00,2026-05-15 13:47:00+00:00,79720.01,79213.8,exit_signal,12,-0.0063498486766370155,-0.007343002251173014,False
Scalp,2026-05-15 13:53:00+00:00,2026-05-15 13:55:00+00:00,78800.73,79071.96,exit_signal,2,0.0034419731898425177,0.0024390326869041523,False
Scalp,2026-05-16 03:46:00+00:00,2026-05-16 03:55:00+00:00,79090.43,79093.13,exit_signal,9,3.4138137825490134e-05,-0.0009653962331267474,False
Scalp,2026-05-16 06:19:00+00:00,2026-05-16 06:31:00+00:00,78913.99,78839.19,exit_signal,12,-0.0009478674186922387,-0.001946420274845484,False
Scalp,2026-05-16 06:42:00+00:00,2026-05-16 06:47:00+00:00,78768.17,78777.75,exit_signal,5,0.00012162273161875348,-0.0008779990802069149,False
Scalp,2026-05-16 07:08:00+00:00,2026-05-16 07:18:00+00:00,78514.99,78342.36,exit_signal,10,-0.00219868842879567,-0.003195991089036565,False
Scalp,2026-05-16 10:04:00+00:00,2026-05-16 10:14:00+00:00,77965.61,77916.0,exit_signal,10,-0.0006363061867918907,-0.0016351704484740548,False
Scalp,2026-05-16 11:24:00+00:00,2026-05-16 11:27:00+00:00,78073.83,78099.34,exit_signal,3,0.0003267420081733974,-0.0006730848204201667,False
Scalp,2026-05-16 11:48:00+00:00,2026-05-16 11:59:00+00:00,78135.3,78092.4,exit_signal,11,-0.0005490476135627809,-0.0015479990902107499,False
Scalp,2026-05-16 14:52:00+00:00,2026-05-16 15:01:00+00:00,78174.42,78154.74,exit_signal,9,-0.00025174475231148907,-0.001250993383243637,False
Scalp,2026-05-16 22:10:00+00:00,2026-05-16 22:11:00+00:00,78178.01,78201.8,exit_signal,1,0.0003043055201841227,-0.00069549888313436,False
Scalp,2026-05-17 01:45:00+00:00,2026-05-17 01:47:00+00:00,77787.4,77804.45,exit_signal,2,0.0002191871691301639,-0.0007805321583751468,False
Scalp,2026-05-17 04:32:00+00:00,2026-05-17 04:36:00+00:00,78067.99,78131.48,exit_signal,4,0.0008132654625794267,-0.00018704764632848647,False
Scalp,2026-05-17 04:59:00+00:00,2026-05-17 05:04:00+00:00,78162.55,78171.03,exit_signal,5,0.0001084918544749236,-0.0008911168330355546,False
Scalp,2026-05-17 05:16:00+00:00,2026-05-17 05:25:00+00:00,78246.25,78204.0,exit_signal,9,-0.0005399619790086296,-0.0015389225367506976,False
Scalp,2026-05-17 06:28:00+00:00,2026-05-17 06:29:00+00:00,78042.4,78074.0,exit_signal,1,0.00040490810123738896,-0.0005949968543860207,False
Scalp,2026-05-17 10:34:00+00:00,2026-05-17 10:36:00+00:00,78445.03,78501.12,exit_signal,2,0.0007150229912589179,-0.00028519192427456375,False
Scalp,2026-05-17 10:43:00+00:00,2026-05-17 10:45:00+00:00,78435.29,78480.99,exit_signal,2,0.000582645898294043,-0.00041743670630167706,False
Scalp,2026-05-17 13:11:00+00:00,2026-05-17 13:20:00+00:00,78298.15,78256.38,exit_signal,9,-0.0005334736516762195,-0.001532440694502868,False
Scalp,2026-05-17 18:11:00+00:00,2026-05-17 18:14:00+00:00,78142.13,78160.8,exit_signal,3,0.0002389236126529859,-0.0007608154414324719,False
Scalp,2026-05-17 19:14:00+00:00,2026-05-17 19:15:00+00:00,78243.56,78262.9,exit_signal,1,0.0002471768922578388,-0.0007525704109827558,False
Scalp,2026-05-17 19:57:00+00:00,2026-05-17 20:00:00+00:00,78400.0,78415.29,exit_signal,3,0.00019502551020389447,-0.000804669667717195,False
Scalp,2026-05-17 22:20:00+00:00,2026-05-17 22:22:00+00:00,78034.01,78117.24,exit_signal,2,0.0010665862231098444,6.601992003818502e-05,False
Scalp,2026-05-18 00:11:00+00:00,2026-05-18 00:14:00+00:00,76942.98,77093.47,exit_signal,3,0.001955863939764324,0.0009544088033928144,False
Scalp,2026-05-18 02:52:00+00:00,2026-05-18 02:58:00+00:00,76810.58,76834.68,exit_signal,6,0.00031375885978190965,-0.0006860549921517967,False
Scalp,2026-05-18 06:28:00+00:00,2026-05-18 06:33:00+00:00,76753.3,76750.01,exit_signal,5,-4.286460647306978e-05,-0.0010423220131630107,False
Scalp,2026-05-18 10:17:00+00:00,2026-05-18 10:21:00+00:00,76768.48,76772.55,exit_signal,4,5.301655054279486e-05,-0.0009465366893878224,False
Scalp,2026-05-18 12:29:00+00:00,2026-05-18 12:33:00+00:00,77372.34,77378.32,exit_signal,4,7.728860210254318e-05,-0.0009222888977494792,False
Scalp,2026-05-18 12:55:00+00:00,2026-05-18 13:00:00+00:00,77612.0,77639.99,exit_signal,5,0.0003606401072000498,-0.0006392206025522817,False
Scalp,2026-05-18 14:04:00+00:00,2026-05-18 14:05:00+00:00,76829.52,76946.73,exit_signal,1,0.0015255854780817923,0.0005245604051402619,False
Scalp,2026-05-18 15:20:00+00:00,2026-05-18 15:25:00+00:00,76111.59,76176.01,exit_signal,5,0.0008463888351299964,-0.00015395738059709174,False
Scalp,2026-05-18 18:08:00+00:00,2026-05-18 18:29:00+00:00,76490.0,76308.46,exit_signal,21,-0.002373382141456326,-0.00337051019528789,False
Scalp,2026-05-18 20:36:00+00:00,2026-05-18 20:53:00+00:00,77093.26,76949.0,exit_signal,17,-0.001871240105814631,-0.0028688700507363274,False
Scalp,2026-05-18 22:52:00+00:00,2026-05-18 22:54:00+00:00,76963.67,76997.04,exit_signal,2,0.00043358119486769375,-0.0005663524195199665,False
Scalp,2026-05-19 00:28:00+00:00,2026-05-19 00:36:00+00:00,77255.75,77257.28,exit_signal,8,1.9804351132357567e-05,-0.0009797156931963258,False
Scalp,2026-05-19 00:42:00+00:00,2026-05-19 00:45:00+00:00,77159.57,77183.42,exit_signal,3,0.00030909970078885074,-0.0006907094943142678,False
Scalp,2026-05-19 01:41:00+00:00,2026-05-19 01:43:00+00:00,76769.46,76829.98,exit_signal,2,0.0007883343194023951,-0.00021195387082162398,False
Scalp,2026-05-19 02:01:00+00:00,2026-05-19 02:07:00+00:00,76667.02,76660.61,exit_signal,6,-8.36083103269436e-05,-0.0010830249936748526,False
Scalp,2026-05-19 05:25:00+00:00,2026-05-19 05:26:00+00:00,76677.38,76726.33,exit_signal,1,0.0006383890529384484,-0.00036174926695453635,False
Scalp,2026-05-19 08:51:00+00:00,2026-05-19 09:05:00+00:00,77163.66,77060.48,exit_signal,14,-0.0013371579315963888,-0.00233532169178452,False
Scalp,2026-05-19 09:23:00+00:00,2026-05-19 09:31:00+00:00,76919.47,76837.54,exit_signal,8,-0.0010651399444120413,-0.0020635755866463823,False
Scalp,2026-05-19 10:46:00+00:00,2026-05-19 10:48:00+00:00,76770.72,76829.61,exit_signal,2,0.0007670893278062252,-0.00023317762804353492,False
Scalp,2026-05-19 11:42:00+00:00,2026-05-19 11:49:00+00:00,76744.87,76736.96,exit_signal,7,-0.0001030687784081552,-0.00110246601101327,False
Scalp,2026-05-19 13:07:00+00:00,2026-05-19 13:13:00+00:00,76821.96,76828.49,exit_signal,6,8.50017364826261e-05,-0.0009145834726491664,False
Scalp,2026-05-19 13:28:00+00:00,2026-05-19 13:31:00+00:00,76614.8,76663.3,exit_signal,3,0.0006330369589164775,-0.0003670960115569333,False
Scalp,2026-05-19 16:40:00+00:00,2026-05-19 16:42:00+00:00,76700.73,76758.03,exit_signal,2,0.0007470593826159888,-0.00025318755329839515,False
Scalp,2026-05-19 17:30:00+00:00,2026-05-19 17:38:00+00:00,76879.99,76883.36,exit_signal,8,4.383455304823869e-05,-0.0009557095094734347,False
Scalp,2026-05-19 21:07:00+00:00,2026-05-19 21:12:00+00:00,76990.56,76987.28,exit_signal,5,-4.260262556865513e-05,-0.0010420602941088042,False
Scalp,2026-05-19 22:05:00+00:00,2026-05-19 22:31:00+00:00,76837.52,76690.19,exit_signal,26,-0.0019174226341506229,-0.0029150064196237224,False
Scalp,2026-05-19 22:40:00+00:00,2026-05-19 22:42:00+00:00,76725.0,76776.39,exit_signal,2,0.0006697947214076017,-0.00033037498845878144,False
Scalp,2026-05-20 00:10:00+00:00,2026-05-20 00:18:00+00:00,76706.68,76622.41,exit_signal,8,-0.001098600539092387,-0.0020970027374540567,False
Scalp,2026-05-20 02:13:00+00:00,2026-05-20 02:15:00+00:00,76770.01,76808.28,exit_signal,2,0.0004985019540835189,-0.0005014965486191958,False
Scalp,2026-05-20 05:46:00+00:00,2026-05-20 05:50:00+00:00,77183.54,77180.0,exit_signal,4,-4.586470120437891e-05,-0.0010453191092990588,False
Scalp,2026-05-20 06:29:00+00:00,2026-05-20 06:36:00+00:00,77295.91,77255.62,exit_signal,7,-0.0005212436207815418,-0.0015202228875271784,False
Scalp,2026-05-20 08:51:00+00:00,2026-05-20 09:03:00+00:00,77496.59,77483.28,exit_signal,12,-0.00017174949246145932,-0.0011710780786757802,False
Scalp,2026-05-20 10:29:00+00:00,2026-05-20 10:30:00+00:00,77565.55,77631.5,exit_signal,1,0.0008502485961872086,-0.00015010147737204438,False
Scalp,2026-05-20 11:34:00+00:00,2026-05-20 11:35:00+00:00,77465.91,77481.2,exit_signal,1,0.00019737714305545495,-0.0008023203853232408,False
Scalp,2026-05-20 11:40:00+00:00,2026-05-20 11:47:00+00:00,77429.73,77399.99,exit_signal,7,-0.00038409019377949605,-0.0013832065454099096,False
Scalp,2026-05-20 13:03:00+00:00,2026-05-20 13:19:00+00:00,77588.63,77461.9,exit_signal,16,-0.001633357877307673,-0.002631225585576047,False
Scalp,2026-05-20 13:28:00+00:00,2026-05-20 13:45:00+00:00,77327.4,77091.48,exit_signal,17,-0.003050923734665867,-0.0040473745855056364,False
Scalp,2026-05-20 16:27:00+00:00,2026-05-20 16:34:00+00:00,77179.4,77127.69,exit_signal,7,-0.0006699974345485415,-0.0016688280218202234,False
Scalp,2026-05-20 17:50:00+00:00,2026-05-20 17:59:00+00:00,77631.43,77568.95,exit_signal,9,-0.00080482866282372,-0.0018035244862489863,False
Scalp,2026-05-20 19:07:00+00:00,2026-05-20 19:10:00+00:00,77367.5,77408.99,exit_signal,3,0.0005362716903092313,-0.00046376456325414317,False
Scalp,2026-05-20 22:04:00+00:00,2026-05-20 22:06:00+00:00,77392.51,77451.78,exit_signal,2,0.0007658363839084803,-0.00023442931962369684,False
Scalp,2026-05-20 22:11:00+00:00,2026-05-20 22:13:00+00:00,77340.01,77384.43,exit_signal,2,0.0005743469647856436,-0.00042572734502410725,False
Scalp,2026-05-21 04:11:00+00:00,2026-05-21 04:16:00+00:00,77997.21,78002.87,exit_signal,5,7.256669821886774e-05,-0.0009270060820890658,False
Scalp,2026-05-21 05:17:00+00:00,2026-05-21 05:19:00+00:00,77917.19,77922.22,exit_signal,2,6.455571613916966e-05,-0.0009350090571900171,False
Scalp,2026-05-21 05:24:00+00:00,2026-05-21 05:32:00+00:00,77886.4,77884.56,exit_signal,8,-2.3624150044088132e-05,-0.0010231007875752818,False
Scalp,2026-05-21 06:10:00+00:00,2026-05-21 06:13:00+00:00,77742.89,77798.31,exit_signal,3,0.0007128626167614005,-0.00028735013947700505,False
Scalp,2026-05-21 06:19:00+00:00,2026-05-21 06:21:00+00:00,77724.98,77788.31,exit_signal,2,0.0008147959639230873,-0.00018551867472149652,False
Scalp,2026-05-21 06:57:00+00:00,2026-05-21 06:59:00+00:00,77582.31,77620.49,exit_signal,2,0.0004921224954503867,-0.0005078696309818165,False
Scalp,2026-05-21 07:19:00+00:00,2026-05-21 07:24:00+00:00,77539.43,77566.01,exit_signal,5,0.0003427933375317327,-0.0006570495343698468,False
Scalp,2026-05-21 08:22:00+00:00,2026-05-21 08:29:00+00:00,77995.51,78030.0,exit_signal,7,0.00044220494231028695,-0.0005577372915150924,False
Scalp,2026-05-21 08:35:00+00:00,2026-05-21 08:43:00+00:00,77946.79,77926.19,exit_signal,8,-0.0002642828524431762,-0.0012635189515410872,False
Scalp,2026-05-21 09:39:00+00:00,2026-05-21 09:48:00+00:00,77746.64,77710.0,exit_signal,9,-0.00047127438561977986,-0.001470303596628586,False
Scalp,2026-05-21 13:41:00+00:00,2026-05-21 13:52:00+00:00,76896.22,76957.02,exit_signal,11,0.0007906760566385174,-0.00020961447415279721,False
Scalp,2026-05-21 15:28:00+00:00,2026-05-21 15:40:00+00:00,77248.0,77171.25,exit_signal,12,-0.0009935532311515782,-0.0019920604243237605,False
Scalp,2026-05-21 16:42:00+00:00,2026-05-21 16:46:00+00:00,77081.98,77085.48,exit_signal,4,4.540620259096961e-05,-0.0009541394307945872,False
Scalp,2026-05-21 16:49:00+00:00,2026-05-21 16:52:00+00:00,77051.79,77060.48,exit_signal,3,0.00011278128645675345,-0.0008868316883421379,False
Scalp,2026-05-21 18:56:00+00:00,2026-05-21 19:00:00+00:00,77276.92,77387.74,exit_signal,4,0.0014340633658795898,0.00043312976931186853,False
Scalp,2026-05-22 00:12:00+00:00,2026-05-22 00:17:00+00:00,77474.07,77479.99,exit_signal,5,7.641266297220284e-05,-0.0009231639613784814,False
Scalp,2026-05-22 01:05:00+00:00,2026-05-22 01:06:00+00:00,77338.01,77371.22,exit_signal,1,0.0004294136867499798,-0.0005705157622121204,False
Scalp,2026-05-22 04:42:00+00:00,2026-05-22 04:51:00+00:00,77699.08,77674.89,exit_signal,9,-0.00031132929759269956,-0.0013105183737569526,False
Scalp,2026-05-22 09:00:00+00:00,2026-05-22 09:04:00+00:00,77267.39,77292.04,exit_signal,4,0.00031902203503952897,-0.0006807970774391769,False
Scalp,2026-05-22 09:16:00+00:00,2026-05-22 09:17:00+00:00,77214.0,77236.31,exit_signal,1,0.00028893723936063154,-0.0007108518033570599,False
Scalp,2026-05-22 13:35:00+00:00,2026-05-22 13:39:00+00:00,77199.17,77273.75,exit_signal,4,0.0009660725626972066,-3.439327694543248e-05,False
Scalp,2026-05-22 14:21:00+00:00,2026-05-22 14:28:00+00:00,76937.06,76894.81,exit_signal,7,-0.0005491501754810724,-0.0015481015496184858,False
Scalp,2026-05-22 18:47:00+00:00,2026-05-22 18:51:00+00:00,76252.44,76395.07,exit_signal,4,0.0018704975211285557,0.0008691277085137727,False
Scalp,2026-05-22 19:05:00+00:00,2026-05-22 19:16:00+00:00,76399.42,76328.1,exit_signal,11,-0.000933514940296587,-0.0019320821417554424,False
Scalp,2026-05-22 22:22:00+00:00,2026-05-22 22:30:00+00:00,75803.0,75799.42,exit_signal,8,-4.7227682281714145e-05,-0.0010466807280764545,False
Scalp,2026-05-22 22:37:00+00:00,2026-05-22 22:47:00+00:00,75736.68,75713.1,exit_signal,10,-0.00031134187556136617,-0.0013105309391538977,False
Scalp,2026-05-23 00:15:00+00:00,2026-05-23 00:18:00+00:00,75462.86,75512.43,exit_signal,3,0.0006568794238648312,-0.00034327737715855733,False
Scalp,2026-05-23 00:39:00+00:00,2026-05-23 00:44:00+00:00,75281.44,75300.0,exit_signal,5,0.00024654151142700087,-0.0007532051567502585,False
Scalp,2026-05-23 03:09:00+00:00,2026-05-23 03:12:00+00:00,75590.42,75593.72,exit_signal,3,4.365632576197598e-05,-0.0009558875586216375,False
Scalp,2026-05-23 03:48:00+00:00,2026-05-23 03:52:00+00:00,75644.95,75646.81,exit_signal,4,2.4588554820903497e-05,-0.0009749362713208365,False
Scalp,2026-05-23 04:41:00+00:00,2026-05-23 04:50:00+00:00,75526.8,75528.16,exit_signal,9,1.8006853196528283e-05,-0.0009815113945327303,False
Scalp,2026-05-23 04:57:00+00:00,2026-05-23 05:00:00+00:00,75522.09,75539.77,exit_signal,3,0.00023410369072163206,-0.0007656305458507706,False
Scalp,2026-05-23 06:50:00+00:00,2026-05-23 06:56:00+00:00,75402.57,75412.39,exit_signal,6,0.00013023428777025892,-0.0008693961313079868,False
Scalp,2026-05-23 07:48:00+00:00,2026-05-23 07:58:00+00:00,75062.49,74614.86,exit_signal,10,-0.005963431269066621,-0.0069569710678980545,False
Scalp,2026-05-23 11:40:00+00:00,2026-05-23 11:42:00+00:00,74790.27,74807.81,exit_signal,2,0.00023452248534461262,-0.0007652121698131786,False
Scalp,2026-05-23 12:22:00+00:00,2026-05-23 12:25:00+00:00,74676.31,74705.1,exit_signal,3,0.0003855305651820906,-0.0006143550225891081,False
Scalp,2026-05-23 13:15:00+00:00,2026-05-23 13:16:00+00:00,74929.98,74999.73,exit_signal,1,0.0009308690593539115,-6.956159437843112e-05,False
Scalp,2026-05-23 14:05:00+00:00,2026-05-23 14:07:00+00:00,75138.82,75152.89,exit_signal,2,0.00018725340642822275,-0.0008124340032733546,False
Scalp,2026-05-23 15:30:00+00:00,2026-05-23 15:40:00+00:00,75544.74,75442.82,exit_signal,10,-0.001349134301077748,-0.0023472860908816395,False
Scalp,2026-05-23 18:40:00+00:00,2026-05-23 18:42:00+00:00,75845.81,75899.83,exit_signal,2,0.0007122344662151558,-0.0002879776621868002,False
Scalp,2026-05-23 19:35:00+00:00,2026-05-23 19:38:00+00:00,75914.99,75908.88,exit_signal,3,-8.048476328592624e-05,-0.0010799045686198383,False
Scalp,2026-05-23 20:25:00+00:00,2026-05-23 20:31:00+00:00,76047.54,76057.19,exit_signal,6,0.0001268943084813401,-0.0008727327722867217,False
Scalp,2026-05-23 21:05:00+00:00,2026-05-23 21:08:00+00:00,77018.74,77154.17,exit_signal,3,0.0017584032145940842,0.0007571454402668376,False
Scalp,2026-05-23 21:50:00+00:00,2026-05-23 21:51:00+00:00,76622.4,76700.0,exit_signal,1,0.0010127586710937386,1.2246168674012736e-05,False
Scalp,2026-05-23 22:26:00+00:00,2026-05-23 22:33:00+00:00,76570.58,76592.41,exit_signal,7,0.0002850964430465286,-0.0007146887607946129,False
Scalp,2026-05-23 22:38:00+00:00,2026-05-23 22:41:00+00:00,76442.8,76492.0,exit_signal,3,0.0006436184964444536,-0.00035652505027861103,False
Scalp,2026-05-24 01:08:00+00:00,2026-05-24 01:12:00+00:00,76783.51,76791.99,exit_signal,4,0.00011044037971186249,-0.0008891702553501801,False
Scalp,2026-05-24 04:40:00+00:00,2026-05-24 04:42:00+00:00,76738.96,76756.5,exit_signal,2,0.00022856707987695124,-0.0007711616228514018,False
Scalp,2026-05-24 05:41:00+00:00,2026-05-24 05:47:00+00:00,76688.49,76699.99,exit_signal,6,0.0001499573143244337,-0.0008496928179236862,False
Scalp,2026-05-24 07:10:00+00:00,2026-05-24 07:17:00+00:00,76930.04,76908.0,exit_signal,7,-0.00028649406655700815,-0.0012857079655408388,False
Scalp,2026-05-24 09:28:00+00:00,2026-05-24 09:31:00+00:00,76908.0,76940.08,exit_signal,3,0.00041712175586416933,-0.0005827954073100994,False
Scalp,2026-05-24 09:43:00+00:00,2026-05-24 09:45:00+00:00,76981.05,76987.19,exit_signal,2,7.975988895969621e-05,-0.0009198200809442669,False
Scalp,2026-05-24 10:03:00+00:00,2026-05-24 10:06:00+00:00,76958.0,76964.41,exit_signal,3,8.329218534797178e-05,-0.0009162913150870811,False
Scalp,2026-05-24 10:33:00+00:00,2026-05-24 10:35:00+00:00,77128.57,77219.31,exit_signal,2,0.0011764771471840518,0.00017580100810654642,False
Scalp,2026-05-24 10:47:00+00:00,2026-05-24 10:52:00+00:00,77162.96,77168.62,exit_signal,5,7.335125557639266e-05,-0.0009262223088967181,False
Scalp,2026-05-24 13:51:00+00:00,2026-05-24 14:00:00+00:00,76901.52,76802.23,exit_signal,9,-0.0012911318267831984,-0.002289341590074767,False
Scalp,2026-05-24 14:15:00+00:00,2026-05-24 14:22:00+00:00,76515.11,76415.25,exit_signal,7,-0.0013051016982136288,-0.00230329749861502,False
Scalp,2026-05-24 14:28:00+00:00,2026-05-24 14:29:00+00:00,76428.32,76504.9,exit_signal,1,0.0010019846046593894,1.482870921831747e-06,False
Scalp,2026-05-24 16:28:00+00:00,2026-05-24 16:30:00+00:00,76573.31,76596.0,exit_signal,2,0.0002963173460830415,-0.000703479073053126,False
Scalp,2026-05-24 20:07:00+00:00,2026-05-24 20:08:00+00:00,76683.98,76728.9,exit_signal,1,0.0005857807589015884,-0.0004143049789882003,False
Scalp,2026-05-24 21:37:00+00:00,2026-05-24 21:41:00+00:00,76248.71,76309.65,exit_signal,4,0.0007992266360963285,-0.00020107244100098232,False
Scalp,2026-05-24 21:46:00+00:00,2026-05-24 21:49:00+00:00,76153.31,76206.01,exit_signal,3,0.0006920250741562217,-0.00030816685495327345,False
Scalp,2026-05-24 22:00:00+00:00,2026-05-24 22:01:00+00:00,76151.14,76307.12,exit_signal,1,0.002048295009109413,0.0010467474878610439,False
Scalp,2026-05-25 02:18:00+00:00,2026-05-25 02:31:00+00:00,77298.17,77120.01,exit_signal,13,-0.0023048411107274847,-0.0033020376713362998,False
Scalp,2026-05-25 04:36:00+00:00,2026-05-25 04:38:00+00:00,77161.66,77164.04,exit_signal,2,3.084433383104823e-05,-0.0009686867449634207,False
Scalp,2026-05-25 05:05:00+00:00,2026-05-25 05:08:00+00:00,77340.01,77403.99,exit_signal,3,0.0008272561640476628,-0.00017307092856988504,False
Scalp,2026-05-25 05:24:00+00:00,2026-05-25 05:26:00+00:00,77379.4,77399.79,exit_signal,2,0.0002635068248137973,-0.0007362568001985093,False
Scalp,2026-05-25 09:06:00+00:00,2026-05-25 09:09:00+00:00,77440.82,77461.37,exit_signal,3,0.00026536392564002753,-0.000734401555544939,False
Scalp,2026-05-25 09:44:00+00:00,2026-05-25 09:49:00+00:00,77580.01,77594.07,exit_signal,5,0.00018123225299926382,-0.0008184491385578863,False
Scalp,2026-05-25 10:28:00+00:00,2026-05-25 10:35:00+00:00,77528.0,77556.11,exit_signal,7,0.0003625786812506693,-0.0006372839661068497,False
Scalp,2026-05-25 11:15:00+00:00,2026-05-25 11:20:00+00:00,77444.01,77437.48,exit_signal,5,-8.431898089988898e-05,-0.0010837349539322139,False
Scalp,2026-05-25 11:28:00+00:00,2026-05-25 11:31:00+00:00,77414.99,77429.86,exit_signal,3,0.0001920816627374311,-0.0008076105728075378,False
Scalp,2026-05-25 14:34:00+00:00,2026-05-25 14:36:00+00:00,77572.01,77591.64,exit_signal,2,0.00025305519349050343,-0.0007466979851136202,False
Scalp,2026-05-25 14:42:00+00:00,2026-05-25 14:45:00+00:00,77557.29,77577.31,exit_signal,3,0.0002581317629846147,-0.0007416264896520364,False
Scalp,2026-05-25 16:56:00+00:00,2026-05-25 16:57:00+00:00,77711.4,77750.19,exit_signal,1,0.0004991545641952477,-0.0005008445907913606,False
Scalp,2026-05-25 17:07:00+00:00,2026-05-25 17:09:00+00:00,77753.18,77773.44,exit_signal,2,0.00026056812081520775,-0.0007391925669616439,False
Scalp,2026-05-25 18:22:00+00:00,2026-05-25 18:28:00+00:00,77628.08,77629.55,exit_signal,6,1.8936446708472943e-05,-0.0009805827301496706,False
Scalp,2026-05-26 00:20:00+00:00,2026-05-26 00:27:00+00:00,77153.01,77127.87,exit_signal,7,-0.00032584600393426033,-0.0013250205706467622,False
Scalp,2026-05-26 00:37:00+00:00,2026-05-26 00:46:00+00:00,77093.57,76914.94,exit_signal,9,-0.0023170544573303253,-0.0033142388106961462,False
Scalp,2026-05-26 00:53:00+00:00,2026-05-26 00:56:00+00:00,76616.81,76831.68,exit_signal,3,0.002804475936807993,0.0018021726125334592,False
Scalp,2026-05-26 04:42:00+00:00,2026-05-26 04:45:00+00:00,76760.0,76768.93,exit_signal,3,0.00011633663366317215,-0.0008832798947060461,False
Scalp,2026-05-26 05:43:00+00:00,2026-05-26 05:45:00+00:00,76888.62,76918.25,exit_signal,2,0.00038536261933175275,-0.0006145228005773884,False
Scalp,2026-05-26 05:49:00+00:00,2026-05-26 05:57:00+00:00,76895.6,76890.08,exit_signal,8,-7.17856418313012e-05,-0.0010712141419392252,False
Scalp,2026-05-26 07:14:00+00:00,2026-05-26 07:19:00+00:00,76676.89,76662.61,exit_signal,5,-0.00018623603539469347,-0.0011855501423059245,False
Scalp,2026-05-26 07:32:00+00:00,2026-05-26 07:35:00+00:00,76680.89,76681.42,exit_signal,3,6.911761196271016e-06,-0.000992595396985596,False
Scalp,2026-05-26 09:10:00+00:00,2026-05-26 09:12:00+00:00,76667.17,76700.0,exit_signal,2,0.0004282145799825443,-0.0005717136704720405,False
Scalp,2026-05-26 11:02:00+00:00,2026-05-26 11:05:00+00:00,77447.27,77486.05,exit_signal,3,0.0005007277854984782,-0.0004992729419232012,False
Scalp,2026-05-26 11:11:00+00:00,2026-05-26 11:19:00+00:00,77378.09,77323.99,exit_signal,8,-0.0006991643241645029,-0.0016979657591228436,False
Scalp,2026-05-26 12:28:00+00:00,2026-05-26 12:30:00+00:00,76969.06,77016.73,exit_signal,2,0.0006193397710716475,-0.000380779509059459,False
Scalp,2026-05-26 14:33:00+00:00,2026-05-26 14:48:00+00:00,77619.99,76932.01,exit_signal,15,-0.008863438400340096,-0.009854079641319013,False
Scalp,2026-05-26 15:34:00+00:00,2026-05-26 15:40:00+00:00,76454.01,76450.0,exit_signal,6,-5.244983225860533e-05,-0.0010518976585129902,False
Scalp,2026-05-26 17:25:00+00:00,2026-05-26 17:37:00+00:00,76185.72,76013.68,exit_signal,12,-0.0022581659660105835,-0.003255409178438251,False
Scalp,2026-05-26 22:48:00+00:00,2026-05-26 22:53:00+00:00,75725.11,75714.23,exit_signal,5,-0.00014367757273647808,-0.0011430342168415875,False
Scalp,2026-05-27 02:20:00+00:00,2026-05-27 02:24:00+00:00,75711.61,75749.26,exit_signal,4,0.0004972817246917671,-0.0005027155583912091,False
Scalp,2026-05-27 03:15:00+00:00,2026-05-27 03:26:00+00:00,75890.27,75858.0,exit_signal,11,-0.0004252192013548539,-0.0014242944445317374,False
Scalp,2026-05-27 04:16:00+00:00,2026-05-27 04:28:00+00:00,75594.77,75526.0,exit_signal,12,-0.000909719018921562,-0.00190831000440983,False
Scalp,2026-05-27 04:32:00+00:00,2026-05-27 04:46:00+00:00,75364.01,75459.97,exit_signal,14,0.001273286811569685,0.00027251391120830526,False
Scalp,2026-05-27 09:04:00+00:00,2026-05-27 09:09:00+00:00,75759.42,75794.54,exit_signal,5,0.0004635727147856983,-0.0005363908761334413,False
Scalp,2026-05-27 09:15:00+00:00,2026-05-27 09:21:00+00:00,75753.78,75776.01,exit_signal,6,0.0002934507030538658,-0.0007063428508721215,False
Scalp,2026-05-27 10:31:00+00:00,2026-05-27 10:44:00+00:00,76010.21,75906.69,exit_signal,13,-0.0013619222996490432,-0.0023600613078451627,False
Scalp,2026-05-27 11:34:00+00:00,2026-05-27 11:36:00+00:00,75842.15,75851.83,exit_signal,2,0.00012763351249933663,-0.0008719943071031633,False
Scalp,2026-05-27 11:44:00+00:00,2026-05-27 11:52:00+00:00,75825.94,75805.44,exit_signal,8,-0.0002703560285569617,-0.0012695860575138163,False
Scalp,2026-05-27 11:56:00+00:00,2026-05-27 12:19:00+00:00,75772.01,75760.47,exit_signal,23,-0.0001522989821702847,-0.0011516470091743614,False
Scalp,2026-05-27 13:11:00+00:00,2026-05-27 13:19:00+00:00,75522.98,75457.14,exit_signal,8,-0.0008717876333799168,-0.0018704165312972698,False
Scalp,2026-05-27 13:24:00+00:00,2026-05-27 13:31:00+00:00,75372.01,75257.76,exit_signal,7,-0.0015158146903605507,-0.002513799883073653,False
Scalp,2026-05-27 13:40:00+00:00,2026-05-27 13:46:00+00:00,74955.27,74980.01,exit_signal,6,0.0003300635165477406,-0.0006697666318945528,False
Scalp,2026-05-27 15:45:00+00:00,2026-05-27 15:48:00+00:00,75202.01,75303.79,exit_signal,3,0.0013534212715857752,0.0003525682768115157,False
Scalp,2026-05-27 17:16:00+00:00,2026-05-27 17:19:00+00:00,74923.74,74980.01,exit_signal,3,0.0007510303142901353,-0.0002492205905717526,False
Scalp,2026-05-27 20:26:00+00:00,2026-05-27 20:28:00+00:00,75317.61,75324.0,exit_signal,2,8.484071653369618e-05,-0.0009147443316587234,False
Scalp,2026-05-27 21:38:00+00:00,2026-05-27 22:00:00+00:00,74939.85,74473.01,exit_signal,22,-0.006229529415925028,-0.007222803249592125,False
Scalp,2026-05-27 22:13:00+00:00,2026-05-27 22:17:00+00:00,74381.46,74477.26,exit_signal,4,0.0012879553587679116,0.0002871677971900688,False
Scalp,2026-05-28 03:40:00+00:00,2026-05-28 03:42:00+00:00,73481.72,73560.0,exit_signal,2,0.0010652989614288177,6.47339449757478e-05,False
Scalp,2026-05-28 03:54:00+00:00,2026-05-28 03:59:00+00:00,73290.71,73262.61,exit_signal,5,-0.000383404663428788,-0.001382521700246997,False
Scalp,2026-05-28 04:15:00+00:00,2026-05-28 04:28:00+00:00,73082.07,72927.42,exit_signal,13,-0.0021161141166363695,-0.0031134993099231068,False
Scalp,2026-05-28 07:50:00+00:00,2026-05-28 07:55:00+00:00,73434.01,73426.42,exit_signal,5,-0.00010335810341821627,-0.0011027550468430958,False
Scalp,2026-05-28 10:25:00+00:00,2026-05-28 10:29:00+00:00,73369.31,73387.89,exit_signal,4,0.0002532393994165716,-0.0007465139633012763,False
Scalp,2026-05-28 12:38:00+00:00,2026-05-28 12:40:00+00:00,73382.32,73486.5,exit_signal,2,0.0014196880120442845,0.0004187687836463283,False
Scalp,2026-05-28 13:21:00+00:00,2026-05-28 13:28:00+00:00,73245.99,73190.01,exit_signal,7,-0.0007642739213438166,-0.0017630102792434155,False
Scalp,2026-05-28 13:35:00+00:00,2026-05-28 13:42:00+00:00,72958.01,72946.0,exit_signal,7,-0.0001646152355305741,-0.0011639509524365987,False
Scalp,2026-05-28 17:05:00+00:00,2026-05-28 17:08:00+00:00,73353.52,73440.67,exit_signal,3,0.0011880820443244122,0.00018739430614922448,False
Scalp,2026-05-28 19:12:00+00:00,2026-05-28 19:17:00+00:00,73483.06,73475.06,exit_signal,5,-0.00010886862904180283,-0.0011082600646949992,False
Scalp,2026-05-28 22:05:00+00:00,2026-05-28 22:10:00+00:00,73773.1,73760.03,exit_signal,5,-0.00017716484734964233,-0.0011764880209154116,False
Scalp,2026-05-28 22:34:00+00:00,2026-05-28 22:39:00+00:00,73570.04,73574.01,exit_signal,5,5.3962183519384865e-05,-0.0009455920015715158,False
Scalp,2026-05-28 22:42:00+00:00,2026-05-28 22:46:00+00:00,73505.95,73529.68,exit_signal,4,0.00032283100891827843,-0.0006769919106306421,False
Scalp,2026-05-28 22:55:00+00:00,2026-05-28 23:02:00+00:00,73510.85,73525.34,exit_signal,7,0.0001971137593972383,-0.0008025835057294817,False
Scalp,2026-05-28 23:39:00+00:00,2026-05-28 23:45:00+00:00,73636.85,73599.18,exit_signal,6,-0.000511564522382657,-0.0015105534633895745,False
Scalp,2026-05-29 01:40:00+00:00,2026-05-29 01:43:00+00:00,73500.0,73526.01,exit_signal,3,0.0003538775510203429,-0.0006459763995554368,False
Scalp,2026-05-29 02:44:00+00:00,2026-05-29 02:48:00+00:00,73340.1,73380.18,exit_signal,4,0.0005464950279585601,-0.00045355144383329993,False
Scalp,2026-05-29 02:54:00+00:00,2026-05-29 03:01:00+00:00,73303.93,73258.72,exit_signal,7,-0.0006167472876282831,-0.0016156310984350997,False
Scalp,2026-05-29 05:16:00+00:00,2026-05-29 05:20:00+00:00,73608.02,73620.0,exit_signal,4,0.00016275400425103115,-0.00083690891829169,False
Scalp,2026-05-29 05:25:00+00:00,2026-05-29 05:27:00+00:00,73552.02,73567.15,exit_signal,2,0.00020570475154846335,-0.0007940011002770531,False
Scalp,2026-05-29 06:29:00+00:00,2026-05-29 06:43:00+00:00,73774.92,73694.32,exit_signal,14,-0.0010925121979121766,-0.0020909204815722227,False
Scalp,2026-05-29 07:35:00+00:00,2026-05-29 07:49:00+00:00,73534.68,73410.62,exit_signal,14,-0.0016870951230085751,-0.0026849091208863696,False
Scalp,2026-05-29 09:00:00+00:00,2026-05-29 09:01:00+00:00,73653.4,73668.18,exit_signal,1,0.000200669622855143,-0.0007990311963578245,False
Scalp,2026-05-29 09:34:00+00:00,2026-05-29 09:37:00+00:00,73844.17,73845.99,exit_signal,3,2.4646495451197126e-05,-0.0009748783886021073,False
Scalp,2026-05-29 10:05:00+00:00,2026-05-29 10:07:00+00:00,73681.46,73710.82,exit_signal,2,0.00039847201724829695,-0.0006014265055073187,False
Scalp,2026-05-29 10:19:00+00:00,2026-05-29 10:22:00+00:00,73658.15,73658.03,exit_signal,3,-1.6291476231389268e-06,-0.0010011277691647225,False
Scalp,2026-05-29 10:34:00+00:00,2026-05-29 10:35:00+00:00,73589.91,73624.04,exit_signal,1,0.0004637864076744158,-0.0005361773968307615,False
Scalp,2026-05-29 10:43:00+00:00,2026-05-29 10:50:00+00:00,73635.57,73651.47,exit_signal,7,0.00021592825315264186,-0.000783787817065229,False
Scalp,2026-05-29 11:41:00+00:00,2026-05-29 11:44:00+00:00,73509.97,73523.99,exit_signal,3,0.0001907224285360165,-0.0008089684484539061,False
Scalp,2026-05-29 12:08:00+00:00,2026-05-29 12:11:00+00:00,73382.69,73389.99,exit_signal,3,9.947850099267797e-05,-0.0009001211776690221,False
Scalp,2026-05-29 12:23:00+00:00,2026-05-29 12:30:00+00:00,73366.38,73326.81,exit_signal,7,-0.0005393478593329615,-0.0015383090308878078,False
Scalp,2026-05-29 12:58:00+00:00,2026-05-29 13:07:00+00:00,73295.74,73237.2,exit_signal,9,-0.0007986821607914862,-0.0017973841276472946,False
Scalp,2026-05-29 13:25:00+00:00,2026-05-29 13:28:00+00:00,73030.98,73079.88,exit_signal,3,0.000669578855439168,-0.00033059063866902605,False
Scalp,2026-05-29 13:53:00+00:00,2026-05-29 13:57:00+00:00,73142.0,73180.0,exit_signal,4,0.0005195373383282131,-0.0004804821892462341,False
Scalp,2026-05-29 14:26:00+00:00,2026-05-29 14:29:00+00:00,72678.38,72710.0,exit_signal,3,0.0004350674849933345,-0.0005648676149415666,False
Scalp,2026-05-29 14:41:00+00:00,2026-05-29 14:48:00+00:00,72731.75,72763.62,exit_signal,7,0.00043818552420349377,-0.0005617526922123695,False
Scalp,2026-05-29 15:45:00+00:00,2026-05-29 15:49:00+00:00,73825.99,73831.33,exit_signal,4,7.23322504716517e-05,-0.0009272402955056158,False
Scalp,2026-05-29 17:28:00+00:00,2026-05-29 17:31:00+00:00,74219.99,74260.99,exit_signal,3,0.0005524118232838049,-0.0004476405623464741,False
Scalp,2026-05-29 17:47:00+00:00,2026-05-29 17:59:00+00:00,74133.4,74008.47,exit_signal,12,-0.0016852053190599126,-0.0026830212057974423,False
Scalp,2026-05-29 18:47:00+00:00,2026-05-29 18:57:00+00:00,73630.79,73395.99,exit_signal,10,-0.0031888833462195842,-0.004185196306393135,False
Scalp,2026-05-29 19:16:00+00:00,2026-05-29 19:24:00+00:00,73420.01,73324.27,exit_signal,8,-0.0013040041808763947,-0.002302201078246746,False
Scalp,2026-05-29 19:53:00+00:00,2026-05-29 20:02:00+00:00,73621.08,73568.52,exit_signal,9,-0.0007139259570764223,-0.0017127126377788349,False
Scalp,2026-05-29 21:51:00+00:00,2026-05-29 21:59:00+00:00,73463.78,73441.27,exit_signal,8,-0.0003064094986671151,-0.0013056034921715698,False
Scalp,2026-05-30 03:04:00+00:00,2026-05-30 03:05:00+00:00,73748.8,73796.43,exit_signal,1,0.0006458410170739892,-0.00035430475105890924,False
Scalp,2026-05-30 03:34:00+00:00,2026-05-30 03:47:00+00:00,73622.69,73563.99,exit_signal,13,-0.0007973085471340013,-0.001796011886916915,False
Scalp,2026-05-30 03:54:00+00:00,2026-05-30 04:01:00+00:00,73560.01,73561.07,exit_signal,7,1.4410003478904088e-05,-0.0009851046491980986,False
Scalp,2026-05-30 04:07:00+00:00,2026-05-30 04:13:00+00:00,73468.74,73427.33,exit_signal,6,-0.0005636410805467396,-0.0015625779710207732,False
Scalp,2026-05-30 04:19:00+00:00,2026-05-30 04:39:00+00:00,73418.41,73286.0,exit_signal,20,-0.0018034986047777979,-0.0028011962573465388,False
Scalp,2026-05-30 06:07:00+00:00,2026-05-30 06:14:00+00:00,73565.96,73554.8,exit_signal,7,-0.00015170059630842392,-0.0011510492213993029,False
Scalp,2026-05-30 06:29:00+00:00,2026-05-30 06:31:00+00:00,73599.07,73627.99,exit_signal,2,0.0003929397477440144,-0.0006069532455068583,False
Scalp,2026-05-30 06:49:00+00:00,2026-05-30 06:55:00+00:00,73633.35,73619.64,exit_signal,6,-0.00018619280529819093,-0.0011855069554177478,False
Scalp,2026-05-30 10:24:00+00:00,2026-05-30 10:25:00+00:00,73630.05,73670.05,exit_signal,1,0.0005432564557541486,-0.00045678677908400633,False
Scalp,2026-05-30 12:39:00+00:00,2026-05-30 12:41:00+00:00,73671.02,73671.02,exit_signal,2,0.0,-0.0009995002498748295,False
Scalp,2026-05-30 13:30:00+00:00,2026-05-30 13:41:00+00:00,73773.44,73727.99,exit_signal,11,-0.0006160753788897466,-0.0016149598612694716,False
Scalp,2026-05-30 14:17:00+00:00,2026-05-30 14:19:00+00:00,73908.0,73982.0,exit_signal,2,0.0010012447908209765,7.43796527480356e-07,False
Scalp,2026-05-30 14:47:00+00:00,2026-05-30 14:49:00+00:00,73953.99,74019.35,exit_signal,2,0.0008837927473555052,-0.00011659085359116972,False
Scalp,2026-05-30 17:34:00+00:00,2026-05-30 17:36:00+00:00,73851.65,73878.49,exit_signal,2,0.0003634312842029086,-0.0006364322153313839,False
Scalp,2026-05-30 20:17:00+00:00,2026-05-30 20:19:00+00:00,73958.5,73969.37,exit_signal,2,0.00014697431667753946,-0.0008526728340636502,False
Scalp,2026-05-30 20:45:00+00:00,2026-05-30 20:52:00+00:00,73932.89,73950.05,exit_signal,7,0.00023210238366178082,-0.0007676298526035907,False
Scalp,2026-05-30 21:35:00+00:00,2026-05-30 21:40:00+00:00,73984.09,73983.01,exit_signal,5,-1.4597733107191146e-05,-0.0010140833925442738,False
Scalp,2026-05-31 00:32:00+00:00,2026-05-31 00:33:00+00:00,73966.01,74009.14,exit_signal,1,0.0005831056724570072,-0.00041697739168333747,False
Scalp,2026-05-31 01:30:00+00:00,2026-05-31 01:32:00+00:00,74097.16,74188.0,exit_signal,2,0.0012259579179552116,0.0002252323228348896,False
Scalp,2026-05-31 01:41:00+00:00,2026-05-31 01:48:00+00:00,74114.0,74124.0,exit_signal,7,0.0001349272741992813,-0.0008647078355200621,False
Scalp,2026-05-31 02:27:00+00:00,2026-05-31 02:40:00+00:00,74097.69,73945.49,exit_signal,13,-0.002054045139598726,-0.003051492370843456,False
Scalp,2026-05-31 03:33:00+00:00,2026-05-31 03:35:00+00:00,74181.96,74226.77,exit_signal,2,0.0006040552177375424,-0.00039604878547838673,False
Scalp,2026-05-31 03:39:00+00:00,2026-05-31 03:45:00+00:00,74168.44,74168.0,exit_signal,6,-5.932442424305684e-06,-0.0010054267628215596,False
Scalp,2026-05-31 06:05:00+00:00,2026-05-31 06:12:00+00:00,74008.96,74010.85,exit_signal,7,2.5537448438583965e-05,-0.000973988326122277,False
Scalp,2026-05-31 07:18:00+00:00,2026-05-31 07:28:00+00:00,73952.65,73921.0,exit_signal,10,-0.0004279765498598209,-0.0014270490370663635,False
Scalp,2026-05-31 07:35:00+00:00,2026-05-31 07:38:00+00:00,73847.3,73898.0,exit_signal,3,0.000686551844143235,-0.0003136346144715363,False
Scalp,2026-05-31 10:20:00+00:00,2026-05-31 10:26:00+00:00,73810.64,73791.99,exit_signal,6,-0.00025267359827785274,-0.0012519213008281849,False
Scalp,2026-05-31 11:15:00+00:00,2026-05-31 11:18:00+00:00,73907.98,73907.99,exit_signal,3,1.3530338693890087e-07,-0.0009993650817237132,False
Scalp,2026-05-31 11:35:00+00:00,2026-05-31 11:38:00+00:00,73926.11,73926.1,exit_signal,3,-1.3527020414905166e-07,-0.0009996353848765738,False
Scalp,2026-05-31 13:52:00+00:00,2026-05-31 13:55:00+00:00,73866.01,73868.6,exit_signal,3,3.506348860615738e-05,-0.0009644718072344682,False
Scalp,2026-05-31 14:04:00+00:00,2026-05-31 14:07:00+00:00,73786.0,73811.99,exit_signal,3,0.0003522348412978715,-0.0006476174673889501,False
Scalp,2026-05-31 15:33:00+00:00,2026-05-31 15:35:00+00:00,73731.27,73752.23,exit_signal,2,0.00028427558619292803,-0.0007155087972015028,False
Scalp,2026-05-31 15:40:00+00:00,2026-05-31 15:48:00+00:00,73718.81,73681.99,exit_signal,8,-0.0004994654688538214,-0.001498466502867779,False
Scalp,2026-05-31 17:53:00+00:00,2026-05-31 17:55:00+00:00,73691.57,73699.66,exit_signal,2,0.00010978189228416646,-0.0008898280846194595,False
Scalp,2026-05-31 18:04:00+00:00,2026-05-31 18:08:00+00:00,73618.22,73641.34,exit_signal,4,0.0003140526896736606,-0.0006857614559431235,False
Scalp,2026-05-31 19:35:00+00:00,2026-05-31 19:38:00+00:00,73469.99,73493.28,exit_signal,3,0.0003170001792567323,-0.0006828169123764827,False
Scalp,2026-05-31 20:27:00+00:00,2026-05-31 20:30:00+00:00,73679.05,73682.28,exit_signal,3,4.3838784566263556e-05,-0.0009557052821848044,False
Scalp,2026-05-31 22:05:00+00:00,2026-05-31 22:08:00+00:00,73714.97,73767.85,exit_signal,3,0.0007173576818928495,-0.0002828595671644507,False
Scalp,2026-06-01 01:07:00+00:00,2026-06-01 01:18:00+00:00,73680.0,73619.99,exit_signal,11,-0.0008144679695981649,-0.0018131541585338917,False
Scalp,2026-06-01 01:33:00+00:00,2026-06-01 01:35:00+00:00,73593.0,73615.99,exit_signal,2,0.0003123938418057026,-0.0006874186457922482,False
Scalp,2026-06-01 01:58:00+00:00,2026-06-01 02:03:00+00:00,73333.6,73322.29,exit_signal,5,-0.00015422671190301607,-0.0011535728121407907,False
Scalp,2026-06-01 03:15:00+00:00,2026-06-01 03:20:00+00:00,73882.0,73918.09,exit_signal,5,0.0004884816328740715,-0.0005115068545150647,False
Scalp,2026-06-01 04:12:00+00:00,2026-06-01 04:32:00+00:00,73602.92,73466.0,exit_signal,20,-0.0018602522834691992,-0.002857893210722051,False
Scalp,2026-06-01 06:11:00+00:00,2026-06-01 06:13:00+00:00,73257.59,73308.78,exit_signal,2,0.0006987671857618949,-0.00030143148208983117,False
Scalp,2026-06-01 06:42:00+00:00,2026-06-01 06:49:00+00:00,73121.48,73056.73,exit_signal,7,-0.0008855127111759842,-0.001884127890874887,False
Scalp,2026-06-01 07:50:00+00:00,2026-06-01 07:53:00+00:00,72752.0,72840.0,exit_signal,3,0.00120958873982846,0.0002088795057058057,False
Scalp,2026-06-01 10:06:00+00:00,2026-06-01 10:09:00+00:00,72779.99,72867.11,exit_signal,3,0.0011970323161627494,0.0001963356321885712,False
Scalp,2026-06-01 10:15:00+00:00,2026-06-01 10:30:00+00:00,72785.46,72705.72,exit_signal,15,-0.0010955484790506897,-0.0020939537279470732,False
Scalp,2026-06-01 12:04:00+00:00,2026-06-01 12:06:00+00:00,72239.99,72323.46,exit_signal,2,0.0011554542020284497,0.00015479907538984428,False
Scalp,2026-06-01 12:10:00+00:00,2026-06-01 12:16:00+00:00,72108.01,72106.03,exit_signal,6,-2.7458807974278798e-05,-0.0010269316127637929,False
Scalp,2026-06-01 15:26:00+00:00,2026-06-01 15:32:00+00:00,71163.97,71321.06,exit_signal,6,0.0022074372747893367,0.00120573069080665,False
Scalp,2026-06-01 15:56:00+00:00,2026-06-01 16:00:00+00:00,71108.01,71129.62,exit_signal,4,0.00030390387805812047,-0.0006959001238188156,False
Scalp,2026-06-01 16:11:00+00:00,2026-06-01 16:15:00+00:00,70841.38,70884.01,exit_signal,4,0.0006017669333939768,-0.00039833478268136435,False
Scalp,2026-06-01 17:19:00+00:00,2026-06-01 17:22:00+00:00,71488.01,71550.01,exit_signal,3,0.0008672783030330145,-0.00013308879172280186,False
Scalp,2026-06-01 18:01:00+00:00,2026-06-01 18:22:00+00:00,71640.78,71446.01,exit_signal,21,-0.0027187029510288285,-0.003715485856624734,False
Scalp,2026-06-01 20:59:00+00:00,2026-06-01 21:04:00+00:00,71435.68,71432.05,exit_signal,5,-5.081494289671529e-05,-0.0010502644032236441,False
Scalp,2026-06-01 21:11:00+00:00,2026-06-01 21:15:00+00:00,71181.37,71220.0,exit_signal,4,0.0005426981807179487,-0.0004573444961244455,False
Scalp,2026-06-01 21:20:00+00:00,2026-06-01 21:21:00+00:00,71124.67,71207.37,exit_signal,1,0.0011627470468404955,0.00016208463100153558,False
Scalp,2026-06-01 21:36:00+00:00,2026-06-01 21:38:00+00:00,71124.51,71130.0,exit_signal,2,7.718858098293424e-05,-0.0009223888188981677,False
Scalp,2026-06-01 21:58:00+00:00,2026-06-01 21:59:00+00:00,70993.99,71082.0,exit_signal,1,0.001239682401284803,0.00023894308854011115,False
Scalp,2026-06-01 22:03:00+00:00,2026-06-01 22:11:00+00:00,70933.22,70976.73,exit_signal,8,0.00061339383718928,-0.00038671949997926003,False
Scalp,2026-06-01 22:36:00+00:00,2026-06-01 22:43:00+00:00,71222.18,71156.0,exit_signal,7,-0.0009292049190293694,-0.0019277764283553989,False
Scalp,2026-06-01 23:04:00+00:00,2026-06-01 23:08:00+00:00,71379.99,71378.0,exit_signal,4,-2.7878961597060936e-05,-0.0010273513464428286,False
Scalp,2026-06-02 00:11:00+00:00,2026-06-02 00:29:00+00:00,71285.52,71207.2,exit_signal,18,-0.0010986803491088715,-0.002097082467700573,False
Scalp,2026-06-02 01:34:00+00:00,2026-06-02 01:42:00+00:00,71060.01,70944.01,exit_signal,8,-0.0016324230745252688,-0.0026302917171294737,False
Scalp,2026-06-02 01:57:00+00:00,2026-06-02 02:15:00+00:00,70834.63,70346.64,exit_signal,18,-0.006889144476367126,-0.00788175902461663,False
Scalp,2026-06-02 05:05:00+00:00,2026-06-02 05:10:00+00:00,70608.53,70682.01,exit_signal,5,0.0010406674660978776,4.012706883060879e-05,False
Scalp,2026-06-02 05:50:00+00:00,2026-06-02 06:02:00+00:00,70434.34,70354.0,exit_signal,12,-0.001140636797334893,-0.0021389969804457287,False
Scalp,2026-06-02 06:14:00+00:00,2026-06-02 06:17:00+00:00,70253.93,70376.01,exit_signal,3,0.0017376963822521851,0.0007364593044090206,False
Scalp,2026-06-02 07:04:00+00:00,2026-06-02 07:08:00+00:00,69841.15,69968.83,exit_signal,4,0.0018281485914823925,0.0008268211066333464,False
Scalp,2026-06-02 08:56:00+00:00,2026-06-02 08:58:00+00:00,69775.0,69808.0,exit_signal,2,0.00047294876388392915,-0.0005270241983986734,False
Scalp,2026-06-02 09:05:00+00:00,2026-06-02 09:08:00+00:00,69597.1,69700.01,exit_signal,3,0.001478653564588095,0.00047767540010568155,False
Scalp,2026-06-02 09:24:00+00:00,2026-06-02 09:31:00+00:00,69475.94,69418.0,exit_signal,7,-0.0008339577701288459,-0.0018326244790043411,False
Scalp,2026-06-02 12:21:00+00:00,2026-06-02 12:22:00+00:00,69258.31,69336.21,exit_signal,1,0.0011247747743197145,0.00012415031177659408,False
Scalp,2026-06-02 12:35:00+00:00,2026-06-02 12:41:00+00:00,69173.84,69167.99,exit_signal,6,-8.456954247426651e-05,-0.001083985265070475,False
Scalp,2026-06-02 14:24:00+00:00,2026-06-02 14:31:00+00:00,68023.36,67940.67,exit_signal,7,-0.001215611813353612,-0.00221389705891728,False
Scalp,2026-06-02 14:42:00+00:00,2026-06-02 14:46:00+00:00,67959.12,68142.0,exit_signal,4,0.0026910295483519864,0.001688839613771087,False
Scalp,2026-06-02 15:39:00+00:00,2026-06-02 15:41:00+00:00,67155.34,67307.58,exit_signal,2,0.00226698278945503,0.0012652166897155759,False
Scalp,2026-06-02 15:51:00+00:00,2026-06-02 15:56:00+00:00,67151.29,67223.45,exit_signal,5,0.0010745884405198858,7.40141392303606e-05,False
Scalp,2026-06-02 16:24:00+00:00,2026-06-02 16:28:00+00:00,67811.99,67850.78,exit_signal,4,0.0005720227352123963,-0.0004280492515291723,False
Scalp,2026-06-02 18:40:00+00:00,2026-06-02 18:45:00+00:00,67244.01,67300.0,exit_signal,5,0.0008326392194637489,-0.0001676932535191744,False
Scalp,2026-06-02 19:33:00+00:00,2026-06-02 19:37:00+00:00,66725.37,66723.14,exit_signal,4,-3.3420571515674347e-05,-0.0010328874175210556,False
Scalp,2026-06-02 21:14:00+00:00,2026-06-02 21:16:00+00:00,67424.4,67586.0,exit_signal,2,0.002396758443530933,0.0013948626329929326,False
Scalp,2026-06-02 22:02:00+00:00,2026-06-02 22:08:00+00:00,67421.95,67438.0,exit_signal,6,0.00023805303762358676,-0.000761685146322022,False
Scalp,2026-06-02 22:13:00+00:00,2026-06-02 22:22:00+00:00,67264.01,67175.99,exit_signal,9,-0.0013085749719647932,-0.0023067673008282386,False
Scalp,2026-06-02 22:37:00+00:00,2026-06-02 22:45:00+00:00,67036.03,66956.0,exit_signal,8,-0.0011938356134753025,-0.002192142624356297,False
Scalp,2026-06-02 23:03:00+00:00,2026-06-02 23:07:00+00:00,66280.66,66446.0,exit_signal,4,0.0024945436572296753,0.0014925501103459915,False
Scalp,2026-06-03 01:42:00+00:00,2026-06-03 01:50:00+00:00,66616.01,66634.0,exit_signal,8,0.0002700552014449631,-0.0007297149686713578,False
Scalp,2026-06-03 03:14:00+00:00,2026-06-03 03:15:00+00:00,66440.0,66515.87,exit_signal,1,0.001141932570740467,0.00014129095897552624,False
Scalp,2026-06-03 03:22:00+00:00,2026-06-03 03:24:00+00:00,66381.25,66451.47,exit_signal,2,0.0010578288296769767,5.727127962229517e-05,False
Scalp,2026-06-03 03:30:00+00:00,2026-06-03 03:53:00+00:00,66147.81,65812.56,exit_signal,23,-0.005068195001467157,-0.0060626295891716975,False
Scalp,2026-06-03 04:33:00+00:00,2026-06-03 04:36:00+00:00,66380.0,66464.93,exit_signal,3,0.0012794516420606694,0.0002786725799497347,False
Scalp,2026-06-03 05:22:00+00:00,2026-06-03 05:28:00+00:00,67114.0,67039.99,exit_signal,6,-0.0011027505438506724,-0.0021011485942815655,False
Scalp,2026-06-03 05:33:00+00:00,2026-06-03 05:36:00+00:00,66819.28,66962.09,exit_signal,3,0.0021372573903819525,0.0011356209512112247,False
Scalp,2026-06-03 06:05:00+00:00,2026-06-03 06:07:00+00:00,67249.98,67277.26,exit_signal,2,0.00040565067826037193,-0.00059425501956889,False
Scalp,2026-06-03 06:59:00+00:00,2026-06-03 07:05:00+00:00,66998.0,66979.99,exit_signal,6,-0.0002688139944475587,-0.0012680455646678634,False
Scalp,2026-06-03 08:18:00+00:00,2026-06-03 08:19:00+00:00,67052.0,67134.71,exit_signal,1,0.0012335202529381029,0.00023278709926222163,False
Scalp,2026-06-03 10:01:00+00:00,2026-06-03 10:05:00+00:00,67082.78,67178.0,exit_signal,4,0.0014194402796068317,0.00041852129881769784,False
Scalp,2026-06-03 11:42:00+00:00,2026-06-03 11:43:00+00:00,67125.99,67172.0,exit_signal,1,0.0006854275072887273,-0.00031475782755097104,False
Scalp,2026-06-03 16:28:00+00:00,2026-06-03 16:34:00+00:00,65598.43,65755.99,exit_signal,6,0.0024018867524726595,0.0013999858161886092,False
Scalp,2026-06-03 19:29:00+00:00,2026-06-03 19:31:00+00:00,65612.01,65700.26,exit_signal,2,0.0013450281434754796,0.00034418353763521203,False
Scalp,2026-06-03 19:56:00+00:00,2026-06-03 19:59:00+00:00,65304.0,65439.11,exit_signal,3,0.0020689391155213066,0.0010673709604833714,False
Scalp,2026-06-03 20:50:00+00:00,2026-06-03 20:53:00+00:00,65112.01,65179.96,exit_signal,3,0.0010435862754043512,4.304296078649905e-05,False
Scalp,2026-06-03 23:54:00+00:00,2026-06-04 00:01:00+00:00,64182.9,64357.45,exit_signal,7,0.0027195717239325568,0.0017173532614400688,False
Scalp,2026-06-04 00:39:00+00:00,2026-06-04 00:43:00+00:00,63235.08,63344.16,exit_signal,4,0.0017249918874144843,0.0007237675077169659,False
Scalp,2026-06-04 02:04:00+00:00,2026-06-04 02:06:00+00:00,61606.24,61912.09,exit_signal,2,0.004964594495622476,0.003960132132308614,False
Scalp,2026-06-04 02:55:00+00:00,2026-06-04 03:02:00+00:00,63287.43,63424.65,exit_signal,7,0.002168203069709218,0.0011665357003243226,False
Scalp,2026-06-04 04:31:00+00:00,2026-06-04 04:38:00+00:00,64588.0,64364.97,exit_signal,7,-0.0034531182262959037,-0.004449167083640848,False
Scalp,2026-06-04 07:08:00+00:00,2026-06-04 07:10:00+00:00,63802.0,63895.97,exit_signal,2,0.0014728378420738597,0.00047186549040767467,False
Scalp,2026-06-04 07:14:00+00:00,2026-06-04 07:25:00+00:00,63764.91,63627.99,exit_signal,11,-0.0021472624990768185,-0.003144616559547342,False
Scalp,2026-06-04 09:32:00+00:00,2026-06-04 09:35:00+00:00,62794.52,62996.0,exit_signal,3,0.003208560237422109,0.0022058530307880186,False
Scalp,2026-06-04 13:45:00+00:00,2026-06-04 13:48:00+00:00,63798.61,63916.01,exit_signal,3,0.0018401654832291836,0.000838825987494074,False
Scalp,2026-06-04 17:34:00+00:00,2026-06-04 17:45:00+00:00,63091.97,63041.24,exit_signal,11,-0.0008040642890054794,-0.0018027608764226155,False
Scalp,2026-06-04 18:06:00+00:00,2026-06-04 18:17:00+00:00,63355.99,63300.0,exit_signal,11,-0.0008837364864789921,-0.0018823534415148835,False
Scalp,2026-06-04 20:08:00+00:00,2026-06-04 20:11:00+00:00,63274.08,63424.46,exit_signal,3,0.002376644591276511,0.0013747688845386907,False
Scalp,2026-06-04 21:24:00+00:00,2026-06-04 21:27:00+00:00,63551.99,63635.07,exit_signal,3,0.0013072761372225905,0.00030646926452182477,False
Scalp,2026-06-04 21:30:00+00:00,2026-06-04 21:43:00+00:00,63495.64,63347.69,exit_signal,13,-0.002330081246523341,-0.003327252579610196,False
Scalp,2026-06-05 01:00:00+00:00,2026-06-05 01:08:00+00:00,63426.73,63261.13,exit_signal,8,-0.0026108866088477845,-0.0036077772769048666,False
Scalp,2026-06-05 02:31:00+00:00,2026-06-05 02:33:00+00:00,62673.66,62819.99,exit_signal,2,0.0023347926385661744,0.0013329587628656547,False
Scalp,2026-06-05 03:10:00+00:00,2026-06-05 03:16:00+00:00,62400.24,62458.44,exit_signal,6,0.0009326887204281764,-6.774375205587102e-05,False
Scalp,2026-06-05 05:46:00+00:00,2026-06-05 05:51:00+00:00,62802.59,62840.9,exit_signal,5,0.0006100066892147371,-0.00039010326249866445,False
Scalp,2026-06-05 05:57:00+00:00,2026-06-05 06:06:00+00:00,62632.0,62348.94,exit_signal,9,-0.004519414995529436,-0.005514398088987127,False
Scalp,2026-06-05 06:15:00+00:00,2026-06-05 06:27:00+00:00,62082.94,61496.01,exit_signal,12,-0.009453965936535913,-0.010444016945094892,False
Scalp,2026-06-05 08:06:00+00:00,2026-06-05 08:14:00+00:00,62897.71,62783.57,exit_signal,8,-0.0018146924585966673,-0.002812378922905867,False
Scalp,2026-06-05 11:56:00+00:00,2026-06-05 12:07:00+00:00,62058.98,62138.67,exit_signal,11,0.0012841010277642173,0.0002833173185909921,False
Scalp,2026-06-05 13:53:00+00:00,2026-06-05 14:08:00+00:00,61162.24,60825.22,exit_signal,15,-0.005510262541071009,-0.006504255282159366,False
Scalp,2026-06-05 17:27:00+00:00,2026-06-05 17:31:00+00:00,60731.99,60792.05,exit_signal,4,0.0009889351559204673,-1.1553534890018646e-05,False
Scalp,2026-06-05 18:28:00+00:00,2026-06-05 18:32:00+00:00,60230.06,60235.65,exit_signal,4,9.281079912604184e-05,-0.0009067822151658245,False
Scalp,2026-06-05 18:55:00+00:00,2026-06-05 18:57:00+00:00,59207.42,59630.0,exit_signal,2,0.007137281104294013,0.006130647140172085,False
Scalp,2026-06-05 23:27:00+00:00,2026-06-05 23:29:00+00:00,60865.17,60989.5,exit_signal,2,0.002042711784095985,0.0010411698432823968,False
Scalp,2026-06-05 23:35:00+00:00,2026-06-05 23:36:00+00:00,60567.14,60796.32,exit_signal,1,0.003783899982729988,0.0027806177238767216,False
Scalp,2026-06-06 00:21:00+00:00,2026-06-06 00:28:00+00:00,61282.0,61220.0,exit_signal,7,-0.001011716327796064,-0.0020102053669485143,False
Scalp,2026-06-06 02:21:00+00:00,2026-06-06 02:22:00+00:00,60717.83,60812.0,exit_signal,1,0.0015509447554367117,0.0005498943358912545,False
Scalp,2026-06-06 04:34:00+00:00,2026-06-06 04:37:00+00:00,59664.92,59804.0,exit_signal,3,0.0023310179582911594,0.001329187855384495,False
Scalp,2026-06-06 05:55:00+00:00,2026-06-06 05:57:00+00:00,60894.8,60950.0,exit_signal,2,0.0009064813415924355,-9.392493661009027e-05,False
Scalp,2026-06-06 06:09:00+00:00,2026-06-06 06:15:00+00:00,61086.2,61152.06,exit_signal,6,0.001078148583477212,7.757072382363894e-05,False
Scalp,2026-06-06 10:03:00+00:00,2026-06-06 10:07:00+00:00,60771.17,60830.5,exit_signal,4,0.0009762853010728545,-2.4190746204411084e-05,False
Scalp,2026-06-06 10:10:00+00:00,2026-06-06 10:13:00+00:00,60749.4,60722.51,exit_signal,3,-0.0004426381165903992,-0.0014416959495572312,False
Scalp,2026-06-06 10:22:00+00:00,2026-06-06 10:23:00+00:00,60543.58,60606.47,exit_signal,1,0.0010387558846041145,3.821739796294743e-05,False
Scalp,2026-06-06 10:32:00+00:00,2026-06-06 10:36:00+00:00,60295.99,60411.62,exit_signal,4,0.0019177063018618323,0.0009162893040590703,False
Scalp,2026-06-06 13:00:00+00:00,2026-06-06 13:05:00+00:00,61030.63,61091.3,exit_signal,5,0.0009940909998800151,-6.402844197839208e-06,False
Scalp,2026-06-06 15:20:00+00:00,2026-06-06 15:22:00+00:00,60473.21,60608.03,exit_signal,2,0.002229416960005892,0.001227688407322347,False
Scalp,2026-06-06 22:07:00+00:00,2026-06-06 22:12:00+00:00,60630.0,60673.29,exit_signal,5,0.0007140029688272875,-0.0002862109271933866,False
Scalp,2026-06-07 01:41:00+00:00,2026-06-07 01:44:00+00:00,61458.93,61453.99,exit_signal,3,-8.037888066070309e-05,-0.0010797987918242935,False
Scalp,2026-06-07 05:05:00+00:00,2026-06-07 05:14:00+00:00,61819.04,61938.0,exit_signal,9,0.0019243262270005612,0.0009229026125809892,False
Scalp,2026-06-07 06:49:00+00:00,2026-06-07 06:52:00+00:00,62123.31,62152.0,exit_signal,3,0.0004618234282751654,-0.0005381384142316703,False
Scalp,2026-06-07 06:55:00+00:00,2026-06-07 06:58:00+00:00,62061.53,62111.98,exit_signal,3,0.000812902936811355,-0.00018740980975207044,False
Scalp,2026-06-07 08:43:00+00:00,2026-06-07 08:45:00+00:00,62442.59,62549.99,exit_signal,2,0.0017199799047413755,0.0007187605345218007,False
Scalp,2026-06-07 09:38:00+00:00,2026-06-07 09:39:00+00:00,62521.51,62560.0,exit_signal,1,0.0006156281254243723,-0.0003844874449158153,False
Scalp,2026-06-07 12:32:00+00:00,2026-06-07 12:39:00+00:00,61905.75,61899.99,exit_signal,7,-9.304466871007389e-05,-0.0010924519204154048,False
Scalp,2026-06-07 14:44:00+00:00,2026-06-07 14:52:00+00:00,61989.61,61898.28,exit_signal,8,-0.001473311414606493,-0.002471339089354374,False
Scalp,2026-06-07 15:04:00+00:00,2026-06-07 15:09:00+00:00,61783.1,61812.01,exit_signal,5,0.00046792731345624006,-0.000532040629885322,False
Scalp,2026-06-07 19:08:00+00:00,2026-06-07 19:12:00+00:00,61688.6,61736.01,exit_signal,4,0.0007685374607302453,-0.0002317309425287073,False
Scalp,2026-06-07 19:18:00+00:00,2026-06-07 19:22:00+00:00,61392.69,61447.56,exit_signal,4,0.0008937546147593789,-0.00010663894307627597,False
Scalp,2026-06-07 22:34:00+00:00,2026-06-07 22:35:00+00:00,62855.5,63047.28,exit_signal,1,0.0030511251998630584,0.002048575349588466,False
Scalp,2026-06-08 00:48:00+00:00,2026-06-08 00:50:00+00:00,63588.3,63735.97,exit_signal,2,0.002322282558269384,0.0013204611863970594,False
Scalp,2026-06-08 01:12:00+00:00,2026-06-08 01:32:00+00:00,63237.41,62968.97,exit_signal,20,-0.00424495563622862,-0.005240213051884379,False
Scalp,2026-06-08 04:22:00+00:00,2026-06-08 04:26:00+00:00,62856.01,62933.39,exit_signal,4,0.0012310676417417454,0.0002303369394514032,False
Scalp,2026-06-08 11:46:00+00:00,2026-06-08 12:01:00+00:00,63637.87,63616.63,exit_signal,15,-0.00033376352791203434,-0.0013329301810574012,False
Scalp,2026-06-08 13:06:00+00:00,2026-06-08 13:07:00+00:00,63740.21,63815.99,exit_signal,1,0.0011888884583217685,0.00018819991413554504,False
Scalp,2026-06-08 13:17:00+00:00,2026-06-08 13:23:00+00:00,63802.01,63852.01,exit_signal,6,0.0007836743701334914,-0.0002166091624702382,False
Scalp,2026-06-08 17:03:00+00:00,2026-06-08 17:06:00+00:00,63398.01,63552.01,exit_signal,3,0.0024290983265877752,0.0014271701923285196,False
Scalp,2026-06-08 21:20:00+00:00,2026-06-08 21:21:00+00:00,63656.0,63729.63,exit_signal,1,0.0011566859369107618,0.0001560295791529498,False
Scalp,2026-06-08 21:49:00+00:00,2026-06-08 21:58:00+00:00,63777.99,63772.01,exit_signal,9,-9.37627542040298e-05,-0.0010931692881825938,False
Scalp,2026-06-08 22:05:00+00:00,2026-06-08 22:21:00+00:00,63553.69,63310.36,exit_signal,16,-0.003828731266430019,-0.00482440469844736,False
Scalp,2026-06-09 00:49:00+00:00,2026-06-09 00:54:00+00:00,62499.99,62569.57,exit_signal,5,0.0011132801781248425,0.0001126672044335919,False
Scalp,2026-06-09 04:45:00+00:00,2026-06-09 04:47:00+00:00,63244.0,63356.01,exit_signal,2,0.001771077098222884,0.0007698066563457395,False
Scalp,2026-06-09 05:01:00+00:00,2026-06-09 05:04:00+00:00,63253.37,63252.39,exit_signal,3,-1.5493245656417187e-05,-0.0010149780100283667,False
Scalp,2026-06-09 08:12:00+00:00,2026-06-09 08:13:00+00:00,62824.98,62897.7,exit_signal,1,0.0011575013633111642,0.0001568441905344109,False
Scalp,2026-06-09 08:31:00+00:00,2026-06-09 08:33:00+00:00,62847.45,62893.83,exit_signal,2,0.0007379774358386992,-0.00026226042266763727,False
Scalp,2026-06-09 13:25:00+00:00,2026-06-09 13:30:00+00:00,62320.59,62342.29,exit_signal,5,0.000348199527636206,-0.0006516487477535859,False
Scalp,2026-06-09 13:36:00+00:00,2026-06-09 13:42:00+00:00,62343.32,62274.0,exit_signal,6,-0.0011119074184692268,-0.0021102963166016453,False
Scalp,2026-06-09 14:20:00+00:00,2026-06-09 14:25:00+00:00,61834.07,61800.0,exit_signal,5,-0.000550990740218138,-0.0015499402747105595,False
Scalp,2026-06-09 14:32:00+00:00,2026-06-09 14:41:00+00:00,61580.0,61502.53,exit_signal,9,-0.0012580383241311832,-0.0022562811643868086,False
Scalp,2026-06-09 14:45:00+00:00,2026-06-09 14:52:00+00:00,61362.83,61298.12,exit_signal,7,-0.0010545471908645077,-0.0020529934205587574,False
Scalp,2026-06-09 17:27:00+00:00,2026-06-09 17:28:00+00:00,61723.31,61789.67,exit_signal,1,0.0010751205662820063,7.454573313236956e-05,False
Scalp,2026-06-09 21:30:00+00:00,2026-06-09 21:31:00+00:00,61803.66,61862.75,exit_signal,1,0.0009560922443752062,-4.4363619936982346e-05,False
Scalp,2026-06-10 02:35:00+00:00,2026-06-10 02:38:00+00:00,61346.0,61396.6,exit_signal,3,0.0008248296547452849,-0.00017549501257574374,False
Scalp,2026-06-10 04:39:00+00:00,2026-06-10 04:47:00+00:00,61222.86,61271.99,exit_signal,8,0.000802478028631759,-0.00019782429823334002,False
Scalp,2026-06-10 12:54:00+00:00,2026-06-10 13:07:00+00:00,61698.04,61579.99,exit_signal,13,-0.001913350894128918,-0.002910938749307146,False
Scalp,2026-06-10 13:55:00+00:00,2026-06-10 14:04:00+00:00,62214.0,62202.0,exit_signal,9,-0.00019288263091910007,-0.001192190094556178,False
Scalp,2026-06-10 20:57:00+00:00,2026-06-10 20:59:00+00:00,61727.49,61793.75,exit_signal,2,0.0010734277385975322,7.285459742956135e-05,False
Scalp,2026-06-10 21:10:00+00:00,2026-06-10 21:16:00+00:00,61623.81,61626.79,exit_signal,6,4.8357931780040886e-05,-0.00095119065185989,False
Scalp,2026-06-10 21:55:00+00:00,2026-06-10 21:57:00+00:00,61244.04,61302.0,exit_signal,2,0.0009463778026399527,-5.406835208510152e-05,False
Scalp,2026-06-10 22:15:00+00:00,2026-06-10 22:22:00+00:00,61245.07,61262.0,exit_signal,7,0.0002764304130928874,-0.0007233461290490073,False
Scalp,2026-06-10 23:15:00+00:00,2026-06-10 23:18:00+00:00,61207.15,61256.12,exit_signal,3,0.0008000699264709699,-0.00020022999349533777,False
Scalp,2026-06-11 01:38:00+00:00,2026-06-11 01:39:00+00:00,62118.39,62277.62,exit_signal,1,0.0025633310844019874,0.0015612687844677176,False
Scalp,2026-06-11 04:03:00+00:00,2026-06-11 04:11:00+00:00,62644.01,62661.42,exit_signal,8,0.00027791962870815645,-0.0007218584019049734,False
Scalp,2026-06-11 05:03:00+00:00,2026-06-11 05:09:00+00:00,62612.0,62598.0,exit_signal,6,-0.00022359931003645972,-0.0012228760723451693,False
Scalp,2026-06-11 06:49:00+00:00,2026-06-11 06:55:00+00:00,62862.76,62823.01,exit_signal,6,-0.0006323298563409852,-0.0016311980923665592,False
Scalp,2026-06-11 07:06:00+00:00,2026-06-11 07:11:00+00:00,62671.85,62674.01,exit_signal,5,3.446523439154525e-05,-0.0009650694634937285,False
Scalp,2026-06-11 08:45:00+00:00,2026-06-11 08:47:00+00:00,62858.01,62919.98,exit_signal,2,0.000985872763073381,-1.4612866874541552e-05,False
Scalp,2026-06-11 13:59:00+00:00,2026-06-11 14:05:00+00:00,63032.96,63084.0,exit_signal,6,0.0008097350973206296,-0.00019057448298653856,False
Scalp,2026-06-11 18:07:00+00:00,2026-06-11 18:12:00+00:00,63412.35,63437.36,exit_signal,5,0.0003944026676192536,-0.0006054917878206556,False
Scalp,2026-06-11 20:24:00+00:00,2026-06-11 20:34:00+00:00,63486.11,63396.91,exit_signal,10,-0.0014050317463142337,-0.002403127666607663,False
Scalp,2026-06-11 20:38:00+00:00,2026-06-11 20:41:00+00:00,63332.65,63370.16,exit_signal,3,0.0005922695481714868,-0.00040782267526484617,False
Scalp,2026-06-11 20:46:00+00:00,2026-06-11 20:52:00+00:00,63287.99,63321.59,exit_signal,6,0.0005309064168415034,-0.00046912447412983393,False
Scalp,2026-06-11 21:28:00+00:00,2026-06-11 21:31:00+00:00,63462.95,63496.0,exit_signal,3,0.0005207762954606565,-0.0004792444704517784,False
Scalp,2026-06-12 01:28:00+00:00,2026-06-12 01:31:00+00:00,63337.68,63397.58,exit_signal,3,0.000945724567113837,-5.472093470215711e-05,False
Scalp,2026-06-12 01:38:00+00:00,2026-06-12 01:40:00+00:00,63336.0,63370.01,exit_signal,2,0.0005369773904257968,-0.00046305956848524676,False
Scalp,2026-06-12 02:28:00+00:00,2026-06-12 02:32:00+00:00,63570.19,63585.45,exit_signal,4,0.00024004962074197778,-0.0007596905587889946,False
Scalp,2026-06-12 03:24:00+00:00,2026-06-12 03:28:00+00:00,63408.83,63409.51,exit_signal,4,1.0724058463251751e-05,-0.0009887869101108393,False
Scalp,2026-06-12 04:38:00+00:00,2026-06-12 04:40:00+00:00,63728.58,63741.47,exit_signal,2,0.00020226403914858082,-0.0007974383736841784,False
Scalp,2026-06-12 05:13:00+00:00,2026-06-12 05:17:00+00:00,63452.79,63502.1,exit_signal,4,0.0007771131891913807,-0.00022316378551034965,False
Scalp,2026-06-12 06:18:00+00:00,2026-06-12 06:24:00+00:00,63164.0,63179.99,exit_signal,6,0.0002531505287821645,-0.0007466027451095147,False
Scalp,2026-06-12 06:33:00+00:00,2026-06-12 06:40:00+00:00,63065.96,62961.99,exit_signal,7,-0.0016485914112779332,-0.0026464438936254497,False
Scalp,2026-06-12 08:43:00+00:00,2026-06-12 08:47:00+00:00,63401.38,63422.0,exit_signal,4,0.00032522951393176847,-0.0006745958029236165,False
Scalp,2026-06-12 09:51:00+00:00,2026-06-12 09:57:00+00:00,63861.98,63802.0,exit_signal,6,-0.0009392129714738129,-0.0019377744777491213,False
Scalp,2026-06-12 12:14:00+00:00,2026-06-12 12:17:00+00:00,63633.62,63653.51,exit_signal,3,0.0003125706191160482,-0.0006872420451706773,False
Scalp,2026-06-12 12:41:00+00:00,2026-06-12 12:44:00+00:00,63429.65,63484.2,exit_signal,3,0.00086000789851437,-0.00014035192947015052,False
Scalp,2026-06-12 13:35:00+00:00,2026-06-12 13:36:00+00:00,63247.13,63356.0,exit_signal,1,0.001721342928920233,0.0007201221963577531,False
Scalp,2026-06-12 13:57:00+00:00,2026-06-12 13:59:00+00:00,63130.84,63184.0,exit_signal,2,0.0008420607107397782,-0.00015828117902594308,False
Scalp,2026-06-12 14:21:00+00:00,2026-06-12 14:26:00+00:00,63445.19,63574.0,exit_signal,5,0.002030256351978732,0.0010287268603725863,False
Scalp,2026-06-12 14:45:00+00:00,2026-06-12 14:51:00+00:00,63504.6,63638.0,exit_signal,6,0.002100635229574044,0.001099035394262149,False
Scalp,2026-06-12 15:22:00+00:00,2026-06-12 15:25:00+00:00,64245.0,64270.37,exit_signal,3,0.0003948945443226215,-0.0006050004027481348,False
Scalp,2026-06-12 21:22:00+00:00,2026-06-12 21:31:00+00:00,63579.56,63541.99,exit_signal,9,-0.0005909131802737111,-0.001589822812277375,False
Scalp,2026-06-12 22:34:00+00:00,2026-06-12 22:38:00+00:00,63494.0,63523.63,exit_signal,4,0.00046665826692282586,-0.0005333084080065831,False
Scalp,2026-06-13 02:07:00+00:00,2026-06-13 02:10:00+00:00,63792.0,63830.0,exit_signal,3,0.0005956859794331582,-0.00040440965872701184,False
Scalp,2026-06-13 02:52:00+00:00,2026-06-13 02:54:00+00:00,63566.0,63588.0,exit_signal,2,0.0003460969700783689,-0.0006537492038046766,False
Scalp,2026-06-13 03:39:00+00:00,2026-06-13 03:40:00+00:00,63491.15,63511.34,exit_signal,1,0.0003179970751827632,-0.0006818210128481939,False
Scalp,2026-06-13 04:55:00+00:00,2026-06-13 05:03:00+00:00,63613.2,63536.0,exit_signal,8,-0.0012135846019378782,-0.0022118718736999776,False
Scalp,2026-06-13 06:43:00+00:00,2026-06-13 06:46:00+00:00,63680.33,63697.99,exit_signal,3,0.00027732268347224753,-0.0007224547504940393,False
Scalp,2026-06-13 07:03:00+00:00,2026-06-13 07:10:00+00:00,63692.87,63711.19,exit_signal,7,0.00028763031089673596,-0.0007121574255458674,False
Scalp,2026-06-13 08:03:00+00:00,2026-06-13 08:10:00+00:00,63811.74,63827.99,exit_signal,7,0.0002546553345825764,-0.0007450994433628733,False
Scalp,2026-06-13 11:33:00+00:00,2026-06-13 11:36:00+00:00,63920.0,63928.99,exit_signal,3,0.00014064455569462453,-0.000858996268448875,False
Scalp,2026-06-13 16:08:00+00:00,2026-06-13 16:09:00+00:00,64065.02,64118.51,exit_signal,1,0.0008349330102450647,-0.0001654017553822662,False
Scalp,2026-06-13 18:51:00+00:00,2026-06-13 18:55:00+00:00,64103.9,64122.6,exit_signal,4,0.00029171392068194635,-0.0007080778973296287,False
Scalp,2026-06-14 02:46:00+00:00,2026-06-14 02:49:00+00:00,64510.0,64508.0,exit_signal,3,-3.1002945279801075e-05,-0.001030472207703137,False
Scalp,2026-06-14 04:32:00+00:00,2026-06-14 04:33:00+00:00,64462.65,64474.0,exit_signal,1,0.00017607094961191727,-0.0008236052832211183,False
Scalp,2026-06-14 04:44:00+00:00,2026-06-14 04:49:00+00:00,64396.3,64376.0,exit_signal,5,-0.0003152355026608822,-0.0013144206745722142,False
Scalp,2026-06-14 04:55:00+00:00,2026-06-14 04:56:00+00:00,64338.0,64362.01,exit_signal,1,0.00037318536479213904,-0.0006266878839480405,False
Scalp,2026-06-14 05:14:00+00:00,2026-06-14 05:15:00+00:00,64335.35,64373.75,exit_signal,1,0.0005968724814584547,-0.00040322434261086393,False
Scalp,2026-06-14 05:28:00+00:00,2026-06-14 05:35:00+00:00,64312.97,64310.51,exit_signal,7,-3.8250449326149294e-05,-0.0010377124678675465,False
Scalp,2026-06-14 06:20:00+00:00,2026-06-14 06:30:00+00:00,64441.32,64389.94,exit_signal,10,-0.0007973145180762975,-0.0017960178518912073,False
Scalp,2026-06-14 06:38:00+00:00,2026-06-14 06:42:00+00:00,64257.6,64282.23,exit_signal,4,0.00038330096362160226,-0.0006165823956624239,False
Scalp,2026-06-14 08:28:00+00:00,2026-06-14 08:30:00+00:00,64477.97,64485.85,exit_signal,2,0.00012221228428876962,-0.0008774101167949855,False
Scalp,2026-06-14 09:21:00+00:00,2026-06-14 09:24:00+00:00,64341.89,64358.0,exit_signal,3,0.00025038120577436374,-0.0007493693001783264,False
Scalp,2026-06-14 10:07:00+00:00,2026-06-14 10:10:00+00:00,64539.48,64545.65,exit_signal,3,9.560039839184853e-05,-0.0009039954041053511,False
Scalp,2026-06-14 11:05:00+00:00,2026-06-14 11:08:00+00:00,64481.31,64500.01,exit_signal,3,0.0002900065150661657,-0.0007097835963929544,False
Scalp,2026-06-14 12:09:00+00:00,2026-06-14 12:13:00+00:00,64501.19,64506.54,exit_signal,4,8.29442061456298e-05,-0.000916638946484083,False
Scalp,2026-06-14 12:29:00+00:00,2026-06-14 12:43:00+00:00,64466.0,64351.37,exit_signal,14,-0.001778146619923593,-0.0027758696118075354,False
Scalp,2026-06-14 12:55:00+00:00,2026-06-14 12:56:00+00:00,64302.51,64320.02,exit_signal,1,0.0002723066331313806,-0.000727465787291548,False
Scalp,2026-06-14 16:56:00+00:00,2026-06-14 17:02:00+00:00,63952.2,63951.99,exit_signal,6,-3.2837025153442667e-06,-0.0010027806703287734,False
Scalp,2026-06-14 17:22:00+00:00,2026-06-14 17:33:00+00:00,63937.99,63917.14,exit_signal,11,-0.00032609720762255545,-0.00132527152325701,False
Scalp,2026-06-14 17:40:00+00:00,2026-06-14 17:43:00+00:00,63777.58,63852.48,exit_signal,3,0.001174393885751135,0.0001737198288940256,False
Scalp,2026-06-14 18:20:00+00:00,2026-06-14 18:25:00+00:00,63692.86,63730.0,exit_signal,5,0.0005831108855842704,-0.00041697218376646195,False
Scalp,2026-06-14 20:50:00+00:00,2026-06-14 20:52:00+00:00,64036.43,64040.71,exit_signal,2,6.683695515197208e-05,-0.0009327300982763242,False
Scalp,2026-06-14 21:00:00+00:00,2026-06-14 21:03:00+00:00,64008.64,64026.0,exit_signal,3,0.00027121338619284785,-0.0007285579415294841,False
Scalp,2026-06-14 22:07:00+00:00,2026-06-14 22:12:00+00:00,65176.75,65181.98,exit_signal,5,8.024333830713992e-05,-0.0009193371148046303,False
Scalp,2026-06-15 00:44:00+00:00,2026-06-15 00:45:00+00:00,65504.0,65555.49,exit_signal,1,0.0007860588666341872,-0.00021422704927442915,False
Scalp,2026-06-15 04:05:00+00:00,2026-06-15 04:18:00+00:00,65810.0,65733.23,exit_signal,13,-0.0011665400395077796,-0.002164874332321709,False
Scalp,2026-06-15 04:43:00+00:00,2026-06-15 04:45:00+00:00,65663.28,65695.01,exit_signal,2,0.0004832228910891523,-0.0005167603401861065,False
Scalp,2026-06-15 05:03:00+00:00,2026-06-15 05:06:00+00:00,65628.0,65636.0,exit_signal,3,0.00012189918937033362,-0.0008777228987748575,False
Scalp,2026-06-15 07:48:00+00:00,2026-06-15 07:52:00+00:00,65718.0,65724.74,exit_signal,4,0.00010255942055459322,-0.0008970433374869691,False
Scalp,2026-06-15 07:58:00+00:00,2026-06-15 08:03:00+00:00,65669.52,65697.81,exit_signal,5,0.0004307934639995459,-0.0005691373640501762,False
Scalp,2026-06-15 10:20:00+00:00,2026-06-15 10:23:00+00:00,65705.01,65727.43,exit_signal,3,0.0003412220772813779,-0.0006586192241451183,False
Scalp,2026-06-15 11:30:00+00:00,2026-06-15 11:41:00+00:00,66258.95,66198.1,exit_signal,11,-0.0009183664999217189,-0.0019169488422504655,False
Scalp,2026-06-15 13:04:00+00:00,2026-06-15 13:06:00+00:00,66510.45,66562.04,exit_signal,2,0.0007756675830639104,-0.00022460794675416285,False
Scalp,2026-06-15 14:03:00+00:00,2026-06-15 14:06:00+00:00,66319.96,66430.41,exit_signal,3,0.0016654111371599,0.0006642463084371997,False
Scalp,2026-06-15 16:04:00+00:00,2026-06-15 16:07:00+00:00,67157.62,67171.65,exit_signal,3,0.00020891151294510912,-0.0007907975440392123,False
Scalp,2026-06-15 17:24:00+00:00,2026-06-15 17:26:00+00:00,66810.68,66859.69,exit_signal,2,0.0007335653521265417,-0.00026666809650122136,False
Scalp,2026-06-15 17:34:00+00:00,2026-06-15 17:37:00+00:00,66713.93,66827.99,exit_signal,3,0.0017096879167515233,0.0007084788333766578,False
Scalp,2026-06-15 20:18:00+00:00,2026-06-15 20:21:00+00:00,66535.0,66551.63,exit_signal,3,0.0002499436386864673,-0.0007498064299179541,False
Scalp,2026-06-15 21:57:00+00:00,2026-06-15 22:02:00+00:00,66376.01,66412.85,exit_signal,5,0.0005550198030885856,-0.0004450351892182347,False
Scalp,2026-06-16 00:19:00+00:00,2026-06-16 00:32:00+00:00,66381.45,66306.0,exit_signal,13,-0.0011366127133407566,-0.0021349769185246004,False
Scalp,2026-06-16 02:16:00+00:00,2026-06-16 02:17:00+00:00,66090.0,66136.0,exit_signal,1,0.0006960205779997786,-0.0003041753446169082,False
Scalp,2026-06-16 02:22:00+00:00,2026-06-16 02:33:00+00:00,66052.03,65905.66,exit_signal,11,-0.0022159803415578994,-0.003213265718527758,False
Scalp,2026-06-16 02:57:00+00:00,2026-06-16 03:02:00+00:00,65744.49,65773.98,exit_signal,5,0.0004485547001731316,-0.000551393880236617,False
Scalp,2026-06-16 03:09:00+00:00,2026-06-16 03:11:00+00:00,65764.01,65792.51,exit_signal,2,0.0004333677341148423,-0.0005665656669187058,False
Scalp,2026-06-16 03:55:00+00:00,2026-06-16 03:58:00+00:00,66110.65,66132.0,exit_signal,3,0.00032294342893335326,-0.0006768796029794633,False
Scalp,2026-06-16 04:15:00+00:00,2026-06-16 04:39:00+00:00,66150.77,65883.48,exit_signal,24,-0.004040618121300854,-0.005036079772353874,False
Scalp,2026-06-16 07:00:00+00:00,2026-06-16 07:08:00+00:00,66446.01,66435.76,exit_signal,8,-0.0001542605793786178,-0.0011536066457659144,False
Scalp,2026-06-16 08:22:00+00:00,2026-06-16 08:25:00+00:00,66413.99,66498.0,exit_signal,3,0.0012649443287475748,0.00026417976669979026,False
Scalp,2026-06-16 08:40:00+00:00,2026-06-16 08:43:00+00:00,66530.37,66615.99,exit_signal,3,0.0012869310662184663,0.0002861445284212394,False
Scalp,2026-06-16 09:02:00+00:00,2026-06-16 09:24:00+00:00,66836.17,66642.0,exit_signal,22,-0.0029051634766025236,-0.003901760014856759,False
Scalp,2026-06-16 12:40:00+00:00,2026-06-16 12:58:00+00:00,66628.5,66441.46,exit_signal,18,-0.002807207126079625,-0.0038039015717306057,False
Scalp,2026-06-16 13:24:00+00:00,2026-06-16 13:31:00+00:00,66154.17,66119.99,exit_signal,7,-0.0005166718893153677,-0.0015156557255080472,False
Scalp,2026-06-16 14:23:00+00:00,2026-06-16 14:26:00+00:00,65728.0,65713.93,exit_signal,3,-0.00021406402142176706,-0.001213350314253847,False
Scalp,2026-06-16 14:34:00+00:00,2026-06-16 14:35:00+00:00,65413.99,65568.01,exit_signal,1,0.002354542201140619,0.0013526885857475524,False
Scalp,2026-06-16 20:27:00+00:00,2026-06-16 20:31:00+00:00,65763.99,65743.05,exit_signal,4,-0.0003184113372683983,-0.0013175933349321989,False
Scalp,2026-06-16 21:20:00+00:00,2026-06-16 21:32:00+00:00,65761.35,65753.96,exit_signal,12,-0.00011237603850888789,-0.0011117639685053193,False
Scalp,2026-06-17 06:43:00+00:00,2026-06-17 06:46:00+00:00,65618.0,65647.91,exit_signal,3,0.0004558200493767206,-0.0005441357927514767,False
Scalp,2026-06-17 07:22:00+00:00,2026-06-17 07:27:00+00:00,65538.0,65551.99,exit_signal,5,0.000213463944581882,-0.0007862496625591353,False
Scalp,2026-06-17 07:55:00+00:00,2026-06-17 07:57:00+00:00,65315.82,65458.0,exit_signal,2,0.0021768080076158824,0.0011751320375934515,False
Scalp,2026-06-17 08:20:00+00:00,2026-06-17 08:23:00+00:00,65293.04,65365.81,exit_signal,3,0.0011145138899950613,0.0001138996832086292,False
Scalp,2026-06-17 11:15:00+00:00,2026-06-17 11:20:00+00:00,64605.59,64626.0,exit_signal,5,0.0003159169353612601,-0.0006838990735695827,False
Scalp,2026-06-17 18:57:00+00:00,2026-06-17 19:02:00+00:00,65655.78,65592.01,exit_signal,5,-0.000971277776305568,-0.001969807233800469,False
Scalp,2026-06-17 19:09:00+00:00,2026-06-17 19:14:00+00:00,65338.0,65391.99,exit_signal,5,0.0008263185282684216,-0.00017400762718200458,False
Scalp,2026-06-17 19:21:00+00:00,2026-06-17 19:37:00+00:00,64634.0,64580.0,exit_signal,16,-0.0008354735897515564,-0.0018341387835646428,False
Scalp,2026-06-17 19:42:00+00:00,2026-06-17 19:49:00+00:00,64216.44,64246.78,exit_signal,7,0.0004724646834983748,-0.000527507794945703,False
Scalp,2026-06-17 22:05:00+00:00,2026-06-17 22:07:00+00:00,63993.98,64142.01,exit_signal,2,0.002313186334089501,0.0013113740538954755,False
Scalp,2026-06-18 01:18:00+00:00,2026-06-18 01:24:00+00:00,64718.0,64689.89,exit_signal,6,-0.0004343459315800935,-0.0014334120525879568,False
Scalp,2026-06-18 03:14:00+00:00,2026-06-18 03:18:00+00:00,64525.43,64528.0,exit_signal,4,3.9829258015045e-05,-0.0009597108012132649,False
Scalp,2026-06-18 03:22:00+00:00,2026-06-18 03:32:00+00:00,64486.0,64378.01,exit_signal,10,-0.0016746270508326555,-0.0026724535105517866,False
Scalp,2026-06-18 04:47:00+00:00,2026-06-18 04:52:00+00:00,63838.01,63873.98,exit_signal,5,0.0005634574135378045,-0.00043660601216277684,False
Scalp,2026-06-18 08:59:00+00:00,2026-06-18 09:14:00+00:00,64410.0,64376.26,exit_signal,15,-0.0005238317031516226,-0.001522808383108365,False
Scalp,2026-06-18 09:30:00+00:00,2026-06-18 09:33:00+00:00,64248.38,64277.99,exit_signal,3,0.0004608676514490373,-0.0005390932357587364,False
Scalp,2026-06-18 10:08:00+00:00,2026-06-18 10:16:00+00:00,64091.88,64045.99,exit_signal,8,-0.0007160033377082708,-0.0017147879420683632,False
Scalp,2026-06-18 13:43:00+00:00,2026-06-18 13:50:00+00:00,63960.01,64110.0,exit_signal,7,0.002345059045487874,0.0013432149085110812,False
Scalp,2026-06-18 15:40:00+00:00,2026-06-18 15:46:00+00:00,62934.92,62878.0,exit_signal,6,-0.000904426350267884,-0.0019030226257797933,False
Scalp,2026-06-18 15:55:00+00:00,2026-06-18 16:01:00+00:00,62536.0,62544.81,exit_signal,6,0.00014087885378022413,-0.0008587622045442833,False
Scalp,2026-06-18 20:24:00+00:00,2026-06-18 20:28:00+00:00,63127.53,63140.0,exit_signal,4,0.00019753663734345395,-0.0008021610504499455,False
Scalp,2026-06-19 02:10:00+00:00,2026-06-19 02:23:00+00:00,63041.79,63000.0,exit_signal,13,-0.0006628936139028152,-0.0016617313014449797,False
Scalp,2026-06-19 03:17:00+00:00,2026-06-19 03:22:00+00:00,62527.37,62714.0,exit_signal,5,0.0029847729082479457,0.0019822893771053174,False
Scalp,2026-06-19 06:22:00+00:00,2026-06-19 06:23:00+00:00,62779.21,62809.99,exit_signal,1,0.0004902896994083417,-0.0005097005951435474,False
Scalp,2026-06-19 09:21:00+00:00,2026-06-19 09:25:00+00:00,62427.99,62423.2,exit_signal,4,-7.672840339723042e-05,-0.0010761519632138672,False
Scalp,2026-06-19 10:19:00+00:00,2026-06-19 10:24:00+00:00,62446.0,62492.0,exit_signal,5,0.0007366364538961001,-0.00026360006429859695,False
Scalp,2026-06-19 13:13:00+00:00,2026-06-19 13:23:00+00:00,62796.63,62733.85,exit_signal,10,-0.0009997351768716856,-0.0019982361911875524,False
Scalp,2026-06-19 14:02:00+00:00,2026-06-19 14:03:00+00:00,63191.08,63238.0,exit_signal,1,0.0007425098605688962,-0.0002577325280972431,False
Scalp,2026-06-19 18:05:00+00:00,2026-06-19 18:12:00+00:00,63145.99,63149.04,exit_signal,7,4.830077095951957e-05,-0.0009512477555480015,False
Scalp,2026-06-19 21:05:00+00:00,2026-06-19 21:08:00+00:00,63165.41,63196.12,exit_signal,3,0.000486183814844221,-0.000513802375875061,False
Scalp,2026-06-19 21:21:00+00:00,2026-06-19 21:45:00+00:00,63242.64,63087.55,exit_signal,24,-0.0024523011689581153,-0.003449350343201929,False
Scalp,2026-06-19 21:57:00+00:00,2026-06-19 22:00:00+00:00,63063.22,63075.99,exit_signal,3,0.0002024952103618638,-0.0007972074335265145,False
Scalp,2026-06-19 22:34:00+00:00,2026-06-19 22:35:00+00:00,63262.08,63278.01,exit_signal,1,0.00025180961485937736,-0.000747942318788497,False
Scalp,2026-06-19 23:43:00+00:00,2026-06-19 23:45:00+00:00,63319.72,63337.13,exit_signal,2,0.0002749538374458016,-0.0007248212288584188,False
Scalp,2026-06-20 00:13:00+00:00,2026-06-20 00:15:00+00:00,63481.84,63523.99,exit_signal,2,0.0006639694123546924,-0.0003361944751136825,False
Scalp,2026-06-20 00:41:00+00:00,2026-06-20 00:44:00+00:00,63561.99,63594.0,exit_signal,3,0.000503602860766339,-0.0004964007402937787,False
Scalp,2026-06-20 02:53:00+00:00,2026-06-20 03:03:00+00:00,63370.0,63376.51,exit_signal,10,0.00010272999842197983,-0.0008968729301119804,False
Scalp,2026-06-20 04:35:00+00:00,2026-06-20 04:38:00+00:00,63530.0,63551.99,exit_signal,3,0.00034613568392871663,-0.0006537105286487099,False
Scalp,2026-06-20 04:59:00+00:00,2026-06-20 05:00:00+00:00,63563.24,63583.53,exit_signal,1,0.00031920965639886667,-0.0006806096436072773,False
Scalp,2026-06-20 05:19:00+00:00,2026-06-20 05:34:00+00:00,63750.0,63708.0,exit_signal,15,-0.0006588235294117117,-0.0016576652850045503,False
Scalp,2026-06-20 07:08:00+00:00,2026-06-20 07:10:00+00:00,63616.37,63642.0,exit_signal,2,0.0004028837231675464,-0.0005970192090894999,False
Scalp,2026-06-20 08:12:00+00:00,2026-06-20 08:16:00+00:00,63540.49,63574.19,exit_signal,4,0.0005303704771557616,-0.0004696598781438466,False
Scalp,2026-06-20 09:50:00+00:00,2026-06-20 09:51:00+00:00,63656.0,63677.99,exit_signal,1,0.00034545054668844166,-0.0006543949810942085,False
Scalp,2026-06-20 10:12:00+00:00,2026-06-20 10:20:00+00:00,63696.98,63682.22,exit_signal,8,-0.00023172213188127344,-0.0012309907754275429,False
Scalp,2026-06-20 13:22:00+00:00,2026-06-20 13:30:00+00:00,63494.0,63348.95,exit_signal,8,-0.002284467823731373,-0.0032816847474457234,False
Scalp,2026-06-20 15:10:00+00:00,2026-06-20 15:13:00+00:00,63886.06,63904.0,exit_signal,3,0.0002808124338862239,-0.0007189684880865022,False
Scalp,2026-06-20 15:32:00+00:00,2026-06-20 15:34:00+00:00,64130.21,64200.0,exit_signal,2,0.0010882546618824485,8.766670120108344e-05,False
Scalp,2026-06-20 22:40:00+00:00,2026-06-20 22:49:00+00:00,64253.99,64273.99,exit_signal,9,0.0003112647167904381,-0.0006885466422468234,False
Scalp,2026-06-21 00:49:00+00:00,2026-06-21 00:50:00+00:00,64263.62,64307.39,exit_signal,1,0.0006811007534277547,-0.0003190802568203699,False
Scalp,2026-06-21 03:33:00+00:00,2026-06-21 03:38:00+00:00,64342.0,64389.99,exit_signal,5,0.0007458580709334139,-0.0002543876642697729,False
Scalp,2026-06-21 03:54:00+00:00,2026-06-21 03:57:00+00:00,64424.65,64430.0,exit_signal,3,8.304274838888404e-05,-0.0009165405027337092,False
Scalp,2026-06-21 04:46:00+00:00,2026-06-21 05:04:00+00:00,64473.49,64302.0,exit_signal,18,-0.0026598529100875234,-0.0036566946363142394,False
Scalp,2026-06-21 05:14:00+00:00,2026-06-21 05:18:00+00:00,64244.93,64245.99,exit_signal,4,1.6499356447319258e-05,-0.0009830173845385426,False
Scalp,2026-06-21 06:33:00+00:00,2026-06-21 06:36:00+00:00,64268.25,64288.0,exit_signal,3,0.00030730570693937587,-0.0006925016950665164,False
Scalp,2026-06-21 07:04:00+00:00,2026-06-21 07:12:00+00:00,64255.69,64269.45,exit_signal,8,0.0002141444594243591,-0.0007855698278912415,False
Scalp,2026-06-21 10:31:00+00:00,2026-06-21 10:34:00+00:00,64308.01,64320.0,exit_signal,3,0.0001864464473397831,-0.00081324015580575,False
Scalp,2026-06-21 12:37:00+00:00,2026-06-21 12:41:00+00:00,63958.09,64006.0,exit_signal,4,0.0007490842831610056,-0.0002511646766421016,False
Scalp,2026-06-21 14:30:00+00:00,2026-06-21 14:37:00+00:00,64033.99,64036.0,exit_signal,7,3.138957919079921e-05,-0.0009681420445765143,False
Scalp,2026-06-21 15:23:00+00:00,2026-06-21 15:28:00+00:00,64194.0,64256.41,exit_signal,5,0.0009722092407391525,-2.8262732514883204e-05,False
Scalp,2026-06-21 15:51:00+00:00,2026-06-21 16:02:00+00:00,64268.0,64232.11,exit_signal,11,-0.0005584427708968942,-0.0015573848570827886,False
Scalp,2026-06-21 16:40:00+00:00,2026-06-21 16:42:00+00:00,64050.33,64094.09,exit_signal,2,0.0006832127172489155,-0.00031697040390765707,False
Scalp,2026-06-21 17:36:00+00:00,2026-06-21 17:38:00+00:00,64080.01,64090.0,exit_signal,2,0.00015589885207578646,-0.0008437572187408593,False
Scalp,2026-06-21 18:04:00+00:00,2026-06-21 18:08:00+00:00,63992.23,64030.39,exit_signal,4,0.0005963223972660359,-0.0004037738769940846,False
Scalp,2026-06-21 20:20:00+00:00,2026-06-21 20:23:00+00:00,64072.6,64117.99,exit_signal,3,0.000708415141573715,-0.00029179316941230216,False
Scalp,2026-06-21 20:29:00+00:00,2026-06-21 20:31:00+00:00,64101.99,64126.0,exit_signal,2,0.00037455935455366074,-0.0006253152674897677,False
Scalp,2026-06-21 20:36:00+00:00,2026-06-21 20:54:00+00:00,64064.85,63797.37,exit_signal,18,-0.004175144404458875,-0.005170471596458337,False
Scalp,2026-06-21 21:08:00+00:00,2026-06-21 21:16:00+00:00,63795.99,63688.66,exit_signal,8,-0.0016823941442086765,-0.0026802128407161785,False
Scalp,2026-06-21 23:56:00+00:00,2026-06-22 00:03:00+00:00,63312.48,63397.99,exit_signal,7,0.001350602598413353,0.00034975242090373726,False
Scalp,2026-06-22 00:24:00+00:00,2026-06-22 00:25:00+00:00,63576.01,63650.01,exit_signal,1,0.0011639610601545947,0.0001632974309091484,False
Scalp,2026-06-22 02:55:00+00:00,2026-06-22 03:06:00+00:00,64297.99,64128.01,exit_signal,11,-0.0026436285177809937,-0.003640486460291803,False
Scalp,2026-06-22 06:54:00+00:00,2026-06-22 06:55:00+00:00,63964.0,64002.01,exit_signal,1,0.000594240510287003,-0.00040585368312640036,False
Scalp,2026-06-22 07:46:00+00:00,2026-06-22 07:50:00+00:00,64253.64,64267.99,exit_signal,4,0.00022333365082505274,-0.0007763898210897402,False
Scalp,2026-06-22 10:14:00+00:00,2026-06-22 10:24:00+00:00,64236.01,64191.33,exit_signal,10,-0.0006955600137680262,-0.0016943650512353248,False
Scalp,2026-06-22 12:11:00+00:00,2026-06-22 12:13:00+00:00,64702.58,64770.26,exit_signal,2,0.0010460170212687192,4.5471277119624176e-05,False
Scalp,2026-06-22 12:19:00+00:00,2026-06-22 12:22:00+00:00,64707.48,64749.98,exit_signal,3,0.0006568019647805734,-0.0003433547588223007,False
Scalp,2026-06-22 14:06:00+00:00,2026-06-22 14:34:00+00:00,65420.41,64995.13,exit_signal,28,-0.0065007235509531025,-0.007493726326014527,False
Scalp,2026-06-22 16:42:00+00:00,2026-06-22 16:48:00+00:00,64582.38,64630.01,exit_signal,6,0.0007375076607583075,-0.00026272972820784446,False
Scalp,2026-06-22 17:32:00+00:00,2026-06-22 17:38:00+00:00,64435.01,64464.32,exit_signal,6,0.0004548769372425543,-0.0005450779622447888,False
Scalp,2026-06-22 18:21:00+00:00,2026-06-22 18:23:00+00:00,64648.01,64681.17,exit_signal,2,0.0005129314885330416,-0.0004870814364928977,False
Scalp,2026-06-22 18:41:00+00:00,2026-06-22 18:50:00+00:00,64536.0,64479.37,exit_signal,9,-0.0008774947316225745,-0.001876117925293963,False
Scalp,2026-06-22 22:39:00+00:00,2026-06-22 22:48:00+00:00,63920.5,63918.01,exit_signal,9,-3.895463896552709e-05,-0.0010384159536691584,False
Scalp,2026-06-23 01:26:00+00:00,2026-06-23 01:30:00+00:00,64172.0,64209.73,exit_signal,4,0.0005879511313346963,-0.00041213677584295283,False
Scalp,2026-06-23 03:09:00+00:00,2026-06-23 03:14:00+00:00,64001.99,64008.0,exit_signal,5,9.390333019343444e-05,-0.0009056907760834898,False
Scalp,2026-06-23 04:43:00+00:00,2026-06-23 04:47:00+00:00,63840.1,63849.11,exit_signal,4,0.0001411338641386095,-0.0008585074490686795,False
Scalp,2026-06-23 04:52:00+00:00,2026-06-23 04:59:00+00:00,63737.92,63707.1,exit_signal,7,-0.0004835426069755844,-0.0014825595558941584,False
Scalp,2026-06-23 05:24:00+00:00,2026-06-23 05:30:00+00:00,63471.39,63482.29,exit_signal,6,0.00017173091687450182,-0.0008279409780947988,False
Scalp,2026-06-23 06:10:00+00:00,2026-06-23 06:15:00+00:00,63166.73,63207.17,exit_signal,5,0.0006402104398943731,-0.00035992970047515893,False
Scalp,2026-06-23 06:22:00+00:00,2026-06-23 06:28:00+00:00,62685.47,62712.26,exit_signal,6,0.0004273717657377052,-0.0005725556423239464,False
Scalp,2026-06-23 08:15:00+00:00,2026-06-23 08:31:00+00:00,62664.0,62197.53,exit_signal,16,-0.007443986978169281,-0.008436046961199484,False
Scalp,2026-06-23 10:34:00+00:00,2026-06-23 10:49:00+00:00,62331.53,62330.0,exit_signal,15,-2.4546164677841098e-05,-0.0010240218806549795,False
Scalp,2026-06-23 11:44:00+00:00,2026-06-23 11:47:00+00:00,62584.0,62538.49,exit_signal,3,-0.0007271826664962955,-0.001725956097114345,False
Scalp,2026-06-23 13:11:00+00:00,2026-06-23 13:14:00+00:00,62106.24,62198.0,exit_signal,3,0.0014774682866005584,0.00047649130680404994,False
Scalp,2026-06-23 14:24:00+00:00,2026-06-23 14:30:00+00:00,62648.0,62576.0,exit_signal,6,-0.001149278508491891,-0.00214763005421037,False
Scalp,2026-06-23 15:21:00+00:00,2026-06-23 15:27:00+00:00,62284.0,62296.01,exit_signal,6,0.00019282640806639328,-0.0008068665718516943,False
Scalp,2026-06-23 16:23:00+00:00,2026-06-23 16:32:00+00:00,62600.27,62608.21,exit_signal,9,0.00012683651364442383,-0.0008727905093576238,False
Scalp,2026-06-23 18:09:00+00:00,2026-06-23 18:11:00+00:00,62304.54,62364.96,exit_signal,2,0.0009697527660101901,-3.071675199661783e-05,False
Scalp,2026-06-23 18:45:00+00:00,2026-06-23 18:49:00+00:00,62148.24,62167.98,exit_signal,4,0.00031762765928688985,-0.000682190059512866,False
Scalp,2026-06-23 21:57:00+00:00,2026-06-23 22:03:00+00:00,62604.0,62630.0,exit_signal,6,0.00041530892594732194,-0.0005846064253030026,False
Scalp,2026-06-23 22:25:00+00:00,2026-06-23 22:29:00+00:00,62588.0,62607.42,exit_signal,4,0.00031028312136505143,-0.000689527256567235,False
Scalp,2026-06-23 22:37:00+00:00,2026-06-23 22:40:00+00:00,62557.35,62577.85,exit_signal,3,0.00032769930311937756,-0.0006721284822908125,False
Scalp,2026-06-24 03:55:00+00:00,2026-06-24 04:03:00+00:00,62755.83,62746.0,exit_signal,8,-0.00015663883339611662,-0.0011559825227179799,False
Scalp,2026-06-24 04:11:00+00:00,2026-06-24 04:14:00+00:00,62643.16,62665.05,exit_signal,3,0.0003494395876579848,-0.0006504099271720243,False
Scalp,2026-06-24 11:07:00+00:00,2026-06-24 11:12:00+00:00,62380.01,62391.77,exit_signal,5,0.00018852193194573985,-0.000811166745647296,False
Scalp,2026-06-24 12:17:00+00:00,2026-06-24 12:27:00+00:00,62840.01,62797.01,exit_signal,10,-0.000684277421343471,-0.0016830937357649178,False
Scalp,2026-06-24 13:03:00+00:00,2026-06-24 13:16:00+00:00,62523.58,62098.16,exit_signal,13,-0.006804152929182905,-0.007796852426504963,False
Scalp,2026-06-24 13:25:00+00:00,2026-06-24 13:29:00+00:00,61830.0,61861.99,exit_signal,4,0.0005173863820151503,-0.0004826309956778019,False
Scalp,2026-06-24 13:44:00+00:00,2026-06-24 13:51:00+00:00,61534.29,61572.63,exit_signal,7,0.0006230672361702272,-0.00037705576956303943,False
Scalp,2026-06-24 13:58:00+00:00,2026-06-24 14:06:00+00:00,61290.01,61349.99,exit_signal,8,0.0009786260436244199,-2.18523432257145e-05,False
Scalp,2026-06-24 14:18:00+00:00,2026-06-24 14:22:00+00:00,61114.78,61113.09,exit_signal,4,-2.7652885275952777e-05,-0.0010271254960850795,False
Scalp,2026-06-24 15:42:00+00:00,2026-06-24 15:52:00+00:00,60639.99,60512.71,exit_signal,10,-0.002098944937161118,-0.003096347291046908,False
Scalp,2026-06-24 17:09:00+00:00,2026-06-24 17:11:00+00:00,59845.99,59943.99,exit_signal,2,0.0016375366169061323,0.0006363996487734891,False
Scalp,2026-06-24 17:20:00+00:00,2026-06-24 17:26:00+00:00,59604.0,59586.51,exit_signal,6,-0.00029343668210179974,-0.0012926436419397058,False
Scalp,2026-06-24 20:26:00+00:00,2026-06-24 20:27:00+00:00,60674.0,60785.83,exit_signal,1,0.0018431288525562195,0.0008417863949325977,False
Scalp,2026-06-25 05:23:00+00:00,2026-06-25 05:24:00+00:00,61513.21,61729.19,exit_signal,1,0.0035111157424561057,0.0025081061315190833,False
Scalp,2026-06-25 07:49:00+00:00,2026-06-25 07:54:00+00:00,61876.62,61866.07,exit_signal,5,-0.000170500586489708,-0.0011698304209858401,False
Scalp,2026-06-25 10:46:00+00:00,2026-06-25 10:52:00+00:00,61349.99,61368.48,exit_signal,6,0.0003013855421982736,-0.0006984159426014491,False
Scalp,2026-06-25 11:05:00+00:00,2026-06-25 11:12:00+00:00,61211.99,61137.61,exit_signal,7,-0.0012151214165720958,-0.002213407152287572,False
Scalp,2026-06-25 11:25:00+00:00,2026-06-25 11:27:00+00:00,61280.08,61302.36,exit_signal,2,0.0003635765488556597,-0.0006362870958707134,False
Scalp,2026-06-25 13:47:00+00:00,2026-06-25 14:02:00+00:00,59669.12,58764.91,exit_signal,15,-0.015153734460974122,-0.016138088549468743,False
Scalp,2026-06-25 16:45:00+00:00,2026-06-25 16:49:00+00:00,59266.0,59326.79,exit_signal,4,0.0010257145749670293,2.518912311821886e-05,False
Scalp,2026-06-25 20:13:00+00:00,2026-06-25 20:16:00+00:00,59610.03,59630.0,exit_signal,3,0.0003350107356094867,-0.0006648243575794188,False
Scalp,2026-06-25 21:43:00+00:00,2026-06-25 21:44:00+00:00,59870.0,59914.55,exit_signal,1,0.0007441122431937064,-0.0002561317470543001,False
Scalp,2026-06-25 22:09:00+00:00,2026-06-25 22:17:00+00:00,60000.02,59967.42,exit_signal,8,-0.000543333152222214,-0.001542290340475705,False
Scalp,2026-06-25 23:38:00+00:00,2026-06-25 23:58:00+00:00,60068.73,59807.99,exit_signal,20,-0.004340694401230194,-0.005335856125966432,False
Scalp,2026-06-26 00:28:00+00:00,2026-06-26 00:30:00+00:00,59711.78,59771.99,exit_signal,2,0.0010083437472472312,7.835657544807972e-06,False
Scalp,2026-06-26 00:56:00+00:00,2026-06-26 01:01:00+00:00,59676.0,59687.99,exit_signal,5,0.0002009182921107744,-0.0007987827756473775,False
Scalp,2026-06-26 01:07:00+00:00,2026-06-26 01:10:00+00:00,59516.0,59558.02,exit_signal,3,0.0007060286309563679,-0.00029417729471170606,False
Scalp,2026-06-26 01:33:00+00:00,2026-06-26 01:39:00+00:00,59250.13,59297.99,exit_signal,6,0.0008077619407755865,-0.00019254566736115475,False
Scalp,2026-06-26 02:24:00+00:00,2026-06-26 02:26:00+00:00,58440.0,58604.04,exit_signal,2,0.0028069815195073122,0.0018046756909022577,False
Scalp,2026-06-26 04:15:00+00:00,2026-06-26 04:17:00+00:00,59914.73,60080.46,exit_signal,2,0.0027660977525894026,0.001763832787319508,False
Scalp,2026-06-26 04:23:00+00:00,2026-06-26 04:29:00+00:00,60004.0,59994.11,exit_signal,6,-0.000164822345177007,-0.0011641578550767306,False
Scalp,2026-06-26 07:37:00+00:00,2026-06-26 07:39:00+00:00,60578.29,60685.92,exit_signal,2,0.0017767091147669056,0.0007754330436879897,False
Scalp,2026-06-26 07:47:00+00:00,2026-06-26 07:54:00+00:00,60552.44,60574.79,exit_signal,7,0.0003691015589131208,-0.0006307676080622437,False
Scalp,2026-06-26 08:11:00+00:00,2026-06-26 08:18:00+00:00,60284.03,60292.0,exit_signal,7,0.0001322074851333177,-0.0008674249061559891,False
Scalp,2026-06-26 08:21:00+00:00,2026-06-26 08:22:00+00:00,60208.53,60312.22,exit_signal,1,0.001722181225816355,0.0007209596553758857,False
Scalp,2026-06-26 09:45:00+00:00,2026-06-26 09:55:00+00:00,60003.51,59796.0,exit_signal,10,-0.003458297689585166,-0.0044543413700551815,False
Scalp,2026-06-26 12:39:00+00:00,2026-06-26 12:46:00+00:00,59470.01,59378.57,exit_signal,7,-0.0015375817155571792,-0.0025355451521231753,False
Scalp,2026-06-26 15:48:00+00:00,2026-06-26 15:51:00+00:00,60324.0,60406.5,exit_signal,3,0.001367614879649981,0.00036674769836086973,False
Scalp,2026-06-26 18:41:00+00:00,2026-06-26 18:56:00+00:00,59784.0,59665.99,exit_signal,15,-0.00197393951558944,-0.0029714668124254384,False
Scalp,2026-06-26 21:50:00+00:00,2026-06-26 21:54:00+00:00,59937.95,59966.0,exit_signal,4,0.0004679839734258451,-0.0005319840265475273,False
Scalp,2026-06-27 00:17:00+00:00,2026-06-27 00:26:00+00:00,60108.0,60050.0,exit_signal,9,-0.0009649297930391931,-0.001963465595344882,False
Scalp,2026-06-27 00:35:00+00:00,2026-06-27 00:38:00+00:00,59912.0,59918.01,exit_signal,3,0.00010031379356401082,-0.0008992867199727472,False
Scalp,2026-06-27 02:32:00+00:00,2026-06-27 02:35:00+00:00,60247.99,60318.01,exit_signal,3,0.001162196448379449,0.00016153458286405353,False
Scalp,2026-06-27 02:59:00+00:00,2026-06-27 03:03:00+00:00,60301.99,60363.72,exit_signal,4,0.0010236809763657373,2.315755709925149e-05,False
Scalp,2026-06-27 05:31:00+00:00,2026-06-27 05:35:00+00:00,60183.99,60215.99,exit_signal,4,0.0005317028664932888,-0.00046832882052960656,False
Scalp,2026-06-27 06:13:00+00:00,2026-06-27 06:17:00+00:00,60131.06,60150.45,exit_signal,4,0.00032246230151278255,-0.0006773602495131481,False
Scalp,2026-06-27 06:53:00+00:00,2026-06-27 07:00:00+00:00,60364.0,60370.63,exit_signal,7,0.0001098336757006102,-0.000889776352960503,False
Scalp,2026-06-27 08:04:00+00:00,2026-06-27 08:07:00+00:00,60469.44,60486.0,exit_signal,3,0.0002738573401703803,-0.0007259166301842868,False
Scalp,2026-06-27 10:53:00+00:00,2026-06-27 10:56:00+00:00,60380.01,60395.4,exit_signal,3,0.0002548856815360878,-0.0007448693266413065,False
Scalp,2026-06-27 13:08:00+00:00,2026-06-27 13:10:00+00:00,60400.01,60425.36,exit_signal,2,0.0004197019172678118,-0.0005802178247783507,False
Scalp,2026-06-27 13:34:00+00:00,2026-06-27 13:35:00+00:00,60452.54,60471.63,exit_signal,1,0.0003157849116017797,-0.0006840309653713961,False
Scalp,2026-06-27 14:03:00+00:00,2026-06-27 14:07:00+00:00,60516.12,60552.91,exit_signal,4,0.0006079371909502029,-0.00039217069229913193,False
Scalp,2026-06-27 15:19:00+00:00,2026-06-27 15:25:00+00:00,60774.17,60776.43,exit_signal,6,3.71868509270179e-05,-0.0009623505672147203,False
Scalp,2026-06-27 17:28:00+00:00,2026-06-27 17:36:00+00:00,60545.3,60580.88,exit_signal,8,0.000587659157688547,-0.00041242845766154,False
Scalp,2026-06-27 19:33:00+00:00,2026-06-27 19:36:00+00:00,60166.0,60227.7,exit_signal,3,0.0010254961273807872,2.4970893870435162e-05,False
Scalp,2026-06-27 19:57:00+00:00,2026-06-27 20:00:00+00:00,60157.28,60175.95,exit_signal,3,0.00031035312766802825,-0.0006894573202356202,False
Scalp,2026-06-27 21:37:00+00:00,2026-06-27 21:56:00+00:00,60383.67,60216.0,exit_signal,19,-0.002776744109789897,-0.0037734690032333873,False
Scalp,2026-06-27 22:05:00+00:00,2026-06-27 22:07:00+00:00,60096.26,60138.0,exit_signal,2,0.0006945523731427539,-0.0003056420820027883,False
Scalp,2026-06-27 23:12:00+00:00,2026-06-27 23:27:00+00:00,60256.57,60003.14,exit_signal,15,-0.004205848424495451,-0.005201144927819201,False
Scalp,2026-06-28 02:23:00+00:00,2026-06-28 02:28:00+00:00,60121.93,60130.01,exit_signal,5,0.00013439355656075236,-0.00086524101970753,False
Scalp,2026-06-28 07:27:00+00:00,2026-06-28 07:31:00+00:00,60106.0,60111.75,exit_signal,4,9.566432635677025e-05,-0.0009039315400363179,False
Scalp,2026-06-28 07:55:00+00:00,2026-06-28 08:00:00+00:00,60209.99,60220.0,exit_signal,5,0.0001662514808589144,-0.0008334149374126243,False
Scalp,2026-06-28 08:53:00+00:00,2026-06-28 09:06:00+00:00,60394.64,60352.6,exit_signal,13,-0.0006960882621371844,-0.001694892771620271,False
Scalp,2026-06-28 10:27:00+00:00,2026-06-28 10:31:00+00:00,60099.17,60136.0,exit_signal,4,0.0006128204432773732,-0.00038729232078371645,False
Scalp,2026-06-28 16:27:00+00:00,2026-06-28 16:30:00+00:00,59730.3,59772.99,exit_signal,3,0.000714712633286485,-0.00028550197204402217,False
Scalp,2026-06-28 17:39:00+00:00,2026-06-28 17:41:00+00:00,59429.4,59498.85,exit_signal,2,0.0011686135145230203,0.00016794523514840343,False
Scalp,2026-06-28 20:34:00+00:00,2026-06-28 20:37:00+00:00,59676.03,59711.25,exit_signal,3,0.0005901867131576921,-0.0004099034284844594,False
Scalp,2026-06-28 22:11:00+00:00,2026-06-28 22:24:00+00:00,59655.22,59462.04,exit_signal,13,-0.0032382748735148015,-0.004234538466844628,False
Scalp,2026-06-28 23:57:00+00:00,2026-06-29 00:10:00+00:00,59657.37,59446.0,exit_signal,13,-0.003543066011793772,-0.004539024966304539,False
Scalp,2026-06-29 00:31:00+00:00,2026-06-29 00:35:00+00:00,59178.01,59221.97,exit_signal,4,0.0007428434987928334,-0.0002573992233447786,False
Scalp,2026-06-29 03:16:00+00:00,2026-06-29 03:21:00+00:00,60021.25,60070.0,exit_signal,5,0.0008122123414624483,-0.0001880997148507868,False
Scalp,2026-06-29 03:34:00+00:00,2026-06-29 03:47:00+00:00,60049.99,59967.18,exit_signal,13,-0.0013790177150736493,-0.0023771396363978514,False
Scalp,2026-06-29 06:07:00+00:00,2026-06-29 06:08:00+00:00,60108.01,60166.0,exit_signal,1,0.000964763265328461,-3.570126567131737e-05,False
Scalp,2026-06-29 06:29:00+00:00,2026-06-29 06:52:00+00:00,60189.97,60127.0,exit_signal,23,-0.001046187595707404,-0.002044642180819012,False
Scalp,2026-06-29 10:25:00+00:00,2026-06-29 10:38:00+00:00,60243.16,60146.0,exit_signal,13,-0.0016127972038652016,-0.0026106854625319587,False
Scalp,2026-06-29 11:04:00+00:00,2026-06-29 11:23:00+00:00,60020.0,59920.01,exit_signal,19,-0.0016659446851049475,-0.0026637798228507092,False
Scalp,2026-06-29 12:26:00+00:00,2026-06-29 12:44:00+00:00,60482.31,59937.94,exit_signal,18,-0.00900048295113054,-0.009990987216046854,False
Scalp,2026-06-29 13:24:00+00:00,2026-06-29 13:31:00+00:00,60111.45,60089.31,exit_signal,7,-0.00036831585330243666,-0.001367447971390101,False
Scalp,2026-06-29 16:55:00+00:00,2026-06-29 16:57:00+00:00,59869.18,59888.0,exit_signal,2,0.0003143520589392601,-0.0006854623858972841,False
Scalp,2026-06-29 17:37:00+00:00,2026-06-29 17:41:00+00:00,60460.01,60461.9,exit_signal,4,3.126033224276625e-05,-0.0009682711623421048,False
Scalp,2026-06-29 18:53:00+00:00,2026-06-29 18:56:00+00:00,60216.0,60241.99,exit_signal,3,0.0004316128603694125,-0.000568318786667521,False
Scalp,2026-06-30 00:30:00+00:00,2026-06-30 00:35:00+00:00,59932.99,59877.99,exit_signal,5,-0.000917691575207602,-0.0019162745921237345,False
Scalp,2026-06-30 00:42:00+00:00,2026-06-30 00:45:00+00:00,59738.0,59778.41,exit_signal,3,0.0006764538484718141,-0.0003237225171939251,False
Scalp,2026-06-30 00:58:00+00:00,2026-06-30 01:05:00+00:00,59850.0,59856.0,exit_signal,7,0.00010025062656637829,-0.0008993498238348829,False
Scalp,2026-06-30 03:44:00+00:00,2026-06-30 03:52:00+00:00,59740.53,59685.87,exit_signal,8,-0.0009149567303804451,-0.0019135424807746881,False
Scalp,2026-06-30 03:57:00+00:00,2026-06-30 03:59:00+00:00,59624.36,59640.86,exit_signal,2,0.0002767325301269441,-0.0007230443139809584,False
Scalp,2026-06-30 04:04:00+00:00,2026-06-30 04:13:00+00:00,59568.09,59578.0,exit_signal,9,0.00016636423964588865,-0.000833302291328275,False
Scalp,2026-06-30 04:19:00+00:00,2026-06-30 04:22:00+00:00,59496.01,59493.98,exit_signal,3,-3.411993510149536e-05,-0.0010335860820928078,False
Scalp,2026-06-30 05:54:00+00:00,2026-06-30 05:55:00+00:00,59578.74,59608.91,exit_signal,1,0.0005063886883140967,-0.0004936176971813699,False
Scalp,2026-06-30 06:05:00+00:00,2026-06-30 06:15:00+00:00,59579.38,59566.15,exit_signal,10,-0.0002220566914257205,-0.0012213349955821906,False
Scalp,2026-06-30 11:35:00+00:00,2026-06-30 11:42:00+00:00,59134.47,59243.26,exit_signal,7,0.001839705335991093,0.0008383663001731989,False
Scalp,2026-06-30 12:16:00+00:00,2026-06-30 12:19:00+00:00,59031.97,59067.91,exit_signal,3,0.000608822643052509,-0.00039128612520622497,False
Scalp,2026-06-30 12:25:00+00:00,2026-06-30 12:40:00+00:00,58859.46,58862.0,exit_signal,15,4.315364089313434e-05,-0.0009563897410567179,False
Scalp,2026-06-30 12:51:00+00:00,2026-06-30 12:55:00+00:00,58634.1,58666.0,exit_signal,4,0.000544052010690077,-0.0004559920193055733,False
Scalp,2026-06-30 13:01:00+00:00,2026-06-30 13:06:00+00:00,58452.02,58500.12,exit_signal,5,0.0008228971385420003,-0.00017742559722855322,False
Scalp,2026-06-30 21:24:00+00:00,2026-06-30 21:27:00+00:00,58520.0,58574.0,exit_signal,3,0.000922761449077214,-7.766110109663771e-05,False
Scalp,2026-07-01 00:24:00+00:00,2026-07-01 00:31:00+00:00,58446.0,58484.0,exit_signal,7,0.0006501728090886338,-0.0003499772886713659,False
Scalp,2026-07-01 01:09:00+00:00,2026-07-01 01:15:00+00:00,58263.99,58169.82,exit_signal,6,-0.0016162641796416688,-0.0026141489730652223,False
Scalp,2026-07-01 02:00:00+00:00,2026-07-01 02:03:00+00:00,58770.58,58830.45,exit_signal,3,0.0010187069788998304,1.8188531144991416e-05,False
Scalp,2026-07-01 02:07:00+00:00,2026-07-01 02:11:00+00:00,58696.0,58743.77,exit_signal,4,0.0008138544364180156,-0.0001864592611693361,False
Scalp,2026-07-01 04:02:00+00:00,2026-07-01 04:06:00+00:00,59092.1,59114.37,exit_signal,4,0.0003768693277106383,-0.000623007603151704,False
Scalp,2026-07-01 06:06:00+00:00,2026-07-01 06:17:00+00:00,59022.81,58967.08,exit_signal,11,-0.0009442112295229288,-0.0019427677400379872,False
Scalp,2026-07-01 06:21:00+00:00,2026-07-01 06:27:00+00:00,58830.46,58808.89,exit_signal,6,-0.00036664680167386443,-0.001365780587978982,False
Scalp,2026-07-01 06:36:00+00:00,2026-07-01 06:41:00+00:00,58702.69,58656.28,exit_signal,5,-0.0007905940937289468,-0.0017893041446096491,False
Scalp,2026-07-01 09:23:00+00:00,2026-07-01 09:32:00+00:00,58928.0,58904.99,exit_signal,9,-0.00039047651371171277,-0.001389586482213656,False
Scalp,2026-07-01 15:40:00+00:00,2026-07-01 15:43:00+00:00,60171.22,60230.0,exit_signal,3,0.0009768789796849031,-2.3597660974261636e-05,False
Scalp,2026-07-01 23:06:00+00:00,2026-07-01 23:10:00+00:00,60322.0,60342.01,exit_signal,4,0.0003317197705645647,-0.0006681120333038582,False
Scalp,2026-07-01 23:15:00+00:00,2026-07-01 23:17:00+00:00,60246.17,60289.37,exit_signal,2,0.0007170580304109997,-0.00028315891914465485,False
Scalp,2026-07-01 23:38:00+00:00,2026-07-01 23:43:00+00:00,60095.46,60198.01,exit_signal,5,0.0017064517020088932,0.0007052458532312844,False
Scalp,2026-07-02 00:41:00+00:00,2026-07-02 00:46:00+00:00,59646.13,59672.0,exit_signal,5,0.0004337247026755531,-0.000566209055148037,False
Scalp,2026-07-02 01:53:00+00:00,2026-07-02 01:59:00+00:00,60110.0,60157.99,exit_signal,6,0.0007983696556312925,-0.00020192856491396682,False
Scalp,2026-07-02 04:10:00+00:00,2026-07-02 04:12:00+00:00,60899.36,60928.0,exit_signal,2,0.0004702840883714643,-0.0005296862105674816,False
Scalp,2026-07-02 07:03:00+00:00,2026-07-02 07:07:00+00:00,60270.0,60253.99,exit_signal,4,-0.0002656379625021188,-0.0012648727071671306,False
Scalp,2026-07-02 08:59:00+00:00,2026-07-02 09:03:00+00:00,60508.0,60507.9,exit_signal,4,-1.652674026519918e-06,-0.0010011512720533577,False
Scalp,2026-07-02 10:02:00+00:00,2026-07-02 10:11:00+00:00,61146.01,61162.0,exit_signal,9,0.00026150520696277546,-0.0007382564174319706,False
Scalp,2026-07-02 10:20:00+00:00,2026-07-02 10:24:00+00:00,61159.44,61146.24,exit_signal,4,-0.00021582931432995167,-0.001215113842751192,False
Scalp,2026-07-02 16:30:00+00:00,2026-07-02 16:33:00+00:00,61192.0,61302.0,exit_signal,3,0.0017976206040004605,0.000796323631882645,False
Scalp,2026-07-02 17:38:00+00:00,2026-07-02 17:41:00+00:00,61682.68,61739.79,exit_signal,3,0.0009258676827919032,-7.455797206323833e-05,False
Scalp,2026-07-02 19:18:00+00:00,2026-07-02 19:26:00+00:00,61552.25,61554.0,exit_signal,8,2.8431129650119402e-05,-0.0009710975371460817,False
Scalp,2026-07-02 21:06:00+00:00,2026-07-02 21:16:00+00:00,61547.35,61544.57,exit_signal,10,-4.516847597824114e-05,-0.0010446235799501657,False
Scalp,2026-07-02 23:07:00+00:00,2026-07-02 23:09:00+00:00,61371.02,61366.11,exit_signal,2,-8.000518811646096e-05,-0.0010794254727858332,False
Scalp,2026-07-02 23:39:00+00:00,2026-07-02 23:45:00+00:00,61509.99,61482.82,exit_signal,6,-0.00044171686582938907,-0.001440775619586554,False
Scalp,2026-07-03 00:00:00+00:00,2026-07-03 00:14:00+00:00,61560.0,61455.99,exit_signal,14,-0.0016895711500974908,-0.00268738267318569,False
Scalp,2026-07-03 01:19:00+00:00,2026-07-03 01:22:00+00:00,61536.0,61603.66,exit_signal,3,0.0010995189807592176,9.891976138831637e-05,False
Scalp,2026-07-03 01:28:00+00:00,2026-07-03 01:33:00+00:00,61566.0,61569.86,exit_signal,5,6.269694311789031e-05,-0.0009368659723673067,False
Scalp,2026-07-03 05:43:00+00:00,2026-07-03 05:45:00+00:00,61669.58,61698.58,exit_signal,2,0.00047024805422712923,-0.0005297222086956266,False
Scalp,2026-07-03 07:59:00+00:00,2026-07-03 08:02:00+00:00,61764.33,61797.44,exit_signal,3,0.000536069929035099,-0.0004639661228679204,False
Scalp,2026-07-03 15:15:00+00:00,2026-07-03 15:32:00+00:00,62192.14,62096.0,exit_signal,17,-0.001545854508302802,-0.0025438096762104845,False
Scalp,2026-07-03 15:45:00+00:00,2026-07-03 15:52:00+00:00,61844.01,61884.0,exit_signal,7,0.0006466268924023577,-0.0003535196612131086,False
Scalp,2026-07-03 20:42:00+00:00,2026-07-03 20:44:00+00:00,62648.99,62722.0,exit_signal,2,0.0011653819159733736,0.0001647168665823706,False
Scalp,2026-07-03 20:59:00+00:00,2026-07-03 21:02:00+00:00,62736.89,62818.59,exit_signal,3,0.001302264106493034,0.0003014622433181735,False
Scalp,2026-07-04 00:23:00+00:00,2026-07-04 00:32:00+00:00,62799.0,62777.99,exit_signal,9,-0.0003345594675074892,-0.0013337253251111125,False
Scalp,2026-07-04 01:23:00+00:00,2026-07-04 01:30:00+00:00,62534.67,62492.01,exit_signal,7,-0.0006821815802336983,-0.001680999989448706,False
Scalp,2026-07-04 02:18:00+00:00,2026-07-04 02:25:00+00:00,62510.01,62490.17,exit_signal,7,-0.00031738916695112085,-0.0013165721862743451,False
Scalp,2026-07-04 03:48:00+00:00,2026-07-04 04:07:00+00:00,62691.96,62642.0,exit_signal,19,-0.00079691239514601,-0.001795616130882971,False
Scalp,2026-07-04 05:22:00+00:00,2026-07-04 05:26:00+00:00,62512.44,62510.97,exit_signal,4,-2.3515319510836186e-05,-0.001022992065818018,False
Scalp,2026-07-04 05:55:00+00:00,2026-07-04 06:00:00+00:00,62474.41,62471.53,exit_signal,5,-4.609887472328822e-05,-0.0010455530487615272,False
Scalp,2026-07-04 07:29:00+00:00,2026-07-04 07:34:00+00:00,62560.67,62563.51,exit_signal,5,4.53959332598064e-05,-0.0009541496898618496,False
Scalp,2026-07-04 09:18:00+00:00,2026-07-04 09:30:00+00:00,62488.0,62477.04,exit_signal,12,-0.00017539367558572216,-0.0011747186194381865,False
Scalp,2026-07-04 13:30:00+00:00,2026-07-04 13:41:00+00:00,62654.0,62596.0,exit_signal,11,-0.0009257190283142869,-0.0019242940217890636,False
Scalp,2026-07-04 14:23:00+00:00,2026-07-04 14:24:00+00:00,62650.65,62680.0,exit_signal,1,0.0004684707979885072,-0.0005314976885660849,False
Scalp,2026-07-04 15:53:00+00:00,2026-07-04 15:55:00+00:00,62893.49,62947.2,exit_signal,2,0.000853983456793328,-0.00014637034976006102,False
Scalp,2026-07-04 18:01:00+00:00,2026-07-04 18:06:00+00:00,63244.4,63250.0,exit_signal,5,8.85453889989396e-05,-0.0009110433620146408,False
Scalp,2026-07-04 18:11:00+00:00,2026-07-04 18:12:00+00:00,63208.0,63256.0,exit_signal,1,0.0007593975446145151,-0.00024086172329595978,False
Scalp,2026-07-04 22:06:00+00:00,2026-07-04 22:10:00+00:00,63258.92,63277.16,exit_signal,4,0.0002883387828942485,-0.0007114496616662525,False
Scalp,2026-07-04 22:13:00+00:00,2026-07-04 22:14:00+00:00,63231.99,63277.15,exit_signal,1,0.0007141954570779596,-0.00028601863133481675,False
Scalp,2026-07-04 23:54:00+00:00,2026-07-04 23:55:00+00:00,63162.0,63209.01,exit_signal,1,0.0007442766220195907,-0.0002559675325251032,False
Scalp,2026-07-05 01:21:00+00:00,2026-07-05 01:27:00+00:00,62904.61,62896.0,exit_signal,6,-0.0001368739111489159,-0.0011362373555156013,False
Scalp,2026-07-05 02:17:00+00:00,2026-07-05 02:19:00+00:00,62676.0,62729.98,exit_signal,2,0.0008612547067459175,-0.00013910636742364701,False
Scalp,2026-07-05 04:49:00+00:00,2026-07-05 04:58:00+00:00,62856.0,62836.53,exit_signal,9,-0.0003097556319205941,-0.0013089462809640073,False
Scalp,2026-07-05 05:02:00+00:00,2026-07-05 05:06:00+00:00,62787.14,62789.99,exit_signal,4,4.5391460735455524e-05,-0.0009541541579157764,False
Scalp,2026-07-05 05:09:00+00:00,2026-07-05 05:12:00+00:00,62744.22,62768.01,exit_signal,3,0.00037915843084834755,-0.0006207207879730392,False
Scalp,2026-07-05 08:10:00+00:00,2026-07-05 08:13:00+00:00,62983.35,62978.0,exit_signal,3,-8.494308416429064e-05,-0.0010843584334053746,False
Scalp,2026-07-05 09:24:00+00:00,2026-07-05 09:38:00+00:00,62764.98,62722.13,exit_signal,14,-0.0006827055469468268,-0.0016815234324569772,False
Scalp,2026-07-05 12:05:00+00:00,2026-07-05 12:07:00+00:00,62592.0,62617.6,exit_signal,2,0.00040899795501014857,-0.0005909110884230184,False
Scalp,2026-07-05 15:16:00+00:00,2026-07-05 15:27:00+00:00,62782.0,62780.58,exit_signal,11,-2.26179478194366e-05,-0.0010220955910498208,False
Scalp,2026-07-05 16:52:00+00:00,2026-07-05 16:54:00+00:00,62620.01,62631.34,exit_signal,2,0.00018093258049622918,-0.000818748511538292,False
Scalp,2026-07-05 20:29:00+00:00,2026-07-05 20:35:00+00:00,62714.0,62737.31,exit_signal,6,0.0003716873425390066,-0.0006281844089276456,False
Scalp,2026-07-05 21:02:00+00:00,2026-07-05 21:11:00+00:00,62683.99,62671.42,exit_signal,9,-0.00020052967272821132,-0.0011998294931452325,False
Scalp,2026-07-05 21:51:00+00:00,2026-07-05 21:55:00+00:00,62980.0,63054.65,exit_signal,4,0.001185296919657075,0.00018461196521468715,False
Scalp,2026-07-05 22:44:00+00:00,2026-07-05 22:46:00+00:00,63563.99,63636.04,exit_signal,2,0.0011335034191528592,0.0001328702323273312,False
Scalp,2026-07-06 02:12:00+00:00,2026-07-06 02:16:00+00:00,63450.0,63466.85,exit_signal,4,0.0002655634357762171,-0.0007342022448192376,False
Scalp,2026-07-06 03:45:00+00:00,2026-07-06 03:46:00+00:00,63207.07,63260.41,exit_signal,1,0.0008438929379261939,-0.0001564507831510742,False
Scalp,2026-07-06 05:23:00+00:00,2026-07-06 05:25:00+00:00,63168.39,63190.01,exit_signal,2,0.0003422597916458159,-0.000657582546976343,False
Scalp,2026-07-06 08:13:00+00:00,2026-07-06 08:18:00+00:00,63050.01,63050.01,exit_signal,5,0.0,-0.0009995002498749406,False
Scalp,2026-07-06 09:10:00+00:00,2026-07-06 09:14:00+00:00,62868.58,62877.39,exit_signal,4,0.00014013359296494166,-0.0008595067204713036,False
Scalp,2026-07-06 09:22:00+00:00,2026-07-06 09:41:00+00:00,62786.0,62671.98,exit_signal,19,-0.001816009938521268,-0.002813695086008927,False
Scalp,2026-07-06 09:51:00+00:00,2026-07-06 09:54:00+00:00,62648.0,62685.99,exit_signal,3,0.0006064040352444788,-0.0003937023156151964,False
Scalp,2026-07-06 10:45:00+00:00,2026-07-06 11:01:00+00:00,62921.67,62885.05,exit_signal,16,-0.0005819934531298143,-0.0015809120004030008,False
Scalp,2026-07-06 11:40:00+00:00,2026-07-06 11:44:00+00:00,62886.0,62917.83,exit_signal,4,0.0005061539929396286,-0.0004938521579778143,False
Scalp,2026-07-06 11:52:00+00:00,2026-07-06 11:56:00+00:00,62948.1,62946.34,exit_signal,4,-2.7959541272881694e-05,-0.0010274318455794074,False
Scalp,2026-07-06 12:01:00+00:00,2026-07-06 12:09:00+00:00,62298.47,62008.0,exit_signal,8,-0.004662554313131673,-0.0056573943388055214,False
Scalp,2026-07-06 12:48:00+00:00,2026-07-06 12:51:00+00:00,61728.01,61786.01,exit_signal,3,0.0009396058612614056,-6.083352490671157e-05,False
Scalp,2026-07-06 15:22:00+00:00,2026-07-06 15:29:00+00:00,62414.8,62393.35,exit_signal,7,-0.00034366848888411905,-0.0013428252420186748,False
Scalp,2026-07-06 16:28:00+00:00,2026-07-06 16:31:00+00:00,63423.99,63512.11,exit_signal,3,0.0013893796337947073,0.000388490698628674,False
Scalp,2026-07-06 17:57:00+00:00,2026-07-06 18:03:00+00:00,63583.99,63633.99,exit_signal,6,0.0007863614724399337,-0.00021392474592329958,False
Scalp,2026-07-06 20:06:00+00:00,2026-07-06 20:09:00+00:00,63616.0,63626.0,exit_signal,3,0.00015719315895368347,-0.0008424642055229192,False
Scalp,2026-07-06 20:45:00+00:00,2026-07-06 20:53:00+00:00,63831.99,63844.68,exit_signal,8,0.00019880313930364935,-0.0008008958143587153,False
Scalp,2026-07-06 21:19:00+00:00,2026-07-06 21:23:00+00:00,64263.28,64338.69,exit_signal,4,0.001173453953797532,0.00017278083640270836,False
Scalp,2026-07-06 23:44:00+00:00,2026-07-06 23:49:00+00:00,64067.99,64083.99,exit_signal,5,0.0002497346959067226,-0.0007500151638593078,False
Scalp,2026-07-07 02:53:00+00:00,2026-07-07 03:03:00+00:00,63341.99,63350.0,exit_signal,10,0.00012645639961750277,-0.0008731702434604527,False
Scalp,2026-07-07 03:45:00+00:00,2026-07-07 03:48:00+00:00,63208.84,63196.84,exit_signal,3,-0.00018984686319190036,-0.001189157361079607,False
Scalp,2026-07-07 05:15:00+00:00,2026-07-07 05:19:00+00:00,62820.0,62912.0,exit_signal,4,0.0014645017510346303,0.0004635377312935951,False
Scalp,2026-07-07 06:00:00+00:00,2026-07-07 06:04:00+00:00,63128.0,63130.2,exit_signal,4,3.484982891888144e-05,-0.0009646852533687911,False
Scalp,2026-07-07 07:39:00+00:00,2026-07-07 07:43:00+00:00,63126.01,63129.75,exit_signal,4,5.924657680722589e-05,-0.0009403128900360436,False
Scalp,2026-07-07 09:56:00+00:00,2026-07-07 10:01:00+00:00,63245.17,63278.0,exit_signal,5,0.0005190910230774559,-0.0004809280584048281,False
Scalp,2026-07-07 11:05:00+00:00,2026-07-07 11:06:00+00:00,63166.05,63181.99,exit_signal,1,0.0002523507485427956,-0.0007474017259684329,False
Scalp,2026-07-07 11:13:00+00:00,2026-07-07 11:17:00+00:00,63158.0,63165.99,exit_signal,4,0.00012650812248637955,-0.0008731185722885559,False
Scalp,2026-07-07 12:20:00+00:00,2026-07-07 12:22:00+00:00,63700.23,63754.85,exit_signal,2,0.0008574537328984722,-0.00014290354219670398,False
Scalp,2026-07-07 12:37:00+00:00,2026-07-07 12:41:00+00:00,63519.46,63618.0,exit_signal,4,0.0015513356064424944,0.0005502847962413071,False
Scalp,2026-07-07 13:07:00+00:00,2026-07-07 13:10:00+00:00,63321.99,63371.06,exit_signal,3,0.0007749282674154312,-0.0002253465234564045,False
Scalp,2026-07-07 13:26:00+00:00,2026-07-07 13:32:00+00:00,63138.0,63172.52,exit_signal,6,0.000546738889416698,-0.00045330782611474607,False
Scalp,2026-07-07 19:12:00+00:00,2026-07-07 19:20:00+00:00,63542.01,63514.43,exit_signal,8,-0.0004340435563811029,-0.0014331099796129898,False
Scalp,2026-07-07 21:22:00+00:00,2026-07-07 21:29:00+00:00,63510.27,63502.0,exit_signal,7,-0.00013021516047717618,-0.0011295852602667411,False
Scalp,2026-07-07 21:39:00+00:00,2026-07-07 21:44:00+00:00,63360.33,63378.0,exit_signal,5,0.00027888112325169523,-0.0007208978683757028,False
Scalp,2026-07-07 23:45:00+00:00,2026-07-07 23:51:00+00:00,63446.0,63441.99,exit_signal,6,-6.320335403342536e-05,-0.001062640432140216,False
Scalp,2026-07-07 23:56:00+00:00,2026-07-08 00:04:00+00:00,63360.87,63413.05,exit_signal,8,0.0008235366717659343,-0.0001767867032180792,False
Scalp,2026-07-08 01:40:00+00:00,2026-07-08 01:43:00+00:00,63011.99,63088.56,exit_signal,3,0.001215165558174025,0.0002144507500199122,False
Scalp,2026-07-08 01:57:00+00:00,2026-07-08 02:08:00+00:00,62980.0,62976.29,exit_signal,11,-5.89075897110547e-05,-0.001058348961435307,False
Scalp,2026-07-08 03:55:00+00:00,2026-07-08 03:59:00+00:00,62705.46,62764.47,exit_signal,4,0.00094106637603808,-5.937446991488571e-05,False
Scalp,2026-07-08 05:46:00+00:00,2026-07-08 05:55:00+00:00,62627.76,62634.0,exit_signal,9,9.963632740483952e-05,-0.0008999635090041203,False
Scalp,2026-07-08 08:23:00+00:00,2026-07-08 08:35:00+00:00,62316.0,62133.67,exit_signal,12,-0.0029258938314398186,-0.003922469649699112,False
Scalp,2026-07-08 09:20:00+00:00,2026-07-08 09:27:00+00:00,61789.33,61874.04,exit_signal,7,0.0013709486735007381,0.000370078160083942,False
Scalp,2026-07-08 12:59:00+00:00,2026-07-08 13:09:00+00:00,61977.12,61942.7,exit_signal,10,-0.0005553662383797064,-0.0015543113995606372,False
Scalp,2026-07-08 16:36:00+00:00,2026-07-08 16:40:00+00:00,61856.53,61897.37,exit_signal,4,0.0006602374882651585,-0.000339922669144177,False
Scalp,2026-07-08 17:43:00+00:00,2026-07-08 17:48:00+00:00,62278.45,62266.48,exit_signal,5,-0.00019220131522212913,-0.0011915094598344833,False
Scalp,2026-07-08 17:56:00+00:00,2026-07-08 18:00:00+00:00,62069.88,62104.62,exit_signal,4,0.0005596917538748247,-0.0004403679080479117,False
Scalp,2026-07-08 22:11:00+00:00,2026-07-08 22:17:00+00:00,62230.79,62246.8,exit_signal,6,0.00025726814652360375,-0.0007424892429279684,False
Scalp,2026-07-09 05:21:00+00:00,2026-07-09 05:35:00+00:00,62369.47,62291.99,exit_signal,14,-0.0012422744653755036,-0.0022405330616118713,False
Scalp,2026-07-09 06:10:00+00:00,2026-07-09 06:14:00+00:00,62519.67,62538.88,exit_signal,4,0.00030726329809471764,-0.0006925440615234146,False
Scalp,2026-07-09 07:08:00+00:00,2026-07-09 07:14:00+00:00,62921.15,62919.5,exit_signal,6,-2.6223296935912188e-05,-0.001025697336619058,False
Scalp,2026-07-09 07:59:00+00:00,2026-07-09 08:05:00+00:00,62993.25,62996.47,exit_signal,6,5.111658788847784e-05,-0.0009484347530289705,False
Scalp,2026-07-09 11:18:00+00:00,2026-07-09 11:26:00+00:00,62717.13,62721.36,exit_signal,8,6.744568828320752e-05,-0.0009321219735739517,False
Scalp,2026-07-09 11:35:00+00:00,2026-07-09 11:40:00+00:00,62660.0,62683.99,exit_signal,5,0.00038285987871056193,-0.0006170230397088972,False
Scalp,2026-07-09 21:30:00+00:00,2026-07-09 21:32:00+00:00,63256.14,63268.67,exit_signal,2,0.0001980835378194712,-0.0008016146966011162,False
Scalp,2026-07-09 21:43:00+00:00,2026-07-09 21:47:00+00:00,63241.68,63246.0,exit_signal,4,6.830938077539983e-05,-0.0009312591443426665,False
Scalp,2026-07-09 23:20:00+00:00,2026-07-09 23:23:00+00:00,63097.79,63128.75,exit_signal,3,0.0004906669472892755,-0.0005093237243221083,False
Scalp,2026-07-10 01:58:00+00:00,2026-07-10 02:01:00+00:00,63758.04,63788.0,exit_signal,3,0.000469901521439553,-0.0005300683951234841,False
Scalp,2026-07-10 08:39:00+00:00,2026-07-10 08:45:00+00:00,64194.86,64200.01,exit_signal,6,8.022449149347466e-05,-0.0009193559427805864,False
Scalp,2026-07-10 12:59:00+00:00,2026-07-10 13:02:00+00:00,64286.22,64326.83,exit_signal,3,0.0006317061416893921,-0.0003684254986319191,False
Scalp,2026-07-10 13:21:00+00:00,2026-07-10 13:23:00+00:00,64211.43,64246.57,exit_signal,2,0.0005472545931464179,-0.0004527926378311564,False
Scalp,2026-07-10 13:59:00+00:00,2026-07-10 14:02:00+00:00,64483.62,64500.01,exit_signal,3,0.0002541730752709803,-0.0007455812206563772,False
Scalp,2026-07-10 17:04:00+00:00,2026-07-10 17:05:00+00:00,64112.01,64143.98,exit_signal,1,0.0004986585196751214,-0.0005013401395148609,False
Scalp,2026-07-10 17:09:00+00:00,2026-07-10 17:23:00+00:00,64072.1,63936.44,exit_signal,14,-0.0021173022267101382,-0.003114686232480457,False
Scalp,2026-07-10 19:47:00+00:00,2026-07-10 19:52:00+00:00,63987.73,64011.04,exit_signal,5,0.0003642885909531657,-0.0006355757654593619,False
Scalp,2026-07-10 20:05:00+00:00,2026-07-10 20:11:00+00:00,63848.63,63850.0,exit_signal,6,2.145699915567789e-05,-0.00097806469699524,False
Scalp,2026-07-10 20:14:00+00:00,2026-07-10 20:17:00+00:00,63820.0,63886.5,exit_signal,3,0.0010419931056095955,4.145138336508758e-05,False
Scalp,2026-07-10 21:44:00+00:00,2026-07-10 21:46:00+00:00,64023.87,64038.97,exit_signal,2,0.00023584953549349308,-0.0007638864460510764,False
Scalp,2026-07-10 22:48:00+00:00,2026-07-10 22:55:00+00:00,64123.77,64132.0,exit_signal,7,0.00012834554175467083,-0.000871282989521327,False
Scalp,2026-07-10 23:04:00+00:00,2026-07-10 23:08:00+00:00,64040.12,64039.45,exit_signal,4,-1.0462191513793684e-05,-0.001009951984425661,False
Scalp,2026-07-11 01:41:00+00:00,2026-07-11 01:44:00+00:00,64023.99,64074.46,exit_signal,3,0.00078829826132365,-0.00021198989286042025,False
Scalp,2026-07-11 03:29:00+00:00,2026-07-11 03:32:00+00:00,64120.89,64131.05,exit_signal,3,0.00015845070147979534,-0.0008412079199109357,False
Scalp,2026-07-11 08:31:00+00:00,2026-07-11 08:34:00+00:00,64251.96,64251.95,exit_signal,3,-1.5563727551182183e-07,-0.0009996557315909982,False
Scalp,2026-07-11 08:49:00+00:00,2026-07-11 08:55:00+00:00,64262.38,64256.56,exit_signal,6,-9.05662068538815e-05,-0.0010899759357825278,False
Scalp,2026-07-11 13:58:00+00:00,2026-07-11 14:04:00+00:00,64255.1,64256.05,exit_signal,6,1.4784818636925934e-05,-0.00098473020866785,False
Scalp,2026-07-11 14:45:00+00:00,2026-07-11 14:56:00+00:00,64419.79,64386.64,exit_signal,11,-0.0005145934191962409,-0.0015135793328201474,False
Scalp,2026-07-11 15:48:00+00:00,2026-07-11 15:53:00+00:00,64023.54,64080.01,exit_signal,5,0.0008820193322642833,-0.00011836249615360117,False
Scalp,2026-07-11 17:50:00+00:00,2026-07-11 17:53:00+00:00,64335.34,64334.0,exit_signal,3,-2.0828365871694565e-05,-0.0010203077977896102,False
Scalp,2026-07-11 19:35:00+00:00,2026-07-11 19:36:00+00:00,64239.57,64251.99,exit_signal,1,0.00019333877857530268,-0.0008063547134571358,False
Scalp,2026-07-11 20:26:00+00:00,2026-07-11 20:29:00+00:00,64344.58,64348.0,exit_signal,3,5.3151329917788814e-05,-0.0009464020447247368,False
Scalp,2026-07-11 20:59:00+00:00,2026-07-11 21:01:00+00:00,64383.05,64403.14,exit_signal,2,0.000312038649924018,-0.0006877734826593596,False
Scalp,2026-07-11 21:12:00+00:00,2026-07-11 21:18:00+00:00,64403.8,64388.0,exit_signal,6,-0.00024532713908187453,-0.00124458218442014,False
Scalp,2026-07-11 22:53:00+00:00,2026-07-11 22:55:00+00:00,64159.99,64163.99,exit_signal,2,6.23441493678989e-05,-0.0009372184135000294,False
Scalp,2026-07-11 23:24:00+00:00,2026-07-11 23:29:00+00:00,63971.19,63930.18,exit_signal,5,-0.000641069831591401,-0.0016399293320095154,False
Scalp,2026-07-12 01:28:00+00:00,2026-07-12 01:32:00+00:00,63951.08,63954.28,exit_signal,4,5.0038247985773054e-05,-0.0009495120151306047,False
Scalp,2026-07-12 01:49:00+00:00,2026-07-12 01:53:00+00:00,64105.99,64133.99,exit_signal,4,0.00043677665690844414,-0.0005631601513442774,False
Scalp,2026-07-12 03:39:00+00:00,2026-07-12 03:42:00+00:00,64158.0,64162.0,exit_signal,3,6.234608310728973e-05,-0.0009372164816933148,False
Scalp,2026-07-12 03:55:00+00:00,2026-07-12 03:58:00+00:00,64165.88,64177.99,exit_signal,3,0.00018872958650306693,-0.0008109592986408343,False
Scalp,2026-07-12 04:53:00+00:00,2026-07-12 04:55:00+00:00,63985.46,63996.82,exit_signal,2,0.0001775403349448812,-0.000822137366539244,False
Scalp,2026-07-12 05:26:00+00:00,2026-07-12 05:27:00+00:00,63920.0,63934.0,exit_signal,1,0.00021902377972460307,-0.0007806953844728959,False
Scalp,2026-07-12 06:09:00+00:00,2026-07-12 06:22:00+00:00,63816.84,63743.55,exit_signal,13,-0.001148442950167916,-0.0021467953310273513,False
Scalp,2026-07-12 06:32:00+00:00,2026-07-12 06:33:00+00:00,63660.81,63702.16,exit_signal,1,0.0006495361903187113,-0.0003506132711406096,False
Scalp,2026-07-12 08:21:00+00:00,2026-07-12 08:25:00+00:00,64012.02,64012.02,exit_signal,4,0.0,-0.0009995002498749406,False
Scalp,2026-07-12 09:24:00+00:00,2026-07-12 09:26:00+00:00,63784.91,63810.08,exit_signal,2,0.00039460743928310116,-0.0006052872208260895,False
Scalp,2026-07-12 09:54:00+00:00,2026-07-12 09:55:00+00:00,63976.51,63999.99,exit_signal,1,0.0003670097040304743,-0.0006328573721354758,False
Scalp,2026-07-12 18:11:00+00:00,2026-07-12 18:15:00+00:00,64035.63,64038.89,exit_signal,4,5.0909157917278236e-05,-0.0009486419756737918,False
Scalp,2026-07-12 19:16:00+00:00,2026-07-12 19:19:00+00:00,64178.04,64188.92,exit_signal,3,0.00016952839320105717,-0.0008301413003451996,False
Scalp,2026-07-12 19:32:00+00:00,2026-07-12 19:44:00+00:00,64189.19,64158.76,exit_signal,12,-0.00047406736243282843,-0.0014730937818605572,False
Scalp,2026-07-12 20:06:00+00:00,2026-07-12 20:08:00+00:00,64210.0,64219.55,exit_signal,2,0.00014873072730114956,-0.0008509181789729814,False
Scalp,2026-07-12 20:12:00+00:00,2026-07-12 20:17:00+00:00,64198.27,64194.0,exit_signal,5,-6.651269574708962e-05,-0.001065946466165979,False
Scalp,2026-07-12 21:27:00+00:00,2026-07-12 21:38:00+00:00,64097.28,64064.45,exit_signal,11,-0.0005121902208643503,-0.0015111785364854136,False
Scalp,2026-07-12 21:48:00+00:00,2026-07-12 21:58:00+00:00,63937.99,63925.02,exit_signal,10,-0.00020285279534126843,-0.0012021502937965556,False
Scalp,2026-07-12 22:05:00+00:00,2026-07-12 22:08:00+00:00,63743.33,63791.99,exit_signal,3,0.0007633739875214651,-0.00023688925484488532,False
Scalp,2026-07-12 22:21:00+00:00,2026-07-12 22:22:00+00:00,63709.59,63770.01,exit_signal,1,0.0009483658582640775,-5.2082283523158246e-05,False
Scalp,2026-07-13 00:20:00+00:00,2026-07-13 00:22:00+00:00,64228.0,64250.0,exit_signal,2,0.0003425297378090164,-0.0006573128706244269,False
Scalp,2026-07-13 03:12:00+00:00,2026-07-13 03:15:00+00:00,62959.01,63024.67,exit_signal,3,0.0010429007698817827,4.2358140426745905e-05,False
Scalp,2026-07-13 03:36:00+00:00,2026-07-13 03:39:00+00:00,62788.01,62850.56,exit_signal,3,0.000996209308114615,-4.286653212615121e-06,False
Scalp,2026-07-13 03:46:00+00:00,2026-07-13 03:49:00+00:00,62829.97,62870.0,exit_signal,3,0.0006371163315850303,-0.0003630207162225174,False
Scalp,2026-07-13 03:54:00+00:00,2026-07-13 03:57:00+00:00,62810.01,62835.64,exit_signal,3,0.0004080559770647252,-0.0005918521248611253,False
Scalp,2026-07-13 04:06:00+00:00,2026-07-13 04:08:00+00:00,62709.44,62799.99,exit_signal,2,0.0014439612281658132,0.00044301773868249406,False
Scalp,2026-07-13 08:57:00+00:00,2026-07-13 08:59:00+00:00,63182.53,63199.25,exit_signal,2,0.0002646301121529415,-0.0007351346355852773,False
Scalp,2026-07-13 10:59:00+00:00,2026-07-13 11:01:00+00:00,62881.35,62915.87,exit_signal,2,0.0005489704021941488,-0.00045107854373516165,False
Scalp,2026-07-13 12:39:00+00:00,2026-07-13 12:44:00+00:00,62612.25,62614.01,exit_signal,5,2.8109515310514865e-05,-0.0009714188300319337,False
Scalp,2026-07-13 16:03:00+00:00,2026-07-13 16:11:00+00:00,62565.84,62591.76,exit_signal,8,0.0004142835771085984,-0.0005856307493051771,False
Scalp,2026-07-13 16:20:00+00:00,2026-07-13 16:29:00+00:00,62388.01,62325.32,exit_signal,9,-0.0010048405134256422,-0.0020033364249563146,False
Scalp,2026-07-13 16:39:00+00:00,2026-07-13 16:40:00+00:00,62234.01,62305.83,exit_signal,1,0.0011540313728779505,0.00015337766835732403,False
Scalp,2026-07-13 18:12:00+00:00,2026-07-13 18:22:00+00:00,61945.99,61895.5,exit_signal,10,-0.0008150648653770798,-0.0018137504577154795,False
Scalp,2026-07-13 20:11:00+00:00,2026-07-13 20:15:00+00:00,62215.86,62221.98,exit_signal,4,9.836720090339313e-05,-0.0009012313670133665,False
Scalp,2026-07-13 20:20:00+00:00,2026-07-13 20:23:00+00:00,62109.99,62161.31,exit_signal,3,0.0008262760950372705,-0.00017405001800130382,False
Scalp,2026-07-13 21:27:00+00:00,2026-07-13 21:33:00+00:00,62038.0,62065.99,exit_signal,6,0.0004511750862374875,-0.0005487761132488833,False
Scalp,2026-07-13 22:51:00+00:00,2026-07-13 23:03:00+00:00,62017.65,61934.96,exit_signal,12,-0.0013333301084449412,-0.0023314976945434385,False
Scalp,2026-07-13 23:40:00+00:00,2026-07-13 23:46:00+00:00,62140.69,62170.13,exit_signal,6,0.0004737636482632368,-0.0005262101284966292,False
Scalp,2026-07-14 00:18:00+00:00,2026-07-14 00:20:00+00:00,62366.0,62368.96,exit_signal,2,4.746175800907082e-05,-0.0009520859299048112,False
Scalp,2026-07-14 00:29:00+00:00,2026-07-14 00:31:00+00:00,62330.0,62413.99,exit_signal,2,0.0013475052141824762,0.0003466581325093365,False
Scalp,2026-07-14 01:05:00+00:00,2026-07-14 01:14:00+00:00,62490.01,62504.35,exit_signal,9,0.00022947667955230955,-0.000770252932321025,False
Scalp,2026-07-14 01:30:00+00:00,2026-07-14 01:33:00+00:00,62525.75,62548.48,exit_signal,3,0.0003635302255471373,-0.0006363333728790499,False
Scalp,2026-07-14 02:53:00+00:00,2026-07-14 02:59:00+00:00,62567.0,62560.05,exit_signal,6,-0.00011108092125233782,-0.001110470145718856,False
Scalp,2026-07-14 03:23:00+00:00,2026-07-14 03:24:00+00:00,62333.86,62384.0,exit_signal,1,0.0008043782303870373,-0.00019592599573015068,False
Scalp,2026-07-14 03:44:00+00:00,2026-07-14 03:46:00+00:00,62453.99,62487.99,exit_signal,2,0.0005444007660679873,-0.000455643612508716,False
Scalp,2026-07-14 04:10:00+00:00,2026-07-14 04:14:00+00:00,62565.72,62570.09,exit_signal,4,6.9846554950459e-05,-0.0009297235065736098,False
Scalp,2026-07-14 04:43:00+00:00,2026-07-14 04:48:00+00:00,62712.41,62725.22,exit_signal,5,0.00020426579045507154,-0.0007954386231283639,False
Scalp,2026-07-14 08:11:00+00:00,2026-07-14 08:13:00+00:00,62530.25,62551.99,exit_signal,2,0.00034767172688421333,-0.0006521760209686756,False
Scalp,2026-07-14 09:39:00+00:00,2026-07-14 09:40:00+00:00,62550.0,62622.0,exit_signal,1,0.001151079136690658,0.00015042838293100047,False
Scalp,2026-07-14 10:55:00+00:00,2026-07-14 10:58:00+00:00,62820.0,62841.45,exit_signal,3,0.00034145176695310475,-0.000658389764048195,False
Scalp,2026-07-14 11:02:00+00:00,2026-07-14 11:07:00+00:00,62760.02,62766.32,exit_signal,5,0.00010038237718856813,-0.0008992182048974673,False
Scalp,2026-07-14 12:42:00+00:00,2026-07-14 12:44:00+00:00,63423.21,63557.99,exit_signal,2,0.0021250895374107515,0.0011234652600120576,False
Scalp,2026-07-14 13:30:00+00:00,2026-07-14 13:38:00+00:00,63958.68,63860.0,exit_signal,8,-0.0015428711161643571,-0.00254082926597321,False
Scalp,2026-07-14 15:16:00+00:00,2026-07-14 15:18:00+00:00,64210.0,64292.01,exit_signal,2,0.00127721538701131,0.00027643856003800593,False
Scalp,2026-07-14 15:26:00+00:00,2026-07-14 15:28:00+00:00,64294.39,64335.07,exit_signal,2,0.0006327146116480442,-0.00036741803663931094,False
Scalp,2026-07-14 15:54:00+00:00,2026-07-14 15:58:00+00:00,64627.88,64663.22,exit_signal,4,0.0005468228263096897,-0.00045322397311675644,False
Scalp,2026-07-14 17:10:00+00:00,2026-07-14 17:13:00+00:00,64593.57,64525.52,exit_signal,3,-0.0010535104345525959,-0.002051957700485052,False
Scalp,2026-07-14 17:21:00+00:00,2026-07-14 17:24:00+00:00,64457.16,64487.99,exit_signal,3,0.0004783021777563512,-0.0005216761352646593,False
Scalp,2026-07-14 17:35:00+00:00,2026-07-14 17:41:00+00:00,64438.72,64481.24,exit_signal,6,0.0006598517164835283,-0.00034030805534701614,False
Scalp,2026-07-14 20:16:00+00:00,2026-07-14 20:18:00+00:00,64465.88,64495.44,exit_signal,2,0.00045853713623400516,-0.0005414214216231672,False
Scalp,2026-07-14 20:32:00+00:00,2026-07-14 20:34:00+00:00,64447.99,64449.99,exit_signal,2,3.1032775420936076e-05,-0.0009684984917207595,False
Scalp,2026-07-14 21:47:00+00:00,2026-07-14 21:58:00+00:00,64717.07,64674.0,exit_signal,11,-0.0006655122056669072,-0.0016643472759261257,False
Scalp,2026-07-14 22:32:00+00:00,2026-07-14 22:38:00+00:00,64928.0,65028.0,exit_signal,6,0.0015401675702315654,0.0005391279224853385,False
Scalp,2026-07-14 22:43:00+00:00,2026-07-14 22:54:00+00:00,64959.99,64942.66,exit_signal,11,-0.0002667795977184806,-0.0012660132013186942,False
Scalp,2026-07-15 00:20:00+00:00,2026-07-15 00:30:00+00:00,64875.0,64890.01,exit_signal,10,0.00023136801541423502,-0.0007683634868499434,False
Scalp,2026-07-15 02:28:00+00:00,2026-07-15 02:37:00+00:00,64549.32,64552.0,exit_signal,9,4.1518640320203914e-05,-0.0009580231074460821,False
Scalp,2026-07-15 03:21:00+00:00,2026-07-15 03:22:00+00:00,64616.82,64616.82,exit_signal,1,0.0,-0.0009995002498749406,False
Scalp,2026-07-15 06:40:00+00:00,2026-07-15 06:43:00+00:00,65044.0,65058.61,exit_signal,3,0.0002246171822151144,-0.000775107572589584,False
Scalp,2026-07-15 07:30:00+00:00,2026-07-15 07:34:00+00:00,64529.74,64583.07,exit_signal,4,0.0008264406458169393,-0.00017388563168996285,False
Scalp,2026-07-15 09:29:00+00:00,2026-07-15 09:48:00+00:00,64844.01,64729.99,exit_signal,19,-0.0017583736724487986,-0.0027561164273987027,False
Scalp,2026-07-15 09:57:00+00:00,2026-07-15 10:01:00+00:00,64665.27,64708.01,exit_signal,4,0.0006609421100385315,-0.0003392187516406686,False
Scalp,2026-07-15 10:17:00+00:00,2026-07-15 10:37:00+00:00,64796.0,64661.1,exit_signal,20,-0.0020819186369529508,-0.003079338008630028,False
Scalp,2026-07-15 13:28:00+00:00,2026-07-15 13:31:00+00:00,65330.0,65354.01,exit_signal,3,0.0003675187509566413,-0.0006323488340016503,False
Scalp,2026-07-15 16:36:00+00:00,2026-07-15 16:42:00+00:00,64903.42,64883.31,exit_signal,6,-0.00030984499738229143,-0.0013090355571048207,False
Scalp,2026-07-15 18:55:00+00:00,2026-07-15 19:02:00+00:00,64914.4,64897.76,exit_signal,7,-0.0002563375768704912,-0.0012555816172732381,False
Scalp,2026-07-15 23:45:00+00:00,2026-07-15 23:49:00+00:00,64735.99,64745.17,exit_signal,4,0.00014180674459440823,-0.0008578352411571233,False
Scalp,2026-07-16 00:29:00+00:00,2026-07-16 00:32:00+00:00,64586.02,64597.4,exit_signal,3,0.00017619912172950336,-0.0008234772392116119,False
Scalp,2026-07-16 00:39:00+00:00,2026-07-16 00:47:00+00:00,64529.07,64559.37,exit_signal,8,0.00046955581414698244,-0.0005304137568813427,False
Scalp,2026-07-16 01:59:00+00:00,2026-07-16 02:09:00+00:00,64737.99,64704.85,exit_signal,10,-0.0005119096221554154,-0.001510898218235135,False
Scalp,2026-07-16 07:29:00+00:00,2026-07-16 07:46:00+00:00,64518.95,64250.0,exit_signal,17,-0.004168542730469071,-0.00516387652084338,False
Scalp,2026-07-16 07:52:00+00:00,2026-07-16 07:57:00+00:00,64188.12,64180.0,exit_signal,5,-0.00012650315977480453,-0.0011258769697098936,False
Scalp,2026-07-16 08:10:00+00:00,2026-07-16 08:19:00+00:00,64142.56,64000.0,exit_signal,9,-0.0022225492714976758,-0.0032198280828205084,False
Scalp,2026-07-16 08:46:00+00:00,2026-07-16 08:49:00+00:00,64142.29,64208.0,exit_signal,3,0.0010244411292457123,2.3916950205871146e-05,False
Scalp,2026-07-16 12:42:00+00:00,2026-07-16 12:47:00+00:00,63916.01,63956.67,exit_signal,5,0.0006361473439908671,-0.000363988735313292,False
Scalp,2026-07-16 13:41:00+00:00,2026-07-16 13:47:00+00:00,64319.72,64252.0,exit_signal,6,-0.0010528652798862392,-0.002051313190650883,False
Scalp,2026-07-16 14:41:00+00:00,2026-07-16 14:45:00+00:00,64713.99,64741.09,exit_signal,4,0.0004187657104746112,-0.0005811530958326205,False
Scalp,2026-07-16 15:15:00+00:00,2026-07-16 15:18:00+00:00,64359.99,64476.0,exit_signal,3,0.0018025173714291132,0.0008012155049910152,False
Scalp,2026-07-16 15:48:00+00:00,2026-07-16 15:50:00+00:00,64656.0,64756.59,exit_signal,2,0.0015557720861172353,0.0005547168416535353,False
Scalp,2026-07-16 17:13:00+00:00,2026-07-16 17:20:00+00:00,64263.43,64208.0,exit_signal,7,-0.0008625434403360943,-0.001861181577826998,False
Scalp,2026-07-16 17:58:00+00:00,2026-07-16 18:00:00+00:00,64024.0,64069.04,exit_signal,2,0.0007034861926777936,-0.0002967171918224487,False
Scalp,2026-07-16 20:17:00+00:00,2026-07-16 20:19:00+00:00,64167.98,64196.0,exit_signal,2,0.0004366663871917531,-0.0005632703108463533,False
Scalp,2026-07-16 20:42:00+00:00,2026-07-16 20:45:00+00:00,64136.36,64145.99,exit_signal,3,0.00015014883912956023,-0.0008495014845475435,False
Scalp,2026-07-16 23:35:00+00:00,2026-07-16 23:42:00+00:00,63770.4,63759.72,exit_signal,7,-0.0001674758195024939,-0.0011668086772539388,False
Scalp,2026-07-17 03:34:00+00:00,2026-07-17 03:35:00+00:00,63656.55,63696.2,exit_signal,1,0.0006228738440898773,-0.0003772489683480096,False
Scalp,2026-07-17 04:23:00+00:00,2026-07-17 04:25:00+00:00,63346.28,63400.42,exit_signal,2,0.0008546673932550153,-0.0001456870968931101,False
Scalp,2026-07-17 04:53:00+00:00,2026-07-17 05:08:00+00:00,63533.59,63422.0,exit_signal,15,-0.0017563937438447308,-0.0027541384777338695,False
Scalp,2026-07-17 05:33:00+00:00,2026-07-17 05:39:00+00:00,63213.21,63200.0,exit_signal,6,-0.00020897530753460902,-0.0012082666865373959,False
Scalp,2026-07-17 05:42:00+00:00,2026-07-17 05:51:00+00:00,63023.01,62891.24,exit_signal,9,-0.0020908236531388402,-0.0030882341242499667,False
Scalp,2026-07-17 05:54:00+00:00,2026-07-17 06:04:00+00:00,62822.6,62870.52,exit_signal,10,0.0007627828201952624,-0.00023747983129918104,False
Scalp,2026-07-17 06:12:00+00:00,2026-07-17 06:15:00+00:00,62828.28,62826.81,exit_signal,3,-2.339710716259269e-05,-0.0010228739716230395,False
Scalp,2026-07-17 12:07:00+00:00,2026-07-17 12:16:00+00:00,63277.91,63272.0,exit_signal,9,-9.339752213688435e-05,-0.0010928044211652166,False
Scalp,2026-07-17 12:51:00+00:00,2026-07-17 12:52:00+00:00,63089.99,63127.99,exit_signal,1,0.0006023142498516876,-0.00039778801326650903,False
Scalp,2026-07-17 13:04:00+00:00,2026-07-17 13:16:00+00:00,63001.5,62848.96,exit_signal,12,-0.0024212121933604447,-0.0034182924410431914,False
Scalp,2026-07-17 13:37:00+00:00,2026-07-17 13:41:00+00:00,62622.9,62694.01,exit_signal,4,0.0011355270995114797,0.0001348918900170304,False
Scalp,2026-07-17 14:20:00+00:00,2026-07-17 14:36:00+00:00,63314.0,63256.0,exit_signal,16,-0.0009160691158353051,-0.0019146537544001418,False
Scalp,2026-07-17 15:15:00+00:00,2026-07-17 15:17:00+00:00,62917.31,62959.98,exit_signal,2,0.0006781917408740235,-0.0003219863618154628,False
Scalp,2026-07-17 18:58:00+00:00,2026-07-17 19:16:00+00:00,64249.44,64089.54,exit_signal,18,-0.0024887376450285492,-0.0034857504010054052,False
Scalp,2026-07-17 20:17:00+00:00,2026-07-17 20:20:00+00:00,64002.67,64015.04,exit_signal,3,0.00019327318688433515,-0.0008064202395892117,False
Scalp,2026-07-17 22:31:00+00:00,2026-07-17 22:41:00+00:00,63968.06,63933.98,exit_signal,10,-0.0005327658834736182,-0.001531733633714949,False
Scalp,2026-07-17 23:08:00+00:00,2026-07-17 23:18:00+00:00,63910.0,63910.0,exit_signal,10,0.0,-0.0009995002498749406,False
Scalp,2026-07-17 23:42:00+00:00,2026-07-17 23:46:00+00:00,63975.98,63983.99,exit_signal,4,0.00012520324034115404,-0.0008744221502038352,False
Scalp,2026-07-18 00:55:00+00:00,2026-07-18 00:59:00+00:00,63895.99,63899.69,exit_signal,4,5.790660728477448e-05,-0.0009416515202586018,False
Scalp,2026-07-18 06:27:00+00:00,2026-07-18 06:38:00+00:00,63989.42,63957.05,exit_signal,11,-0.0005058648757871875,-0.0015048595135924714,False
Scalp,2026-07-18 07:40:00+00:00,2026-07-18 07:45:00+00:00,64014.01,64025.59,exit_signal,5,0.00018089790031883268,-0.0008187831570526383,False
Scalp,2026-07-18 08:38:00+00:00,2026-07-18 08:47:00+00:00,64000.2,63990.11,exit_signal,9,-0.00015765575732573645,-0.0011569984302318703,False
Scalp,2026-07-18 10:40:00+00:00,2026-07-18 10:43:00+00:00,64004.0,64004.0,exit_signal,3,0.0,-0.0009995002498748295,False
Scalp,2026-07-18 12:20:00+00:00,2026-07-18 12:26:00+00:00,64110.3,64110.0,exit_signal,6,-4.679435285814826e-06,-0.0010041750080639344,False
Scalp,2026-07-18 13:04:00+00:00,2026-07-18 13:27:00+00:00,64172.88,64011.59,exit_signal,23,-0.0025133670173443923,-0.0035103551562575275,False
Scalp,2026-07-18 13:38:00+00:00,2026-07-18 13:40:00+00:00,64034.44,64062.0,exit_signal,2,0.00043039339455441805,-0.0005695370336258332,False
Scalp,2026-07-18 14:39:00+00:00,2026-07-18 14:40:00+00:00,64161.54,64184.63,exit_signal,1,0.00035987290828742857,-0.000639987034649292,False
Scalp,2026-07-18 15:12:00+00:00,2026-07-18 15:16:00+00:00,64089.33,64099.99,exit_signal,4,0.000166330339231191,-0.0008333361578594101,False
Scalp,2026-07-18 15:29:00+00:00,2026-07-18 15:32:00+00:00,64087.39,64086.0,exit_signal,3,-2.1689134165114865e-05,-0.0010211677057450075,False
Scalp,2026-07-18 15:57:00+00:00,2026-07-18 15:58:00+00:00,64129.02,64129.02,exit_signal,1,0.0,-0.0009995002498749406,False
Scalp,2026-07-18 17:26:00+00:00,2026-07-18 17:30:00+00:00,64298.35,64299.88,exit_signal,4,2.3795322896980053e-05,-0.0009757287104090739,False
Scalp,2026-07-18 18:43:00+00:00,2026-07-18 18:46:00+00:00,64485.32,64495.67,exit_signal,3,0.000160501645956046,-0.0008391590253541414,False
Scalp,2026-07-18 20:29:00+00:00,2026-07-18 20:42:00+00:00,64648.72,64605.99,exit_signal,13,-0.0006609566283757307,-0.0016597962519354637,False
Scalp,2026-07-18 21:26:00+00:00,2026-07-18 21:39:00+00:00,64740.42,64702.69,exit_signal,13,-0.0005827889284621968,-0.0015817066806574909,False
Scalp,2026-07-19 03:21:00+00:00,2026-07-19 03:27:00+00:00,64670.19,64666.99,exit_signal,6,-4.9481840087461926e-05,-0.0010489326328508852,False
Scalp,2026-07-19 04:55:00+00:00,2026-07-19 04:59:00+00:00,64715.01,64720.17,exit_signal,4,7.973420694828981e-05,-0.0009198457372865398,False
Scalp,2026-07-19 05:22:00+00:00,2026-07-19 05:40:00+00:00,64776.02,64700.0,exit_signal,18,-0.001173582446096555,-0.0021719097000233445,False
Scalp,2026-07-19 07:51:00+00:00,2026-07-19 08:06:00+00:00,64722.42,64693.11,exit_signal,15,-0.0004528569852609854,-0.0014519046044659811,False
Scalp,2026-07-19 09:55:00+00:00,2026-07-19 09:59:00+00:00,64517.98,64524.0,exit_signal,4,9.330732301293665e-05,-0.0009062861875547279,False
Scalp,2026-07-19 12:04:00+00:00,2026-07-19 12:16:00+00:00,64440.0,64379.15,exit_signal,12,-0.0009442892613283904,-0.0019428456938506145,False
Scalp,2026-07-19 12:29:00+00:00,2026-07-19 12:32:00+00:00,64302.57,64346.87,exit_signal,3,0.0006889304735409052,-0.00031125836251444383,False
Scalp,2026-07-19 13:59:00+00:00,2026-07-19 14:03:00+00:00,64488.01,64511.95,exit_signal,4,0.0003712317995236969,-0.0006286394966277253,False
Scalp,2026-07-19 14:24:00+00:00,2026-07-19 14:29:00+00:00,64442.41,64480.16,exit_signal,5,0.0005857943549907318,-0.0004142913964882977,False
Scalp,2026-07-19 14:55:00+00:00,2026-07-19 15:01:00+00:00,64604.01,64620.0,exit_signal,6,0.000247507855936524,-0.0007522397781023482,False
Scalp,2026-07-19 15:07:00+00:00,2026-07-19 15:12:00+00:00,64571.39,64562.0,exit_signal,5,-0.00014542044084853156,-0.0011447753429565388,False
Scalp,2026-07-19 17:59:00+00:00,2026-07-19 18:09:00+00:00,64547.85,64451.81,exit_signal,10,-0.0014878884424500693,-0.002485901547454983,False
Scalp,2026-07-19 18:32:00+00:00,2026-07-19 18:34:00+00:00,64374.01,64422.77,exit_signal,2,0.0007574485417327637,-0.00024280877814886193,False
Scalp,2026-07-19 20:19:00+00:00,2026-07-19 20:22:00+00:00,64476.28,64506.0,exit_signal,3,0.0004609447071077799,-0.0005390162571170531,False
Scalp,2026-07-19 22:27:00+00:00,2026-07-19 22:29:00+00:00,64764.61,64791.71,exit_signal,2,0.0004184384033192323,-0.0005814800758443539,False
Scalp,2026-07-20 00:23:00+00:00,2026-07-20 00:28:00+00:00,64809.94,64892.0,exit_signal,5,0.0012661638014168641,0.0002653980205060691,False
Scalp,2026-07-20 05:04:00+00:00,2026-07-20 05:08:00+00:00,64477.17,64480.0,exit_signal,4,4.389150454331414e-05,-0.0009556526149013811,False
Scalp,2026-07-20 05:24:00+00:00,2026-07-20 05:28:00+00:00,64168.18,64196.01,exit_signal,4,0.0004337040570576711,-0.0005662296801308697,False
Scalp,2026-07-20 05:54:00+00:00,2026-07-20 05:57:00+00:00,64135.02,64133.58,exit_signal,3,-2.2452631962877057e-05,-0.0010219304404265328,False
Scalp,2026-07-20 06:38:00+00:00,2026-07-20 06:50:00+00:00,63862.0,63870.0,exit_signal,12,0.00012527011368268504,-0.0008743553437022822,False
Scalp,2026-07-20 08:08:00+00:00,2026-07-20 08:14:00+00:00,64242.01,64293.22,exit_signal,6,0.0007971419325143447,-0.00020315506092138946,False
Scalp,2026-07-20 09:07:00+00:00,2026-07-20 09:09:00+00:00,64020.13,64054.0,exit_signal,2,0.000529052346504244,-0.0004709766913232327,False
Scalp,2026-07-20 12:14:00+00:00,2026-07-20 12:16:00+00:00,64738.94,64799.99,exit_signal,2,0.0009430182205638626,-5.7424576258124915e-05,False
Scalp,2026-07-20 12:21:00+00:00,2026-07-20 12:28:00+00:00,64704.5,64719.91,exit_signal,7,0.00023815963341045077,-0.0007615786570777106,False
Scalp,2026-07-20 15:35:00+00:00,2026-07-20 15:39:00+00:00,64855.16,64859.23,exit_signal,4,6.275522256049548e-05,-0.000936807751174995,False
Scalp,2026-07-20 16:08:00+00:00,2026-07-20 16:11:00+00:00,65452.59,65542.0,exit_signal,3,0.0013660269211654974,0.0003651613270414522,False
Scalp,2026-07-20 18:46:00+00:00,2026-07-20 18:53:00+00:00,65282.01,65306.61,exit_signal,7,0.0003768266326358294,-0.0006230502555526485,False
Scalp,2026-07-20 18:57:00+00:00,2026-07-20 19:01:00+00:00,65235.98,65255.98,exit_signal,4,0.00030657928339539176,-0.0006932273925498444,False
Scalp,2026-07-20 19:05:00+00:00,2026-07-20 19:07:00+00:00,65186.57,65234.16,exit_signal,2,0.0007300583540443828,-0.000270171589337731,False
Scalp,2026-07-20 19:23:00+00:00,2026-07-20 19:30:00+00:00,65140.79,65156.24,exit_signal,7,0.00023717857889038463,-0.0007625587310334803,False
Scalp,2026-07-20 20:44:00+00:00,2026-07-20 20:47:00+00:00,65290.0,65325.27,exit_signal,3,0.0005402052381682232,-0.0004598349469773222,False
Scalp,2026-07-20 22:03:00+00:00,2026-07-20 22:08:00+00:00,65194.54,65201.93,exit_signal,5,0.00011335305073090218,-0.0008862604955466313,False
Scalp,2026-07-21 01:45:00+00:00,2026-07-21 02:02:00+00:00,65342.01,65265.99,exit_signal,17,-0.0011634169196815813,-0.002161754334054633,False
Scalp,2026-07-21 02:12:00+00:00,2026-07-21 02:22:00+00:00,65288.85,65220.0,exit_signal,10,-0.0010545445355524263,-0.0020529907679005532,False
Scalp,2026-07-21 03:19:00+00:00,2026-07-21 03:22:00+00:00,65467.1,65466.07,exit_signal,3,-1.57330934164035e-05,-0.0010152176180605599,False
Scalp,2026-07-21 06:09:00+00:00,2026-07-21 06:13:00+00:00,65700.0,65722.01,exit_signal,4,0.00033500761035010207,-0.000664827479715191,False
Scalp,2026-07-21 08:30:00+00:00,2026-07-21 08:36:00+00:00,66215.99,66256.49,exit_signal,6,0.0006116347426052826,-0.0003884768363479063,False
Scalp,2026-07-21 11:09:00+00:00,2026-07-21 11:12:00+00:00,66170.28,66187.44,exit_signal,3,0.00025933092621044374,-0.0007404285249900111,False
Scalp,2026-07-21 11:58:00+00:00,2026-07-21 12:00:00+00:00,66328.39,66345.59,exit_signal,2,0.00025931580730365056,-0.0007404436287854477,False
Scalp,2026-07-21 12:47:00+00:00,2026-07-21 12:49:00+00:00,66515.98,66523.99,exit_signal,2,0.00012042219027685874,-0.0008791984216074411,False
Scalp,2026-07-21 14:19:00+00:00,2026-07-21 14:30:00+00:00,66836.0,66740.0,exit_signal,11,-0.0014363516667663667,-0.002434416282791396,False
Scalp,2026-07-21 16:33:00+00:00,2026-07-21 16:34:00+00:00,66514.98,66562.0,exit_signal,1,0.0007069084287480987,-0.0002932983762783392,False
Scalp,2026-07-21 17:34:00+00:00,2026-07-21 17:37:00+00:00,66433.99,66458.82,exit_signal,3,0.0003737544591255748,-0.0006261193584247149,False
Scalp,2026-07-21 18:03:00+00:00,2026-07-21 18:05:00+00:00,66134.0,66221.12,exit_signal,2,0.001317325430187033,0.00031650851321551876,False
Scalp,2026-07-21 21:29:00+00:00,2026-07-21 21:36:00+00:00,66327.06,66348.4,exit_signal,7,0.0003217389704894824,-0.0006780828575667641,False
Scalp,2026-07-22 01:21:00+00:00,2026-07-22 01:28:00+00:00,66441.99,66436.92,exit_signal,7,-7.630716659756676e-05,-0.0010757311474404174,False
Scalp,2026-07-22 05:19:00+00:00,2026-07-22 05:26:00+00:00,66158.0,66114.94,exit_signal,7,-0.0006508661084071443,-0.0016497158174441084,False
Scalp,2026-07-22 05:42:00+00:00,2026-07-22 05:47:00+00:00,65997.97,66029.14,exit_signal,5,0.00047228725368375635,-0.0005276850474194017,False
Scalp,2026-07-22 08:13:00+00:00,2026-07-22 08:14:00+00:00,66020.0,66051.54,exit_signal,1,0.0004777340199937363,-0.0005222437251534151,False
Scalp,2026-07-22 08:29:00+00:00,2026-07-22 08:46:00+00:00,66031.33,65977.56,exit_signal,17,-0.0008143104190087014,-0.0018129967654164636,False
Scalp,2026-07-22 13:18:00+00:00,2026-07-22 13:22:00+00:00,65607.6,65621.47,exit_signal,4,0.0002114084343887157,-0.0007883031182692735,False
Scalp,2026-07-22 15:36:00+00:00,2026-07-22 15:42:00+00:00,65999.99,66014.77,exit_signal,6,0.00022393942786957943,-0.0007757846495193288,False
Scalp,2026-07-22 16:48:00+00:00,2026-07-22 16:53:00+00:00,66206.22,66232.0,exit_signal,5,0.0003893893957396255,-0.0006105000489337042,False
Scalp,2026-07-22 18:14:00+00:00,2026-07-22 18:18:00+00:00,65980.33,65983.99,exit_signal,4,5.5471077516688894e-05,-0.000944084615714047,False
Scalp,2026-07-22 18:24:00+00:00,2026-07-22 18:28:00+00:00,65883.99,65909.98,exit_signal,4,0.00039448126927332794,-0.0006054132647289601,False
Scalp,2026-07-22 21:57:00+00:00,2026-07-22 22:00:00+00:00,66055.99,66072.48,exit_signal,3,0.00024963670970623575,-0.0007501130521224697,False
Scalp,2026-07-23 00:32:00+00:00,2026-07-23 00:35:00+00:00,66210.0,66266.76,exit_signal,3,0.0008572723153601469,-0.0001430847784082978,False
Scalp,2026-07-23 00:58:00+00:00,2026-07-23 01:02:00+00:00,66060.52,66079.99,exit_signal,4,0.00029472974175792643,-0.0007050650905675582,False
Scalp,2026-07-23 01:11:00+00:00,2026-07-23 01:23:00+00:00,66055.68,65958.81,exit_signal,12,-0.0014664900883617493,-0.0024645245810268612,False
Scalp,2026-07-23 01:40:00+00:00,2026-07-23 01:43:00+00:00,65775.01,65806.7,exit_signal,3,0.000481793921430107,-0.0005181878815896379,False
Scalp,2026-07-23 02:40:00+00:00,2026-07-23 02:44:00+00:00,65768.96,65768.51,exit_signal,4,-6.842133432161113e-06,-0.0010063355445929512,False
Scalp,2026-07-23 03:14:00+00:00,2026-07-23 03:18:00+00:00,65628.0,65630.0,exit_signal,4,3.0474797342527893e-05,-0.0009690559121000586,False
Scalp,2026-07-23 03:28:00+00:00,2026-07-23 03:29:00+00:00,65607.51,65649.48,exit_signal,1,0.000639713349889437,-0.00036042629363874923,False
Scalp,2026-07-23 07:13:00+00:00,2026-07-23 07:17:00+00:00,65393.19,65451.93,exit_signal,4,0.0008982586718893071,-0.00010213938775271991,False
Scalp,2026-07-23 07:42:00+00:00,2026-07-23 07:47:00+00:00,65420.01,65424.0,exit_signal,5,6.099051345298534e-05,-0.0009385706964554208,False
Scalp,2026-07-23 11:20:00+00:00,2026-07-23 11:28:00+00:00,65690.12,65655.99,exit_signal,8,-0.000519560627990745,-0.0015185415768882438,False
Scalp,2026-07-23 12:32:00+00:00,2026-07-23 12:49:00+00:00,65388.66,65115.37,exit_signal,17,-0.004179470874613456,-0.005174793742305006,False
Scalp,2026-07-23 15:13:00+00:00,2026-07-23 15:17:00+00:00,64767.98,64817.27,exit_signal,4,0.0007610241974504994,-0.00023923669629988265,False
Scalp,2026-07-23 19:48:00+00:00,2026-07-23 19:54:00+00:00,64742.0,64766.6,exit_signal,6,0.0003799697259891932,-0.0006199103037217712,False
Scalp,2026-07-23 20:34:00+00:00,2026-07-23 20:38:00+00:00,65131.87,65158.77,exit_signal,4,0.00041300825540546704,-0.0005869047963240615,False
Scalp,2026-07-23 23:57:00+00:00,2026-07-23 23:59:00+00:00,65060.16,65099.47,exit_signal,2,0.0006042100111649518,-0.0003958941467669952,False
Scalp,2026-07-24 00:12:00+00:00,2026-07-24 00:14:00+00:00,64912.01,64951.73,exit_signal,2,0.0006119052545130454,-0.00038820659481675346,False
Scalp,2026-07-24 00:30:00+00:00,2026-07-24 00:36:00+00:00,64881.54,64875.26,exit_signal,6,-9.679178391874821e-05,-0.0010961952903814076,False
Scalp,2026-07-24 00:41:00+00:00,2026-07-24 00:44:00+00:00,64776.0,64844.66,exit_signal,3,0.001059960479189881,5.940079855104585e-05,False
Scalp,2026-07-24 03:26:00+00:00,2026-07-24 03:27:00+00:00,65330.0,65364.01,exit_signal,1,0.00052058778509112,-0.00047943279240503234,False
Scalp,2026-07-24 06:43:00+00:00,2026-07-24 06:47:00+00:00,65465.25,65472.58,exit_signal,4,0.00011196779971056614,-0.0008876443620081664,False
Scalp,2026-07-24 07:26:00+00:00,2026-07-24 07:32:00+00:00,65652.0,65644.71,exit_signal,6,-0.000111040029245002,-0.0011104292945830485,False
Scalp,2026-07-24 07:44:00+00:00,2026-07-24 07:47:00+00:00,65365.69,65401.76,exit_signal,3,0.0005518185457844549,-0.00044823324686482646,False
Scalp,2026-07-24 09:01:00+00:00,2026-07-24 09:26:00+00:00,65306.16,65008.63,exit_signal,25,-0.004555925505342895,-0.00555087210653693,False
Scalp,2026-07-24 09:59:00+00:00,2026-07-24 10:01:00+00:00,65109.43,65144.18,exit_signal,2,0.0005337168517678403,-0.0004663168482338387,False
Scalp,2026-07-24 10:04:00+00:00,2026-07-24 10:23:00+00:00,65102.0,64991.99,exit_signal,19,-0.001689809836871392,-0.002687621121392203,False
Scalp,2026-07-24 11:49:00+00:00,2026-07-24 11:50:00+00:00,64876.0,64934.0,exit_signal,1,0.0008940131944015217,-0.00010638062188450537,False
Scalp,2026-07-24 12:59:00+00:00,2026-07-24 13:17:00+00:00,64787.64,64445.68,exit_signal,18,-0.005278167255359234,-0.006272391975743474,False
Scalp,2026-07-24 13:26:00+00:00,2026-07-24 13:38:00+00:00,64390.38,64332.87,exit_signal,12,-0.000893145839487075,-0.0018917533898723526,False
Scalp,2026-07-24 13:57:00+00:00,2026-07-24 13:58:00+00:00,63984.0,64040.67,exit_signal,1,0.000885690172543141,-0.0001146953248806204,False
Scalp,2026-07-24 16:45:00+00:00,2026-07-24 16:55:00+00:00,63942.43,63940.54,exit_signal,10,-2.95578381991346e-05,-0.0010290285450074155,False
Scalp,2026-07-24 17:40:00+00:00,2026-07-24 17:42:00+00:00,64150.0,64157.72,exit_signal,2,0.00012034294621976471,-0.0008792775864598923,False
Scalp,2026-07-24 19:05:00+00:00,2026-07-24 19:16:00+00:00,64222.0,64176.05,exit_signal,11,-0.0007154869047989454,-0.0017142720253338073,False
Scalp,2026-07-24 20:50:00+00:00,2026-07-24 20:53:00+00:00,64151.26,64151.27,exit_signal,3,1.5588158364110427e-07,-0.0009993445240951138,False
Scalp,2026-07-25 01:12:00+00:00,2026-07-25 01:22:00+00:00,64034.01,64015.27,exit_signal,10,-0.0002926569802517154,-0.0012918647194016808,False
Scalp,2026-07-25 04:19:00+00:00,2026-07-25 04:26:00+00:00,64122.53,64113.61,exit_signal,7,-0.0001391086721000967,-0.0011384698828225126,False
Scalp,2026-07-25 05:37:00+00:00,2026-07-25 05:44:00+00:00,64060.09,64036.9,exit_signal,7,-0.00036200386231111104,-0.0013611422892352287,False
Scalp,2026-07-25 06:25:00+00:00,2026-07-25 06:29:00+00:00,64000.01,64014.03,exit_signal,4,0.00021906246577141353,-0.0007806567370927109,False
Scalp,2026-07-25 06:45:00+00:00,2026-07-25 06:53:00+00:00,63991.42,63972.35,exit_signal,8,-0.00029800870179153005,-0.0012972110918946234,False
Scalp,2026-07-25 08:08:00+00:00,2026-07-25 08:12:00+00:00,63949.41,63961.68,exit_signal,4,0.00019187041756918433,-0.0008078216068361233,False
Scalp,2026-07-25 08:54:00+00:00,2026-07-25 08:57:00+00:00,63827.65,63866.7,exit_signal,3,0.0006118038185645158,-0.00038830792938004954,False
Scalp,2026-07-25 10:38:00+00:00,2026-07-25 10:41:00+00:00,63999.42,64019.99,exit_signal,3,0.0003214091627705695,-0.0006784123356429195,False
Scalp,2026-07-25 11:37:00+00:00,2026-07-25 11:41:00+00:00,64078.42,64078.42,exit_signal,4,0.0,-0.0009995002498749406,False
Scalp,2026-07-25 13:21:00+00:00,2026-07-25 13:23:00+00:00,64113.52,64128.51,exit_signal,2,0.0002338040400839958,-0.0007659298969875383,False
Scalp,2026-07-25 17:11:00+00:00,2026-07-25 17:17:00+00:00,64224.23,64233.0,exit_signal,6,0.00013655282437796679,-0.0008630839100791654,False
Scalp,2026-07-25 17:54:00+00:00,2026-07-25 18:00:00+00:00,64267.95,64267.41,exit_signal,6,-8.402321841516347e-06,-0.0010078941735935931,False
Scalp,2026-07-25 18:40:00+00:00,2026-07-25 18:45:00+00:00,64391.22,64396.0,exit_signal,5,7.423372316917032e-05,-0.0009253407233307254,False
Scalp,2026-07-25 18:56:00+00:00,2026-07-25 18:59:00+00:00,64406.0,64432.43,exit_signal,3,0.0004103654938980572,-0.0005895449163905164,False
Scalp,2026-07-25 21:54:00+00:00,2026-07-25 22:01:00+00:00,64362.01,64358.08,exit_signal,7,-6.106086494195306e-05,-0.0010605000844671197,False
Scalp,2026-07-26 00:38:00+00:00,2026-07-26 00:45:00+00:00,64451.51,64423.88,exit_signal,7,-0.0004286943781457442,-0.0014277661478826476,False
Scalp,2026-07-26 03:05:00+00:00,2026-07-26 03:10:00+00:00,64500.01,64509.57,exit_signal,5,0.00014821703128409247,-0.0008514313615506364,False
Scalp,2026-07-26 04:49:00+00:00,2026-07-26 05:06:00+00:00,64566.01,64507.96,exit_signal,17,-0.0008990798719016313,-0.001897681491219938,False
Scalp,2026-07-26 05:55:00+00:00,2026-07-26 06:17:00+00:00,64442.85,64353.94,exit_signal,22,-0.0013796720660242956,-0.0023777933333244405,False
Scalp,2026-07-26 06:22:00+00:00,2026-07-26 06:28:00+00:00,64312.63,64301.76,exit_signal,6,-0.00016901812287872797,-0.0011683494390976046,False
Scalp,2026-07-26 07:07:00+00:00,2026-07-26 07:15:00+00:00,64427.48,64428.01,exit_signal,8,8.226303434444304e-06,-0.0009912821686328677,False
Scalp,2026-07-26 07:22:00+00:00,2026-07-26 07:30:00+00:00,64374.02,64367.98,exit_signal,8,-9.382667107005194e-05,-0.0010932331411637186,False
Scalp,2026-07-26 07:35:00+00:00,2026-07-26 07:42:00+00:00,64362.43,64362.49,exit_signal,7,9.322208622819517e-07,-0.000998568960767665,False
Scalp,2026-07-26 09:09:00+00:00,2026-07-26 09:11:00+00:00,64484.74,64500.0,exit_signal,2,0.00023664513495758044,-0.0007630916417890043,False
Scalp,2026-07-26 10:06:00+00:00,2026-07-26 10:10:00+00:00,64511.87,64511.88,exit_signal,4,1.550102328717884e-07,-0.000999345394574691,False
Scalp,2026-07-26 10:13:00+00:00,2026-07-26 10:14:00+00:00,64503.96,64509.96,exit_signal,1,9.301754496937598e-05,-0.0009065756759650823,False
Scalp,2026-07-26 10:18:00+00:00,2026-07-26 10:22:00+00:00,64497.66,64500.8,exit_signal,4,4.868393675061533e-05,-0.0009508649727313356,False
Scalp,2026-07-26 10:51:00+00:00,2026-07-26 10:55:00+00:00,64518.0,64524.6,exit_signal,4,0.0001022970333859341,-0.0008973054623994114,False
Scalp,2026-07-26 11:56:00+00:00,2026-07-26 12:01:00+00:00,64512.01,64510.0,exit_signal,5,-3.115698921796195e-05,-0.0010306260976744586,False
Scalp,2026-07-26 12:21:00+00:00,2026-07-26 12:24:00+00:00,64529.62,64564.0,exit_signal,3,0.0005327785906688032,-0.00046725417154058757,False
Scalp,2026-07-26 13:02:00+00:00,2026-07-26 13:08:00+00:00,64468.59,64435.41,exit_signal,6,-0.0005146692366002625,-0.0015136550744445643,False
Scalp,2026-07-26 13:30:00+00:00,2026-07-26 13:37:00+00:00,64470.01,64489.94,exit_signal,7,0.00030913598431281386,-0.0006906732470558508,False
Scalp,2026-07-26 14:52:00+00:00,2026-07-26 14:59:00+00:00,64698.92,64709.99,exit_signal,7,0.00017110022856647866,-0.0008285710360297349,False
Scalp,2026-07-26 15:35:00+00:00,2026-07-26 15:36:00+00:00,64742.0,64770.0,exit_signal,1,0.0004324858669797482,-0.0005674466526274236,False
Scalp,2026-07-26 16:39:00+00:00,2026-07-26 16:43:00+00:00,64826.01,64842.94,exit_signal,4,0.00026116060513370343,-0.0007386006748313356,False
Scalp,2026-07-26 17:02:00+00:00,2026-07-26 17:04:00+00:00,64687.98,64723.37,exit_signal,2,0.0005470877278901387,-0.000452959336305514,False
Scalp,2026-07-26 19:01:00+00:00,2026-07-26 19:02:00+00:00,64734.38,64741.83,exit_signal,1,0.00011508567781137735,-0.0008845296002273351,False
Scalp,2026-07-26 19:15:00+00:00,2026-07-26 19:17:00+00:00,64671.93,64681.02,exit_signal,2,0.00014055557024494902,-0.0008590851649574738,False
Scalp,2026-07-26 19:41:00+00:00,2026-07-26 19:44:00+00:00,64720.32,64722.35,exit_signal,3,3.1365728723198316e-05,-0.0009681658712055174,False
Scalp,2026-07-26 20:21:00+00:00,2026-07-26 20:25:00+00:00,64650.6,64647.99,exit_signal,4,-4.03708550268389e-05,-0.001039830754222204,False
Scalp,2026-07-26 22:48:00+00:00,2026-07-26 22:50:00+00:00,65416.0,65477.0,exit_signal,2,0.0009324935795524958,-6.793869788834783e-05,False
Scalp,2026-07-26 22:57:00+00:00,2026-07-26 23:00:00+00:00,65396.0,65412.69,exit_signal,3,0.00025521438620113024,-0.0007445409505167921,False
Scalp,2026-07-27 01:28:00+00:00,2026-07-27 01:32:00+00:00,65047.99,65067.77,exit_signal,4,0.00030408318535291023,-0.0006957209957418886,False
Scalp,2026-07-27 07:41:00+00:00,2026-07-27 07:44:00+00:00,65252.19,65276.0,exit_signal,3,0.00036489196761047005,-0.0006349729918773139,False
Scalp,2026-07-27 08:36:00+00:00,2026-07-27 08:47:00+00:00,65177.88,65205.0,exit_signal,11,0.00041609208522896957,-0.0005838240487890944,False
Scalp,2026-07-27 09:45:00+00:00,2026-07-27 09:49:00+00:00,65303.98,65299.13,exit_signal,4,-7.426806145671705e-05,-0.001073694080385712,False
Scalp,2026-07-27 09:56:00+00:00,2026-07-27 10:03:00+00:00,65273.99,65267.99,exit_signal,7,-9.192022733706118e-05,-0.001091328602921826,False
Scalp,2026-07-27 10:53:00+00:00,2026-07-27 10:55:00+00:00,65346.22,65358.56,exit_signal,2,0.0001888403032339614,-0.0008108486925711977,False
Scalp,2026-07-27 11:05:00+00:00,2026-07-27 11:07:00+00:00,65285.99,65300.0,exit_signal,2,0.00021459427972225775,-0.0007851204571889259,False
Scalp,2026-07-27 11:15:00+00:00,2026-07-27 11:18:00+00:00,65254.69,65265.93,exit_signal,3,0.00017224815564986784,-0.0008274242562997802,False
Scalp,2026-07-27 11:24:00+00:00,2026-07-27 11:32:00+00:00,65206.82,65186.83,exit_signal,8,-0.00030656302515597034,-0.0013057568652106166,False
Scalp,2026-07-27 11:43:00+00:00,2026-07-27 11:58:00+00:00,65177.98,65117.48,exit_signal,15,-0.0009282276007940293,-0.001926800086950009,False
Scalp,2026-07-27 12:16:00+00:00,2026-07-27 12:38:00+00:00,65116.0,64938.03,exit_signal,22,-0.0027331224276675448,-0.003729890920993073,False
Scalp,2026-07-27 13:55:00+00:00,2026-07-27 14:02:00+00:00,65431.8,65312.88,exit_signal,7,-0.0018174649023869893,-0.0028151485956379174,False
Scalp,2026-07-27 18:41:00+00:00,2026-07-27 18:42:00+00:00,64758.01,64862.0,exit_signal,1,0.0016058245149903616,0.0006047192431115622,False
Scalp,2026-07-27 21:07:00+00:00,2026-07-27 21:09:00+00:00,64912.33,64931.28,exit_signal,2,0.0002919322107217681,-0.0007078598254707247,False
Scalp,2026-07-27 21:15:00+00:00,2026-07-27 21:31:00+00:00,64903.44,64853.51,exit_signal,16,-0.0007692966659393896,-0.0017680280036045382,False
Scalp,2026-07-27 21:43:00+00:00,2026-07-27 21:50:00+00:00,64809.31,64827.74,exit_signal,7,0.000284372723610149,-0.0007154117568730634,False
Scalp,2026-07-27 22:04:00+00:00,2026-07-27 22:07:00+00:00,64696.36,64720.0,exit_signal,3,0.0003653992280245877,-0.0006344662384699662,False
Scalp,2026-07-27 22:44:00+00:00,2026-07-27 22:56:00+00:00,64242.23,64048.72,exit_signal,12,-0.003012193069885649,-0.004008682632034577,False
Scalp,2026-07-27 23:01:00+00:00,2026-07-27 23:06:00+00:00,63758.55,63776.0,exit_signal,5,0.0002736887837002655,-0.0007260850181823875,False
Scalp,2026-07-27 23:11:00+00:00,2026-07-27 23:13:00+00:00,63673.99,63772.0,exit_signal,2,0.0015392470300668037,0.000538208302400589,False
Scalp,2026-07-28 01:09:00+00:00,2026-07-28 01:12:00+00:00,63135.64,63230.66,exit_signal,3,0.001505013649976572,0.0005040091385823953,False
Scalp,2026-07-28 05:16:00+00:00,2026-07-28 05:17:00+00:00,63452.81,63503.99,exit_signal,1,0.0008065836643009749,-0.00019372276614793016,False
Scalp,2026-07-28 05:25:00+00:00,2026-07-28 05:28:00+00:00,63508.0,63513.2,exit_signal,3,8.187944825843729e-05,-0.0009177026401454569,False
Scalp,2026-07-28 07:08:00+00:00,2026-07-28 07:25:00+00:00,63574.04,63559.99,exit_signal,17,-0.00022100215748444008,-0.001220281515647792,False
Scalp,2026-07-28 10:08:00+00:00,2026-07-28 10:12:00+00:00,63342.03,63368.92,exit_signal,4,0.0004245206539796875,-0.0005754039043950332,False
Scalp,2026-07-28 13:29:00+00:00,2026-07-28 13:36:00+00:00,63316.63,63368.94,exit_signal,7,0.0008261652586374346,-0.00017416074361986666,False
Scalp,2026-07-28 13:48:00+00:00,2026-07-28 13:51:00+00:00,62786.01,62996.69,exit_signal,3,0.0033555245826260016,0.0023526704850922453,False
Scalp,2026-07-28 15:32:00+00:00,2026-07-28 15:34:00+00:00,63738.39,63773.98,exit_signal,2,0.0005583761999636838,-0.00044168214706274966,False
Scalp,2026-07-28 15:53:00+00:00,2026-07-28 15:58:00+00:00,63859.98,63878.1,exit_signal,5,0.0002837457825699552,-0.0007160380712856185,False
Scalp,2026-07-28 17:03:00+00:00,2026-07-28 17:21:00+00:00,63998.0,63814.29,exit_signal,18,-0.002870558454951655,-0.003867189580933683,False
Scalp,2026-07-28 17:39:00+00:00,2026-07-28 17:42:00+00:00,63544.93,63593.46,exit_signal,3,0.0007637115974477027,-0.00023655198235972286,False
Scalp,2026-07-28 20:26:00+00:00,2026-07-28 20:33:00+00:00,63935.64,63921.15,exit_signal,7,-0.00022663415897605788,-0.0012259078879525154,False
Scalp,2026-07-28 21:50:00+00:00,2026-07-28 21:58:00+00:00,64030.01,64014.0,exit_signal,8,-0.0002500390051477508,-0.0012492893409745687,False
Scalp,2026-07-28 22:32:00+00:00,2026-07-28 22:37:00+00:00,63896.26,63889.12,exit_signal,5,-0.00011174362943933147,-0.0011111321915286965,False
Scalp,2026-07-28 22:48:00+00:00,2026-07-28 22:56:00+00:00,63822.0,63835.98,exit_signal,8,0.00021904672370043343,-0.0007806724634297213,False
Scalp,2026-07-28 23:01:00+00:00,2026-07-28 23:16:00+00:00,63766.0,63653.71,exit_signal,15,-0.0017609697958159698,-0.002758709955939964,False
Scalp,2026-07-29 00:26:00+00:00,2026-07-29 00:30:00+00:00,63997.65,64012.0,exit_signal,4,0.00022422698333457447,-0.0007754973814662058,False
Scalp,2026-07-29 01:17:00+00:00,2026-07-29 01:20:00+00:00,63812.0,63858.09,exit_signal,3,0.0007222779414528535,-0.0002779442254049469,False
Scalp,2026-07-29 02:49:00+00:00,2026-07-29 02:52:00+00:00,63930.0,63974.7,exit_signal,3,0.000699202252463671,-0.00030099685023743383,False
Scalp,2026-07-29 04:46:00+00:00,2026-07-29 04:48:00+00:00,63860.0,63900.01,exit_signal,2,0.0006265267773253314,-0.00037359968621997197,False
Scalp,2026-07-29 08:25:00+00:00,2026-07-29 08:31:00+00:00,64342.0,64321.61,exit_signal,6,-0.00031690031394737694,-0.0013160838218793103,False
Scalp,2026-07-29 08:54:00+00:00,2026-07-29 08:58:00+00:00,64415.37,64415.25,exit_signal,4,-1.8629094268307611e-06,-0.0010013612973232,False
Scalp,2026-07-29 09:49:00+00:00,2026-07-29 09:52:00+00:00,64541.99,64562.04,exit_signal,3,0.0003106504773093821,-0.0006891602677951969,False
Scalp,2026-07-29 10:05:00+00:00,2026-07-29 10:09:00+00:00,64657.43,64657.99,exit_signal,4,8.66103091312631e-06,-0.0009908478756642802,False
Scalp,2026-07-29 18:18:00+00:00,2026-07-29 18:30:00+00:00,64305.52,64098.0,exit_signal,12,-0.003227094656881646,-0.004223369424840695,False
Scalp,2026-07-29 18:58:00+00:00,2026-07-29 19:02:00+00:00,64493.99,64573.85,exit_signal,4,0.0012382549133647114,0.00023751702739471803,False
Scalp,2026-07-29 19:41:00+00:00,2026-07-29 19:44:00+00:00,63907.33,63943.6,exit_signal,3,0.0005675405309530923,-0.0004325269758242989,False
Scalp,2026-07-29 21:19:00+00:00,2026-07-29 21:21:00+00:00,63408.0,63480.65,exit_signal,2,0.0011457544789301721,0.00014510904716713569,False
Scalp,2026-07-30 00:39:00+00:00,2026-07-30 00:49:00+00:00,63820.03,63732.25,exit_signal,10,-0.0013754302528532492,-0.0023735557598466572,False
Scalp,2026-07-30 00:56:00+00:00,2026-07-30 00:59:00+00:00,63618.0,63645.34,exit_signal,3,0.00042975258574617925,-0.0005701772019456319,False
Scalp,2026-07-30 01:16:00+00:00,2026-07-30 01:20:00+00:00,63695.0,63743.39,exit_signal,4,0.0007597142632860265,-0.0002405453211848929,False
Scalp,2026-07-30 02:18:00+00:00,2026-07-30 02:19:00+00:00,64319.99,64381.21,exit_signal,1,0.0009518036305664612,-4.864794727499344e-05,False
Scalp,2026-07-30 02:28:00+00:00,2026-07-30 02:29:00+00:00,64334.36,64361.47,exit_signal,1,0.0004213922389217917,-0.0005785291926012626,False
Scalp,2026-07-30 02:36:00+00:00,2026-07-30 02:39:00+00:00,64224.25,64251.35,exit_signal,3,0.0004219589952392244,-0.0005779630027568095,False
Scalp,2026-07-30 04:13:00+00:00,2026-07-30 04:15:00+00:00,64113.36,64145.0,exit_signal,2,0.0004935008865547541,-0.0005064926175796236,False
Scalp,2026-07-30 09:52:00+00:00,2026-07-30 10:02:00+00:00,64588.74,64595.96,exit_signal,10,0.00011178419024737707,-0.000887827787953599,False
Scalp,2026-07-30 12:01:00+00:00,2026-07-30 12:03:00+00:00,64796.0,64830.0,exit_signal,2,0.0005247237483794187,-0.000475300963012959,False
Scalp,2026-07-30 14:10:00+00:00,2026-07-30 14:17:00+00:00,64775.75,64768.01,exit_signal,7,-0.00011948916068127424,-0.0011188699811102154,False
Scalp,2026-07-30 14:20:00+00:00,2026-07-30 14:23:00+00:00,64650.01,64719.8,exit_signal,3,0.0010795048600920065,7.892564483968911e-05,False
Scalp,2026-07-30 16:24:00+00:00,2026-07-30 16:27:00+00:00,64864.61,64874.0,exit_signal,3,0.0001447630687982926,-0.0008548818718001616,False
Scalp,2026-07-30 18:51:00+00:00,2026-07-30 18:59:00+00:00,64709.53,64702.8,exit_signal,8,-0.00010400322796344508,-0.001103399526586113,False
Scalp,2026-07-30 23:43:00+00:00,2026-07-30 23:49:00+00:00,64909.01,64885.33,exit_signal,6,-0.0003648183819164874,-0.0013639539957275293,False
Scalp,2026-07-31 00:11:00+00:00,2026-07-31 00:15:00+00:00,64780.0,64819.75,exit_signal,4,0.000613615313368232,-0.00038649824516567843,False
Scalp,2026-07-31 01:50:00+00:00,2026-07-31 02:06:00+00:00,64613.79,64562.0,exit_signal,16,-0.0008015316854188548,-0.001800230804173908,False
Scalp,2026-07-31 02:17:00+00:00,2026-07-31 02:22:00+00:00,64425.99,64427.99,exit_signal,5,3.1043372402894676e-05,-0.0009684879053304396,False
Scalp,2026-07-31 02:39:00+00:00,2026-07-31 02:47:00+00:00,64311.32,64312.0,exit_signal,8,1.0573566208815777e-05,-0.000988937251948152,False
Scalp,2026-07-31 03:03:00+00:00,2026-07-31 03:10:00+00:00,64249.24,64246.01,exit_signal,7,-5.027296820936389e-05,-0.0010497229702399746,False
Scalp,2026-07-31 04:25:00+00:00,2026-07-31 04:27:00+00:00,64242.0,64297.99,exit_signal,2,0.0008715482083372361,-0.0001288231541898277,False
Scalp,2026-07-31 06:48:00+00:00,2026-07-31 06:51:00+00:00,64219.78,64251.19,exit_signal,3,0.0004891016443844265,-0.0005108874627064441,False
Scalp,2026-07-31 07:02:00+00:00,2026-07-31 07:09:00+00:00,64220.94,64152.65,exit_signal,7,-0.0010633603307581563,-0.0020617977517168873,False
Scalp,2026-07-31 07:26:00+00:00,2026-07-31 07:28:00+00:00,64002.73,64008.76,exit_signal,2,9.421473115289736e-05,-0.0009053796863695007,False
Scalp,2026-07-31 09:24:00+00:00,2026-07-31 09:36:00+00:00,63703.0,63693.97,exit_signal,12,-0.00014175156586027082,-0.0011411101350097264,False
Scalp,2026-07-31 10:49:00+00:00,2026-07-31 10:51:00+00:00,63892.71,63910.0,exit_signal,2,0.0002706099021312358,-0.0007291608224084811,False
Scalp,2026-07-31 11:01:00+00:00,2026-07-31 11:02:00+00:00,63926.92,63951.77,exit_signal,1,0.000388725125502587,-0.000611163655232505,False
Scalp,2026-07-31 11:12:00+00:00,2026-07-31 11:18:00+00:00,63918.01,63910.19,exit_signal,6,-0.0001223442344340242,-0.001121722201216202,False
Scalp,2026-07-31 13:49:00+00:00,2026-07-31 13:57:00+00:00,63364.5,63306.0,exit_signal,8,-0.0009232298842412057,-0.0019218073656162016,False
Scalp,2026-07-31 14:05:00+00:00,2026-07-31 14:12:00+00:00,63022.17,62803.99,exit_signal,7,-0.0034619563242586082,-0.004457996347922433,False
Scalp,2026-07-31 14:19:00+00:00,2026-07-31 14:28:00+00:00,62586.78,62634.0,exit_signal,9,0.0007544724301202788,-0.0002457819151371332,False
Scalp,2026-07-31 18:04:00+00:00,2026-07-31 18:20:00+00:00,63254.0,63166.78,exit_signal,16,-0.0013788851297942273,-0.002377007183637314,False
Scalp,2026-07-31 18:42:00+00:00,2026-07-31 18:44:00+00:00,62973.57,63029.98,exit_signal,2,0.0008957726233402852,-0.00010462295149549217,False
Scalp,2026-07-31 19:42:00+00:00,2026-07-31 19:44:00+00:00,62944.84,62994.0,exit_signal,2,0.0007810012703186597,-0.00021927959052114865,False
Scalp,2026-07-31 22:03:00+00:00,2026-07-31 22:05:00+00:00,62904.01,62949.99,exit_signal,2,0.0007309549899918721,-0.00026927584957836537,False
Scalp,2026-07-31 23:30:00+00:00,2026-07-31 23:31:00+00:00,62983.86,62996.73,exit_signal,1,0.00020433806375153019,-0.0007953664220691214,False
Scalp,2026-07-31 23:51:00+00:00,2026-07-31 23:53:00+00:00,62877.91,62907.99,exit_signal,2,0.0004783874018712275,-0.0005215909963314225,False
Scalp,2026-07-31 23:57:00+00:00,2026-08-01 00:00:00+00:00,62873.25,62887.88,exit_signal,3,0.00023269037309181506,-0.0007670424508691154,False
Scalp,2026-08-01 02:43:00+00:00,2026-08-01 02:45:00+00:00,63081.28,63085.0,exit_signal,2,5.8971536405216796e-05,-0.0009405876555352854,False
Scalp,2026-08-01 02:52:00+00:00,2026-08-01 02:55:00+00:00,63066.01,63073.03,exit_signal,3,0.00011131194125013621,-0.0008882995649380776,False
Scalp,2026-08-01 02:58:00+00:00,2026-08-01 03:00:00+00:00,63056.16,63075.08,exit_signal,2,0.000300049987185913,-0.0006997501627261649,False
Scalp,2026-08-01 04:38:00+00:00,2026-08-01 04:40:00+00:00,63046.0,63052.11,exit_signal,2,9.691336484474178e-05,-0.0009026837499624962,False
Scalp,2026-08-01 05:04:00+00:00,2026-08-01 05:05:00+00:00,63071.83,63116.01,exit_signal,1,0.0007004711929239349,-0.0002997291780832967,False
Scalp,2026-08-01 05:18:00+00:00,2026-08-01 05:25:00+00:00,63085.18,63100.0,exit_signal,7,0.0002349204678500083,-0.0007648145850912558,False
Scalp,2026-08-01 06:07:00+00:00,2026-08-01 06:10:00+00:00,62998.01,62993.0,exit_signal,3,-7.952632154573092e-05,-0.0010789470848424632,False
Scalp,2026-08-01 07:20:00+00:00,2026-08-01 07:24:00+00:00,63072.0,63080.4,exit_signal,4,0.00013318112633187162,-0.0008664522381122142,False
Scalp,2026-08-01 07:32:00+00:00,2026-08-01 07:38:00+00:00,63066.66,63041.28,exit_signal,6,-0.0004024313321809858,-0.0014015293518389038,False
Scalp,2026-08-01 08:41:00+00:00,2026-08-01 08:44:00+00:00,63102.51,63102.51,exit_signal,3,0.0,-0.0009995002498750516,False
Scalp,2026-08-01 09:55:00+00:00,2026-08-01 09:58:00+00:00,63055.18,63070.49,exit_signal,3,0.00024280320823755197,-0.0007569397235047681,False
Scalp,2026-08-01 11:39:00+00:00,2026-08-01 11:48:00+00:00,63078.52,63070.52,exit_signal,9,-0.00012682605742808661,-0.0011261995446270046,False
Scalp,2026-08-01 12:13:00+00:00,2026-08-01 12:14:00+00:00,63108.01,63119.39,exit_signal,1,0.0001803257621337817,-0.000819354723385457,False
Scalp,2026-08-01 13:48:00+00:00,2026-08-01 13:53:00+00:00,63064.53,63067.99,exit_signal,5,5.486443806046459e-05,-0.0009446906488339568,False
Scalp,2026-08-01 14:13:00+00:00,2026-08-01 14:18:00+00:00,63081.99,63092.6,exit_signal,5,0.00016819380618771085,-0.0008314745534384604,False
Scalp,2026-08-01 14:35:00+00:00,2026-08-01 14:45:00+00:00,63105.69,63110.0,exit_signal,10,6.829812018538384e-05,-0.0009312703936777966,False
Scalp,2026-08-01 15:23:00+00:00,2026-08-01 15:41:00+00:00,63076.24,63061.99,exit_signal,18,-0.0002259170806629962,-0.0012251915263593594,False
Scalp,2026-08-01 15:51:00+00:00,2026-08-01 15:55:00+00:00,63030.14,63030.14,exit_signal,4,0.0,-0.0009995002498748295,False
Scalp,2026-08-01 16:01:00+00:00,2026-08-01 16:05:00+00:00,63000.0,62985.99,exit_signal,4,-0.0002223809523810294,-0.0012216589324384186,False
Scalp,2026-08-01 17:19:00+00:00,2026-08-01 17:21:00+00:00,62866.69,62881.25,exit_signal,2,0.00023160118657439277,-0.0007681305487444723,False
Scalp,2026-08-01 17:29:00+00:00,2026-08-01 17:36:00+00:00,62822.02,62811.99,exit_signal,7,-0.00015965739401568868,-0.0011589980662853883,False
Scalp,2026-08-01 17:39:00+00:00,2026-08-01 17:42:00+00:00,62758.0,62807.36,exit_signal,3,0.0007865132732081115,-0.00021377309687975465,False
Scalp,2026-08-01 17:54:00+00:00,2026-08-01 17:56:00+00:00,62697.77,62700.01,exit_signal,2,3.572694850229041e-05,-0.0009638090104664432,False
Scalp,2026-08-01 18:03:00+00:00,2026-08-01 18:05:00+00:00,62660.0,62701.99,exit_signal,2,0.0006701244813278606,-0.00033004555813365144,False
Scalp,2026-08-01 18:20:00+00:00,2026-08-01 18:23:00+00:00,62605.28,62600.0,exit_signal,3,-8.433793443618498e-05,-0.0010837538885245523,False
Scalp,2026-08-01 21:24:00+00:00,2026-08-01 21:28:00+00:00,62754.99,62761.99,exit_signal,4,0.00011154491459564042,-0.0008880668244493073,False
Scalp,2026-08-01 21:42:00+00:00,2026-08-01 21:45:00+00:00,62780.01,62800.44,exit_signal,3,0.00032542205711649785,-0.0006744034521857234,False
Scalp,2026-08-01 22:20:00+00:00,2026-08-01 22:22:00+00:00,62844.07,62844.08,exit_signal,2,1.5912400330719834e-07,-0.0009993412849161887,False
Scalp,2026-08-01 23:21:00+00:00,2026-08-01 23:25:00+00:00,62769.98,62783.46,exit_signal,4,0.0002147523386177852,-0.0007849625562732498,False
Scalp,2026-08-01 23:53:00+00:00,2026-08-01 23:56:00+00:00,62817.99,62823.64,exit_signal,3,8.994238752313422e-05,-0.0009096477597906327,False
Scalp,2026-08-02 00:18:00+00:00,2026-08-02 00:32:00+00:00,62929.99,62890.0,exit_signal,14,-0.0006354680812756808,-0.0016343331806446537,False
Scalp,2026-08-02 00:55:00+00:00,2026-08-02 00:57:00+00:00,62814.67,62830.0,exit_signal,2,0.00024405127018889416,-0.0007556929089914677,False
Scalp,2026-08-02 01:23:00+00:00,2026-08-02 01:27:00+00:00,62984.0,62984.0,exit_signal,4,0.0,-0.0009995002498750516,False
Scalp,2026-08-02 01:49:00+00:00,2026-08-02 01:56:00+00:00,63004.25,62991.99,exit_signal,7,-0.00019459004749677877,-0.0011938958045707437,False
Scalp,2026-08-02 02:39:00+00:00,2026-08-02 02:44:00+00:00,63360.0,63392.19,exit_signal,5,0.0005080492424243133,-0.0004919588027954003,False
Scalp,2026-08-02 04:19:00+00:00,2026-08-02 04:21:00+00:00,63515.87,63555.0,exit_signal,2,0.0006160665043239977,-0.00038404950417592065,False
Scalp,2026-08-02 05:45:00+00:00,2026-08-02 05:48:00+00:00,63423.77,63434.76,exit_signal,3,0.00017327888266516212,-0.0008263945594964017,False
Scalp,2026-08-02 07:48:00+00:00,2026-08-02 07:51:00+00:00,63500.14,63503.53,exit_signal,3,5.3385709070763454e-05,-0.0009461678998335943,False
Scalp,2026-08-02 08:32:00+00:00,2026-08-02 09:01:00+00:00,63390.96,63221.64,exit_signal,29,-0.002671043315955468,-0.0036678738573686642,False
Scalp,2026-08-02 10:29:00+00:00,2026-08-02 10:31:00+00:00,63132.0,63154.01,exit_signal,2,0.0003486346068555246,-0.0006512141033961916,False
Scalp,2026-08-02 13:21:00+00:00,2026-08-02 13:22:00+00:00,63066.0,63079.98,exit_signal,1,0.00022167253353644334,-0.0007780492780912196,False
Scalp,2026-08-02 14:53:00+00:00,2026-08-02 15:01:00+00:00,63108.01,63074.05,exit_signal,8,-0.0005381250335734222,-0.0015370874273428203,False
Scalp,2026-08-02 15:51:00+00:00,2026-08-02 16:01:00+00:00,63125.99,63117.64,exit_signal,10,-0.00013227515322922212,-0.0011316431940554539,False
Scalp,2026-08-02 16:50:00+00:00,2026-08-02 16:56:00+00:00,63212.01,63202.0,exit_signal,6,-0.00015835598330127265,-0.0011576979563313605,False
Scalp,2026-08-02 18:49:00+00:00,2026-08-02 19:07:00+00:00,63425.38,63362.97,exit_signal,18,-0.0009839909512563416,-0.0019825077019295367,False
Scalp,2026-08-02 21:20:00+00:00,2026-08-02 21:22:00+00:00,63516.0,63530.03,exit_signal,2,0.00022088922476215522,-0.0007788318039479991,False
Scalp,2026-08-02 21:35:00+00:00,2026-08-02 21:36:00+00:00,63528.0,63576.61,exit_signal,1,0.0007651744112833203,-0.00023509063060700441,False
Scalp,2026-08-02 21:40:00+00:00,2026-08-02 21:42:00+00:00,63515.67,63560.0,exit_signal,2,0.0006979380049050299,-0.00030225983418030733,False
Scalp,2026-08-02 21:56:00+00:00,2026-08-02 22:02:00+00:00,63576.01,63679.99,exit_signal,6,0.0016355225815523067,0.0006343876264485182,False
Scalp,2026-08-02 23:43:00+00:00,2026-08-02 23:45:00+00:00,63507.99,63523.34,exit_signal,2,0.00024170187089844752,-0.0007580399600569665,False
Scalp,2026-08-03 00:31:00+00:00,2026-08-03 00:34:00+00:00,63256.0,63307.99,exit_signal,3,0.0008218983179459904,-0.00017842341950302654,False
Scalp,2026-08-03 04:58:00+00:00,2026-08-03 05:01:00+00:00,62819.49,62838.58,exit_signal,3,0.00030388658042279637,-0.0006959174041653027,False
Scalp,2026-08-03 06:42:00+00:00,2026-08-03 06:49:00+00:00,62678.0,62671.99,exit_signal,7,-9.588691406881011e-05,-0.0010952913249491214,False
Scalp,2026-08-03 08:21:00+00:00,2026-08-03 08:37:00+00:00,62484.24,62421.07,exit_signal,16,-0.0010109749274376245,-0.00200946470762009,False
Scalp,2026-08-03 09:28:00+00:00,2026-08-03 09:30:00+00:00,62627.99,62653.36,exit_signal,2,0.00040509043959424673,-0.0005948146982763802,False
Scalp,2026-08-03 10:04:00+00:00,2026-08-03 10:08:00+00:00,62791.9,62807.63,exit_signal,4,0.00025051001801190687,-0.0007492406166887955,False
Scalp,2026-08-03 10:27:00+00:00,2026-08-03 10:39:00+00:00,62787.99,62693.99,exit_signal,12,-0.0014971015953847422,-0.0024951054918410653,False
Scalp,2026-08-03 10:51:00+00:00,2026-08-03 10:52:00+00:00,62630.0,62657.7,exit_signal,1,0.0004422800574803709,-0.0005576622514225082,False
Scalp,2026-08-03 12:52:00+00:00,2026-08-03 12:55:00+00:00,62719.49,62724.59,exit_signal,3,8.131443670866823e-05,-0.0009182670869661846,False
Scalp,2026-08-03 13:00:00+00:00,2026-08-03 13:02:00+00:00,62700.01,62732.0,exit_signal,2,0.0005102072551503856,-0.0004898029470035148,False
Scalp,2026-08-03 13:30:00+00:00,2026-08-03 13:36:00+00:00,62769.0,62806.01,exit_signal,6,0.0005896222657681971,-0.0004104673117089064,False
Scalp,2026-08-03 14:03:00+00:00,2026-08-03 14:06:00+00:00,63188.68,63246.01,exit_signal,3,0.0009072827601399602,-9.312431908037322e-05,False
Scalp,2026-08-03 14:22:00+00:00,2026-08-03 14:25:00+00:00,63261.94,63427.99,exit_signal,3,0.002624800946667172,0.0016226772075900175,False
Scalp,2026-08-03 14:37:00+00:00,2026-08-03 14:40:00+00:00,63700.32,63816.0,exit_signal,3,0.0018160034360894528,0.0008146880903263654,False
Scalp,2026-08-03 21:04:00+00:00,2026-08-03 21:07:00+00:00,63743.5,63752.5,exit_signal,3,0.00014119086651964707,-0.000858450503661623,False
Scalp,2026-08-03 21:45:00+00:00,2026-08-03 21:51:00+00:00,63681.48,63660.63,exit_signal,6,-0.00032741073228836903,-0.001326583735054676,False
Scalp,2026-08-03 22:06:00+00:00,2026-08-03 22:08:00+00:00,63447.5,63486.3,exit_signal,2,0.0006115292170691955,-0.0003885822564109187,False
Scalp,2026-08-03 22:24:00+00:00,2026-08-03 22:31:00+00:00,63553.99,63532.0,exit_signal,7,-0.000346005026592322,-0.0013451594443566472,False
Scalp,2026-08-04 02:05:00+00:00,2026-08-04 02:10:00+00:00,63808.38,63820.0,exit_signal,5,0.00018210774196125712,-0.0008175745246472577,False
Scalp,2026-08-04 02:16:00+00:00,2026-08-04 02:19:00+00:00,63776.01,63802.0,exit_signal,3,0.0004075200063471396,-0.0005923875598758954,False
Scalp,2026-08-04 02:50:00+00:00,2026-08-04 02:59:00+00:00,63867.17,63818.0,exit_signal,9,-0.0007698791100341218,-0.0017686098655462779,False
Scalp,2026-08-04 03:16:00+00:00,2026-08-04 03:18:00+00:00,63699.99,63721.36,exit_signal,2,0.0003354788595728575,-0.000664356701506108,False
Scalp,2026-08-04 05:02:00+00:00,2026-08-04 05:20:00+00:00,63988.86,63881.83,exit_signal,18,-0.0016726348930110602,-0.0026704633438925374,False
Scalp,2026-08-04 05:27:00+00:00,2026-08-04 05:31:00+00:00,63829.99,63848.14,exit_signal,4,0.0002843490967177065,-0.000715435360150396,False
Scalp,2026-08-04 05:35:00+00:00,2026-08-04 05:39:00+00:00,63822.45,63834.79,exit_signal,4,0.00019334889212196948,-0.0008063446100190497,False
Scalp,2026-08-04 06:48:00+00:00,2026-08-04 06:55:00+00:00,63703.96,63670.0,exit_signal,7,-0.0005330908784948463,-0.0015320583039035718,False
Scalp,2026-08-04 07:15:00+00:00,2026-08-04 07:25:00+00:00,63595.56,63566.84,exit_signal,10,-0.0004516038541055867,-0.00145065272581546,False
Scalp,2026-08-04 07:41:00+00:00,2026-08-04 07:42:00+00:00,63683.61,63695.26,exit_signal,1,0.00018293560933502206,-0.0008167474847272649,False
Scalp,2026-08-04 07:56:00+00:00,2026-08-04 07:58:00+00:00,63709.35,63715.44,exit_signal,2,9.559036467976512e-05,-0.0009040054277886789,False
Scalp,2026-08-04 15:11:00+00:00,2026-08-04 15:15:00+00:00,64036.05,64065.94,exit_signal,4,0.0004667683281527335,-0.0005331984567829018,False
Scalp,2026-08-04 15:30:00+00:00,2026-08-04 15:39:00+00:00,63953.13,63928.0,exit_signal,9,-0.00039294402009715235,-0.00139205152232591,False
Scalp,2026-08-04 18:39:00+00:00,2026-08-04 18:45:00+00:00,64275.26,64296.34,exit_signal,6,0.0003279644454179387,-0.0006718636050021543,False
Scalp,2026-08-04 20:18:00+00:00,2026-08-04 20:22:00+00:00,64039.49,64073.8,exit_signal,4,0.0005357631673832408,-0.00046427257791148424,False
Scalp,2026-08-04 23:26:00+00:00,2026-08-04 23:41:00+00:00,64321.99,64230.87,exit_signal,15,-0.0014166228376950585,-0.0024147071726898783,False
Scalp,2026-08-05 03:24:00+00:00,2026-08-05 03:32:00+00:00,64107.99,64105.99,exit_signal,8,-3.119735933077017e-05,-0.0010306664274372102,False
Scalp,2026-08-05 05:32:00+00:00,2026-08-05 05:40:00+00:00,64428.93,64370.92,exit_signal,8,-0.0009003719291938994,-0.0018989722571006729,False
Scalp,2026-08-05 07:21:00+00:00,2026-08-05 07:33:00+00:00,64096.0,64084.0,exit_signal,12,-0.0001872191712430915,-0.0011865322955095792,False
Scalp,2026-08-05 07:45:00+00:00,2026-08-05 07:47:00+00:00,64006.08,64057.85,exit_signal,2,0.000808829411205858,-0.00019147926386775538,False
Scalp,2026-08-05 12:34:00+00:00,2026-08-05 12:36:00+00:00,64426.13,64458.0,exit_signal,2,0.0004946750642946807,-0.0005053196134308102,False
Scalp,2026-08-05 13:13:00+00:00,2026-08-05 13:16:00+00:00,64146.51,64151.25,exit_signal,3,7.389334197593911e-05,-0.000925680764312764,False
Scalp,2026-08-05 13:35:00+00:00,2026-08-05 13:38:00+00:00,63926.0,63996.0,exit_signal,3,0.001095016112379943,9.442139362692004e-05,False
Scalp,2026-08-05 14:26:00+00:00,2026-08-05 14:28:00+00:00,64390.0,64414.0,exit_signal,2,0.0003727286845782718,-0.0006271441077100315,False
Scalp,2026-08-05 21:11:00+00:00,2026-08-05 21:13:00+00:00,64755.86,64786.65,exit_signal,2,0.00047547820382587425,-0.0005244972866326192,False
Scalp,2026-08-05 21:19:00+00:00,2026-08-05 21:31:00+00:00,64769.06,64728.35,exit_signal,12,-0.0006285408495969591,-0.0016274128727357118,False
Scalp,2026-08-06 04:36:00+00:00,2026-08-06 04:37:00+00:00,64703.99,64721.97,exit_signal,1,0.0002778808540246924,-0.0007218971378333272,False
Scalp,2026-08-06 04:43:00+00:00,2026-08-06 04:49:00+00:00,64671.06,64660.0,exit_signal,6,-0.00017101930910046192,-0.0011703486251332107,False
Scalp,2026-08-06 05:30:00+00:00,2026-08-06 05:36:00+00:00,64889.99,64901.97,exit_signal,6,0.00018462015481901517,-0.0008150646229468927,False
Scalp,2026-08-06 07:54:00+00:00,2026-08-06 07:56:00+00:00,64801.53,64837.97,exit_signal,2,0.0005623324017196563,-0.00043772989953150265,False
Scalp,2026-08-06 09:04:00+00:00,2026-08-06 09:17:00+00:00,64887.77,64794.85,exit_signal,13,-0.0014320109937512315,-0.0024300799482800395,False
Scalp,2026-08-06 09:25:00+00:00,2026-08-06 09:36:00+00:00,64796.91,64698.06,exit_signal,11,-0.0015255357084158483,-0.002523511184968963,False
Scalp,2026-08-06 09:43:00+00:00,2026-08-06 09:48:00+00:00,64678.0,64684.09,exit_signal,5,9.41587556819723e-05,-0.0009054356058929569,False
Scalp,2026-08-06 10:06:00+00:00,2026-08-06 10:17:00+00:00,64637.67,64625.67,exit_signal,11,-0.00018565025626693377,-0.0011849649486643798,False
Scalp,2026-08-06 11:08:00+00:00,2026-08-06 11:10:00+00:00,64515.99,64547.99,exit_signal,2,0.000496001068882368,-0.0005039949341849592,False
Scalp,2026-08-06 12:11:00+00:00,2026-08-06 12:14:00+00:00,64483.84,64499.91,exit_signal,3,0.0002492097244830571,-0.0007505396105738082,False
Scalp,2026-08-06 13:10:00+00:00,2026-08-06 13:14:00+00:00,64212.81,64242.08,exit_signal,4,0.00045582805050892183,-0.000544127799616434,False
Scalp,2026-08-06 14:52:00+00:00,2026-08-06 14:57:00+00:00,64700.97,64747.43,exit_signal,5,0.0007180726965916318,-0.0002821452671228908,False
Scalp,2026-08-06 15:16:00+00:00,2026-08-06 15:25:00+00:00,64860.83,64806.0,exit_signal,9,-0.0008453484175272585,-0.001844003741447664,False
Scalp,2026-08-06 18:33:00+00:00,2026-08-06 18:47:00+00:00,64489.17,64446.84,exit_signal,14,-0.000656389282107428,-0.0016552334707308214,False
Scalp,2026-08-06 18:51:00+00:00,2026-08-06 18:57:00+00:00,64411.59,64414.81,exit_signal,6,4.999100317193417e-05,-0.0009495592127231056,False
Scalp,2026-08-07 00:15:00+00:00,2026-08-07 00:19:00+00:00,64290.0,64293.0,exit_signal,4,4.6663555762993525e-05,-0.0009528833343476206,False
Scalp,2026-08-07 01:38:00+00:00,2026-08-07 01:44:00+00:00,64425.09,64372.0,exit_signal,6,-0.0008240578321271341,-0.001822734435992901,False
Scalp,2026-08-07 05:29:00+00:00,2026-08-07 05:36:00+00:00,64178.0,64207.63,exit_signal,7,0.0004616846894573978,-0.0005382770143800286,False
Scalp,2026-08-07 06:01:00+00:00,2026-08-07 06:06:00+00:00,64341.44,64357.27,exit_signal,5,0.0002460311736882659,-0.0007537149844062396,False
Scalp,2026-08-07 06:32:00+00:00,2026-08-07 06:37:00+00:00,64371.03,64374.6,exit_signal,5,5.545973087572875e-05,-0.000944095951014079,False
Scalp,2026-08-07 07:34:00+00:00,2026-08-07 07:36:00+00:00,64385.4,64418.14,exit_signal,2,0.0005085003743083849,-0.0004915081218177519,False
Scalp,2026-08-07 09:43:00+00:00,2026-08-07 09:46:00+00:00,64895.99,64904.16,exit_signal,3,0.00012589375707205974,-0.000873732323644627,False
Scalp,2026-08-07 09:58:00+00:00,2026-08-07 10:05:00+00:00,64828.1,64850.0,exit_signal,7,0.00033781647156105876,-0.000662021425961723,False
Scalp,2026-08-07 12:18:00+00:00,2026-08-07 12:29:00+00:00,65186.22,65121.33,exit_signal,11,-0.0009954557880484938,-0.0019939610796144702,False
Scalp,2026-08-07 16:57:00+00:00,2026-08-07 17:07:00+00:00,64853.2,64784.0,exit_signal,10,-0.0010670252200353225,-0.0020654589779363075,False
Scalp,2026-08-07 17:15:00+00:00,2026-08-07 17:17:00+00:00,64700.39,64729.99,exit_signal,2,0.00045749337832434733,-0.0005424641362966609,False
Scalp,2026-08-07 17:24:00+00:00,2026-08-07 17:34:00+00:00,64650.0,64596.0,exit_signal,10,-0.0008352668213457148,-0.0018339322218240417,False
Scalp,2026-08-07 18:55:00+00:00,2026-08-07 18:57:00+00:00,64676.0,64695.75,exit_signal,2,0.00030536829735905435,-0.0006944371682053863,False
Scalp,2026-08-07 20:19:00+00:00,2026-08-07 20:24:00+00:00,64975.98,64975.9,exit_signal,5,-1.2312242154699504e-06,-0.0010007302434814624,False
Scalp,2026-08-07 21:50:00+00:00,2026-08-07 22:09:00+00:00,64974.37,64922.61,exit_signal,19,-0.000796621806413822,-0.00179532583259423,False
Scalp,2026-08-08 00:12:00+00:00,2026-08-08 00:15:00+00:00,64900.15,64901.01,exit_signal,3,1.3251124997504249e-05,-0.000986262369380153,False
Scalp,2026-08-08 03:42:00+00:00,2026-08-08 03:46:00+00:00,65007.5,65015.6,exit_signal,4,0.00012460100757594184,-0.0008750237810372097,False
Scalp,2026-08-08 04:47:00+00:00,2026-08-08 05:00:00+00:00,65038.67,65013.58,exit_signal,13,-0.0003857704962293429,-0.0013848851683969654,False
Scalp,2026-08-08 05:54:00+00:00,2026-08-08 05:56:00+00:00,64982.29,64990.86,exit_signal,2,0.00013188208664227652,-0.000867749979411192,False
Scalp,2026-08-08 06:10:00+00:00,2026-08-08 06:12:00+00:00,64981.24,64983.68,exit_signal,2,3.754929884380864e-05,-0.0009619884815647017,False
Scalp,2026-08-08 06:18:00+00:00,2026-08-08 06:19:00+00:00,64980.26,64980.26,exit_signal,1,0.0,-0.0009995002498750516,False
Scalp,2026-08-08 06:34:00+00:00,2026-08-08 06:43:00+00:00,64968.56,64978.0,exit_signal,9,0.00014530105023102813,-0.0008543444280798562,False
Scalp,2026-08-08 07:00:00+00:00,2026-08-08 07:10:00+00:00,65006.61,65004.95,exit_signal,10,-2.5535864737524783e-05,-0.0010250105915092789,False
Scalp,2026-08-08 07:18:00+00:00,2026-08-08 07:22:00+00:00,64989.57,64992.22,exit_signal,4,4.0775773712642405e-05,-0.0009587652315583561,False
Scalp,2026-08-08 07:42:00+00:00,2026-08-08 07:50:00+00:00,64961.4,64954.02,exit_signal,8,-0.00011360592598075314,-0.0011129926267041679,False
Scalp,2026-08-08 08:20:00+00:00,2026-08-08 08:23:00+00:00,64963.07,64963.08,exit_signal,3,1.5393361185722654e-07,-0.0009993464701197885,False
Scalp,2026-08-08 08:51:00+00:00,2026-08-08 08:53:00+00:00,64992.53,64992.54,exit_signal,2,1.538638363385303e-07,-0.0009993465398254742,False
Scalp,2026-08-08 09:47:00+00:00,2026-08-08 09:48:00+00:00,65013.32,65013.86,exit_signal,1,8.305990218726578e-06,-0.0009912025614956521,False
Scalp,2026-08-08 09:53:00+00:00,2026-08-08 09:58:00+00:00,64992.98,64994.31,exit_signal,5,2.0463748546362126e-05,-0.0009790569548504546,False
Scalp,2026-08-08 10:45:00+00:00,2026-08-08 10:47:00+00:00,65010.01,65010.01,exit_signal,2,0.0,-0.0009995002498750516,False
Scalp,2026-08-08 11:20:00+00:00,2026-08-08 11:37:00+00:00,65000.0,64970.99,exit_signal,17,-0.0004463076923076903,-0.0014453618575327454,False
Scalp,2026-08-08 11:49:00+00:00,2026-08-08 11:53:00+00:00,64957.01,64964.62,exit_signal,4,0.00011715440719939352,-0.0008824629385347782,False
Scalp,2026-08-08 12:07:00+00:00,2026-08-08 12:13:00+00:00,64958.01,64938.0,exit_signal,6,-0.0003080451510137916,-0.0013072375096832012,False
Scalp,2026-08-08 12:23:00+00:00,2026-08-08 12:31:00+00:00,64987.28,64986.86,exit_signal,8,-6.462803182394339e-06,-0.0010059565934839032,False
Scalp,2026-08-08 14:42:00+00:00,2026-08-08 14:47:00+00:00,65118.94,65125.99,exit_signal,5,0.00010826343303493857,-0.0008913450261682776,False
Scalp,2026-08-08 15:00:00+00:00,2026-08-08 15:12:00+00:00,65129.01,65105.99,exit_signal,12,-0.0003534523248549526,-0.001352599299042967,False
Scalp,2026-08-08 15:44:00+00:00,2026-08-08 15:50:00+00:00,65067.61,65072.0,exit_signal,6,6.746828414327943e-05,-0.0009320994002985916,False
Scalp,2026-08-08 16:16:00+00:00,2026-08-08 16:20:00+00:00,65087.03,65088.01,exit_signal,4,1.5056763229326364e-05,-0.0009844585358843583,False
Scalp,2026-08-08 16:38:00+00:00,2026-08-08 16:41:00+00:00,65042.0,65060.85,exit_signal,3,0.0002898127363857306,-0.0007099771813916522,False
Scalp,2026-08-08 18:13:00+00:00,2026-08-08 18:35:00+00:00,65101.61,65053.91,exit_signal,22,-0.0007327007734524438,-0.001731468688721205,False
Scalp,2026-08-08 19:07:00+00:00,2026-08-08 19:35:00+00:00,65038.72,65027.62,exit_signal,28,-0.00017066756541328498,-0.0011699972330140307,False
Scalp,2026-08-08 20:27:00+00:00,2026-08-08 20:32:00+00:00,65060.01,65065.59,exit_signal,5,8.576697113937826e-05,-0.0009138190028447069,False
Scalp,2026-08-08 21:16:00+00:00,2026-08-08 21:20:00+00:00,65045.62,65043.48,exit_signal,4,-3.289998619426804e-05,-0.0010323673525247656,False
Scalp,2026-08-08 21:43:00+00:00,2026-08-08 21:45:00+00:00,65042.92,65057.56,exit_signal,2,0.00022508214575855945,-0.0007746430737772814,False
Scalp,2026-08-08 22:56:00+00:00,2026-08-08 23:17:00+00:00,64958.8,64956.9,exit_signal,21,-2.9249308792667073e-05,-0.0010287203239761622,False
Scalp,2026-08-08 23:31:00+00:00,2026-08-08 23:35:00+00:00,64938.0,64948.29,exit_signal,4,0.0001584588376606355,-0.0008411997918621461,False
Scalp,2026-08-08 23:49:00+00:00,2026-08-08 23:50:00+00:00,64970.71,64974.76,exit_signal,1,6.233578176995103e-05,-0.0009372267727344452,False
Scalp,2026-08-09 00:46:00+00:00,2026-08-09 00:55:00+00:00,64977.1,64970.22,exit_signal,9,-0.00010588345740270011,-0.001105277876735422,False
Scalp,2026-08-09 01:28:00+00:00,2026-08-09 01:34:00+00:00,64886.0,64881.54,exit_signal,6,-6.873593687384272e-05,-0.0010681674851628076,False
Scalp,2026-08-09 01:43:00+00:00,2026-08-09 01:45:00+00:00,64880.0,64889.68,exit_signal,2,0.0001491985203452284,-0.0008504508534880051,False
Scalp,2026-08-09 02:19:00+00:00,2026-08-09 02:25:00+00:00,64840.69,64843.39,exit_signal,6,4.1640519248042906e-05,-0.0009579013503364653,False
Scalp,2026-08-09 02:32:00+00:00,2026-08-09 02:35:00+00:00,64827.34,64845.23,exit_signal,3,0.0002759638140328313,-0.0007238122617431175,False
Scalp,2026-08-09 03:16:00+00:00,2026-08-09 03:20:00+00:00,64730.09,64749.78,exit_signal,4,0.00030418619841254824,-0.0006956180856437788,False
Scalp,2026-08-09 04:37:00+00:00,2026-08-09 04:41:00+00:00,64813.5,64813.5,exit_signal,4,0.0,-0.0009995002498749406,False
Scalp,2026-08-09 04:55:00+00:00,2026-08-09 04:56:00+00:00,64785.01,64785.01,exit_signal,1,0.0,-0.0009995002498749406,False
Scalp,2026-08-09 05:22:00+00:00,2026-08-09 05:25:00+00:00,64786.01,64786.0,exit_signal,3,-1.5435431199861682e-07,-0.0009996544499097926,False
Scalp,2026-08-09 05:50:00+00:00,2026-08-09 05:52:00+00:00,64777.01,64780.0,exit_signal,2,4.6158351550973364e-05,-0.0009533880336080047,False
Scalp,2026-08-09 06:52:00+00:00,2026-08-09 07:04:00+00:00,64860.44,64860.0,exit_signal,12,-6.783796101306194e-06,-0.0010062772655703434,False
Scalp,2026-08-09 07:39:00+00:00,2026-08-09 07:40:00+00:00,64835.02,64835.01,exit_signal,1,-1.5423763255473233e-07,-0.0009996543333470331,False
Scalp,2026-08-09 07:48:00+00:00,2026-08-09 07:51:00+00:00,64830.01,64830.01,exit_signal,3,0.0,-0.0009995002498749406,False
Scalp,2026-08-09 07:58:00+00:00,2026-08-09 08:01:00+00:00,64826.15,64834.0,exit_signal,3,0.00012109310825958453,-0.0008785281742073048,False
Scalp,2026-08-09 08:26:00+00:00,2026-08-09 08:33:00+00:00,64903.59,64893.83,exit_signal,7,-0.00015037688978369879,-0.0011497268379195846,False
Scalp,2026-08-09 08:42:00+00:00,2026-08-09 08:49:00+00:00,64828.81,64816.0,exit_signal,7,-0.00019759733365454224,-0.0011969000849451072,False
Scalp,2026-08-09 10:28:00+00:00,2026-08-09 10:30:00+00:00,64947.55,64970.37,exit_signal,2,0.0003513604439273621,-0.000648490990799111,False
Scalp,2026-08-09 10:36:00+00:00,2026-08-09 10:38:00+00:00,64944.01,64944.0,exit_signal,2,-1.5397878883049998e-07,-0.0009996540747618798,False
Scalp,2026-08-09 10:59:00+00:00,2026-08-09 11:05:00+00:00,64969.76,64965.0,exit_signal,6,-7.3264854295374e-05,-0.0010726918759301762,False
Scalp,2026-08-09 11:52:00+00:00,2026-08-09 12:09:00+00:00,64975.95,64919.93,exit_signal,17,-0.0008621651549534093,-0.001860803670540534,False
Scalp,2026-08-09 12:22:00+00:00,2026-08-09 12:25:00+00:00,64938.3,64941.99,exit_signal,3,5.682316906963081e-05,-0.0009427338755769732,False
Scalp,2026-08-09 13:25:00+00:00,2026-08-09 13:26:00+00:00,65039.06,65051.91,exit_signal,1,0.00019757358116812007,-0.000802124143550631,False
Scalp,2026-08-09 14:04:00+00:00,2026-08-09 14:06:00+00:00,65202.88,65221.99,exit_signal,2,0.0002930852134139794,-0.000706707975205112,False
Scalp,2026-08-09 14:14:00+00:00,2026-08-09 14:15:00+00:00,65225.86,65237.8,exit_signal,1,0.00018305622953840306,-0.0008166269850836683,False
Scalp,2026-08-09 14:21:00+00:00,2026-08-09 14:29:00+00:00,65201.98,65185.0,exit_signal,8,-0.00026042153934591195,-0.0012596614978273024,False
Scalp,2026-08-09 16:28:00+00:00,2026-08-09 16:30:00+00:00,65188.9,65195.71,exit_signal,2,0.00010446563755484028,-0.0008951390257510017,False
Scalp,2026-08-09 17:54:00+00:00,2026-08-09 18:02:00+00:00,65200.89,65200.89,exit_signal,8,0.0,-0.0009995002498749406,False
Scalp,2026-08-09 18:17:00+00:00,2026-08-09 18:20:00+00:00,65192.0,65197.96,exit_signal,3,9.142226040004253e-05,-0.0009081693660469847,False
Scalp,2026-08-09 19:01:00+00:00,2026-08-09 19:02:00+00:00,65199.68,65199.68,exit_signal,1,0.0,-0.0009995002498749406,False
Scalp,2026-08-09 19:10:00+00:00,2026-08-09 19:15:00+00:00,65199.23,65199.98,exit_signal,5,1.150320333542787e-05,-0.0009880085439941677,False
Scalp,2026-08-09 19:34:00+00:00,2026-08-09 19:51:00+00:00,65201.46,65193.58,exit_signal,17,-0.00012085618941659604,-0.001120235643500056,False
Scalp,2026-08-09 21:51:00+00:00,2026-08-09 21:56:00+00:00,65192.0,65197.99,exit_signal,5,9.188243956304021e-05,-0.0009077096468330659,False
Scalp,2026-08-09 22:26:00+00:00,2026-08-09 22:30:00+00:00,65236.49,65230.62,exit_signal,4,-8.998031623097535e-05,-0.0010893906307573031,False
Scalp,2026-08-09 22:34:00+00:00,2026-08-09 22:44:00+00:00,65098.01,65029.7,exit_signal,10,-0.0010493408323849485,-0.002047792265835735,False
Scalp,2026-08-09 23:35:00+00:00,2026-08-09 23:36:00+00:00,64868.78,64891.49,exit_signal,1,0.0003500913690683838,-0.0006497587972174035,False
Scalp,2026-08-09 23:41:00+00:00,2026-08-09 23:44:00+00:00,64889.17,64913.83,exit_signal,3,0.0003800326002012522,-0.0006198474923525543,False
Scalp,2026-08-10 00:22:00+00:00,2026-08-10 00:32:00+00:00,65040.01,65033.74,exit_signal,10,-9.640219920026283e-05,-0.001095806095053109,False
Scalp,2026-08-10 01:57:00+00:00,2026-08-10 02:07:00+00:00,65194.92,65138.3,exit_signal,10,-0.0008684725742434951,-0.0018671047855634004,False
Scalp,2026-08-10 06:11:00+00:00,2026-08-10 06:13:00+00:00,65180.58,65206.49,exit_signal,2,0.00039751103779672725,-0.0006023865244597637,False
Scalp,2026-08-10 06:29:00+00:00,2026-08-10 06:31:00+00:00,65161.85,65172.76,exit_signal,2,0.00016742925500135009,-0.0008322383404558709,False
Scalp,2026-08-10 07:18:00+00:00,2026-08-10 07:19:00+00:00,65240.45,65258.0,exit_signal,1,0.00026900488883807583,-0.0007307642314903218,False
Scalp,2026-08-10 07:42:00+00:00,2026-08-10 08:00:00+00:00,65336.34,65202.72,exit_signal,18,-0.0020451099648373106,-0.003042566126791324,False
Scalp,2026-08-10 09:39:00+00:00,2026-08-10 09:56:00+00:00,65082.13,64992.0,exit_signal,17,-0.0013848655537241905,-0.002382981630132175,False
Scalp,2026-08-10 12:15:00+00:00,2026-08-10 12:22:00+00:00,65126.01,65104.0,exit_signal,7,-0.00033796020975340735,-0.0013371226683142057,False
Scalp,2026-08-10 12:40:00+00:00,2026-08-10 12:43:00+00:00,64924.54,64974.05,exit_signal,3,0.0007625776016280117,-0.0002376848447502855,False
Scalp,2026-08-10 12:54:00+00:00,2026-08-10 13:02:00+00:00,64919.32,64896.02,exit_signal,8,-0.0003589070249041537,-0.0013580485471179626,False
Scalp,2026-08-10 13:43:00+00:00,2026-08-10 13:46:00+00:00,64668.57,64663.99,exit_signal,3,-7.082265774549512e-05,-0.0010702521203562743,False
Scalp,2026-08-10 13:55:00+00:00,2026-08-10 13:58:00+00:00,64547.22,64583.6,exit_signal,3,0.0005636183866633004,-0.0004364451999300245,False
Scalp,2026-08-10 15:27:00+00:00,2026-08-10 15:30:00+00:00,64342.77,64396.0,exit_signal,3,0.0008272879765667263,-0.00017303914784738694,False
Scalp,2026-08-10 15:50:00+00:00,2026-08-10 15:53:00+00:00,64234.52,64308.45,exit_signal,3,0.0011509387787127512,0.00015028816524087496,False
Scalp,2026-08-10 16:13:00+00:00,2026-08-10 16:25:00+00:00,64226.33,64113.96,exit_signal,12,-0.0017495939749321288,-0.002747345505191845,False
Scalp,2026-08-10 16:45:00+00:00,2026-08-10 16:52:00+00:00,63966.0,63945.02,exit_signal,7,-0.0003279867429571981,-0.0013271591700007024,False
Scalp,2026-08-10 16:57:00+00:00,2026-08-10 16:59:00+00:00,63851.99,63892.42,exit_signal,2,0.0006331830848185227,-0.0003669500317079466,False
Scalp,2026-08-10 19:39:00+00:00,2026-08-10 19:43:00+00:00,63968.41,63987.54,exit_signal,4,0.00029905386111672705,-0.0007007452931671043,False
Scalp,2026-08-10 21:44:00+00:00,2026-08-10 21:56:00+00:00,64040.01,64000.0,exit_signal,12,-0.0006247656738342933,-0.0016236414702621715,False
Scalp,2026-08-11 00:03:00+00:00,2026-08-11 00:09:00+00:00,63928.0,63933.66,exit_signal,6,8.853710424228112e-05,-0.0009110516384904788,False
Scalp,2026-08-11 03:31:00+00:00,2026-08-11 03:36:00+00:00,64133.58,64134.33,exit_signal,5,1.1694341716106393e-05,-0.0009878175966562264,False
Scalp,2026-08-11 03:46:00+00:00,2026-08-11 03:50:00+00:00,64129.92,64140.93,exit_signal,4,0.00017168273404988277,-0.0008279891127606076,False
Scalp,2026-08-11 04:50:00+00:00,2026-08-11 05:04:00+00:00,64080.25,64034.97,exit_signal,14,-0.0007066139723237441,-0.0017054079613568751,False
Scalp,2026-08-11 05:24:00+00:00,2026-08-11 05:27:00+00:00,63970.0,63970.0,exit_signal,3,0.0,-0.0009995002498748295,False
Scalp,2026-08-11 06:02:00+00:00,2026-08-11 06:05:00+00:00,63998.33,63999.26,exit_signal,3,1.4531629184633132e-05,-0.0009849831450572388,False
Scalp,2026-08-11 06:29:00+00:00,2026-08-11 06:39:00+00:00,63944.54,63926.0,exit_signal,10,-0.0002899387500481243,-0.0012891492060699283,False
Scalp,2026-08-11 06:55:00+00:00,2026-08-11 06:57:00+00:00,63863.71,63940.01,exit_signal,2,0.0011947317185301287,0.00019403733400391587,False
Scalp,2026-08-11 07:56:00+00:00,2026-08-11 08:00:00+00:00,64052.85,64066.0,exit_signal,4,0.0002052992177552504,-0.000794406228739053,False
Scalp,2026-08-11 08:11:00+00:00,2026-08-11 08:18:00+00:00,64069.92,64054.1,exit_signal,7,-0.00024691774236651476,-0.001246171197896273,False
Scalp,2026-08-11 09:12:00+00:00,2026-08-11 09:15:00+00:00,64125.38,64129.98,exit_signal,3,7.17344676943732e-05,-0.0009278374807989431,False
Scalp,2026-08-11 10:10:00+00:00,2026-08-11 10:21:00+00:00,64284.01,64232.05,exit_signal,11,-0.0008082880952821059,-0.0018069804610038043,False
Scalp,2026-08-11 12:20:00+00:00,2026-08-11 12:29:00+00:00,64394.55,64320.0,exit_signal,9,-0.0011577066692756155,-0.0021560497910453336,False
Scalp,2026-08-11 12:58:00+00:00,2026-08-11 13:07:00+00:00,64330.6,64315.56,exit_signal,9,-0.00023379231656472932,-0.0012330588909608142,False
Scalp,2026-08-11 13:20:00+00:00,2026-08-11 13:32:00+00:00,64262.0,64147.72,exit_signal,12,-0.0017783449005632779,-0.002776067694265749,False
Scalp,2026-08-11 14:40:00+00:00,2026-08-11 14:43:00+00:00,63942.94,63970.0,exit_signal,3,0.00042318980015609853,-0.0005767334280297742,False
Scalp,2026-08-11 14:52:00+00:00,2026-08-11 15:00:00+00:00,63857.99,63770.03,exit_signal,8,-0.0013774313911226743,-0.002375554897978027,False
Scalp,2026-08-11 15:41:00+00:00,2026-08-11 15:44:00+00:00,63526.0,63542.35,exit_signal,3,0.00025737493309829773,-0.0007423825630866743,False
Scalp,2026-08-11 18:42:00+00:00,2026-08-11 18:46:00+00:00,63284.46,63315.18,exit_signal,4,0.00048542722810629435,-0.0005145582064044474,False
Scalp,2026-08-11 19:10:00+00:00,2026-08-11 19:14:00+00:00,63268.5,63276.28,exit_signal,4,0.0001229679856484811,-0.0008766551707588555,False
Scalp,2026-08-11 20:15:00+00:00,2026-08-11 20:28:00+00:00,63673.27,63644.14,exit_signal,13,-0.0004574918172098874,-0.0014565348038992898,False
Scalp,2026-08-11 23:05:00+00:00,2026-08-11 23:11:00+00:00,63584.3,63592.0,exit_signal,6,0.00012109907634427763,-0.000878522212087729,False
Scalp,2026-08-11 23:18:00+00:00,2026-08-11 23:21:00+00:00,63570.82,63569.31,exit_signal,3,-2.3753036377360814e-05,-0.0010232295450866014,False
Scalp,2026-08-11 23:55:00+00:00,2026-08-12 00:04:00+00:00,63619.99,63589.48,exit_signal,9,-0.0004795662495388209,-0.0014785871728274502,False
Scalp,2026-08-12 01:57:00+00:00,2026-08-12 02:02:00+00:00,63816.0,63841.69,exit_signal,5,0.00040256362040880234,-0.000597338991905394,False
Scalp,2026-08-12 03:46:00+00:00,2026-08-12 03:50:00+00:00,63808.01,63812.36,exit_signal,4,6.817325912522598e-05,-0.0009313951299392276,False
Scalp,2026-08-12 06:13:00+00:00,2026-08-12 06:18:00+00:00,63731.2,63753.84,exit_signal,5,0.00035524201646919273,-0.0006446132978900065,False
Scalp,2026-08-12 07:15:00+00:00,2026-08-12 07:26:00+00:00,63760.57,63729.25,exit_signal,11,-0.0004912126726596133,-0.0014902219553455387,False
Scalp,2026-08-12 08:12:00+00:00,2026-08-12 08:17:00+00:00,63812.92,63812.0,exit_signal,5,-1.4417143111455921e-05,-0.0010139029830482649,False
Scalp,2026-08-12 09:54:00+00:00,2026-08-12 09:57:00+00:00,64053.65,64083.46,exit_signal,3,0.0004653911213490236,-0.0005345742870679349,False
Scalp,2026-08-12 10:19:00+00:00,2026-08-12 10:21:00+00:00,64070.04,64103.34,exit_signal,2,0.0005197437054822451,-0.00048027602835609695,False
Scalp,2026-08-12 21:07:00+00:00,2026-08-12 21:11:00+00:00,63574.03,63586.0,exit_signal,4,0.00018828442997875783,-0.0008114040102310538,False
Scalp,2026-08-13 00:34:00+00:00,2026-08-13 00:37:00+00:00,63570.77,63595.4,exit_signal,3,0.00038744221597442063,-0.0006124452824921578,False
Scalp,2026-08-13 01:27:00+00:00,2026-08-13 01:31:00+00:00,63439.93,63438.0,exit_signal,4,-3.0422479974312466e-05,-0.0010298923225730006,False
Scalp,2026-08-13 03:30:00+00:00,2026-08-13 03:33:00+00:00,63570.0,63596.22,exit_signal,3,0.0004124587069371799,-0.0005874537955183889,False
Scalp,2026-08-13 03:59:00+00:00,2026-08-13 04:03:00+00:00,63651.99,63652.0,exit_signal,4,1.571042791415067e-07,-0.0009993433026216358,False
Scalp,2026-08-13 05:02:00+00:00,2026-08-13 05:04:00+00:00,63681.99,63727.85,exit_signal,2,0.0007201408121826347,-0.00028007921861417095,False
Scalp,2026-08-13 07:06:00+00:00,2026-08-13 07:07:00+00:00,63880.61,63895.28,exit_signal,1,0.00022964714958106924,-0.0007700826326773047,False
Scalp,2026-08-13 08:16:00+00:00,2026-08-13 08:23:00+00:00,63827.76,63818.29,exit_signal,7,-0.00014836804550244498,-0.0011477200014790023,False
Scalp,2026-08-13 08:27:00+00:00,2026-08-13 08:32:00+00:00,63801.89,63797.39,exit_signal,5,-7.053082596764071e-05,-0.0010699605802644285,False
Scalp,2026-08-13 08:36:00+00:00,2026-08-13 08:38:00+00:00,63781.02,63790.09,exit_signal,2,0.00014220531437092454,-0.0008574370697512768,False
Scalp,2026-08-13 08:55:00+00:00,2026-08-13 08:59:00+00:00,63742.01,63760.0,exit_signal,4,0.00028223145143990713,-0.0007175508888412896,False
Scalp,2026-08-13 09:05:00+00:00,2026-08-13 09:18:00+00:00,63724.87,63638.13,exit_signal,13,-0.0013611640164978844,-0.0023593037825981877,False
Scalp,2026-08-13 09:30:00+00:00,2026-08-13 09:32:00+00:00,63657.72,63693.54,exit_signal,2,0.000562696873215085,-0.0004373657923252283,False
Scalp,2026-08-13 10:05:00+00:00,2026-08-13 10:07:00+00:00,63693.56,63735.31,exit_signal,2,0.0006554822810971306,-0.00034467312348152035,False
Scalp,2026-08-13 10:11:00+00:00,2026-08-13 10:17:00+00:00,63644.37,63636.0,exit_signal,6,-0.00013151202533712159,-0.001130880828909886,False
Scalp,2026-08-13 11:28:00+00:00,2026-08-13 11:38:00+00:00,63465.71,63442.0,exit_signal,10,-0.0003735875640562547,-0.0013727144130675217,False
Scalp,2026-08-13 12:33:00+00:00,2026-08-13 12:35:00+00:00,63500.0,63624.92,exit_signal,2,0.0019672440944882297,0.00096577758364913,False
Scalp,2026-08-13 14:48:00+00:00,2026-08-13 14:52:00+00:00,63920.01,63927.45,exit_signal,4,0.00011639547615827084,-0.0008832211110240129,False
Scalp,2026-08-13 15:30:00+00:00,2026-08-13 15:34:00+00:00,63627.15,63677.5,exit_signal,4,0.0007913288588283773,-0.00020896232443878837,False
Scalp,2026-08-13 16:43:00+00:00,2026-08-13 16:47:00+00:00,62881.44,63020.54,exit_signal,4,0.002212099468460016,0.0012103882246135012,False
Scalp,2026-08-13 16:56:00+00:00,2026-08-13 17:00:00+00:00,63076.68,63160.13,exit_signal,4,0.0013229929032410048,0.0003221703216285121,False
Scalp,2026-08-13 19:15:00+00:00,2026-08-13 19:18:00+00:00,63406.17,63424.0,exit_signal,3,0.00028120291763400473,-0.0007185783946273006,False
Scalp,2026-08-13 22:20:00+00:00,2026-08-13 22:23:00+00:00,63593.38,63630.0,exit_signal,3,0.0005758461022200567,-0.00042422970597788545,False
Scalp,2026-08-13 22:33:00+00:00,2026-08-13 22:53:00+00:00,63581.82,63549.52,exit_signal,20,-0.00050800684849861,-0.0015069993454014385,False
Scalp,2026-08-14 02:29:00+00:00,2026-08-14 02:31:00+00:00,63481.67,63509.57,exit_signal,2,0.0004394969445511432,-0.0005604425826297721,False
Scalp,2026-08-14 03:38:00+00:00,2026-08-14 03:43:00+00:00,63386.45,63382.0,exit_signal,5,-7.020427867465706e-05,-0.0010696343593555868,False
Scalp,2026-08-14 03:51:00+00:00,2026-08-14 03:56:00+00:00,63341.47,63340.54,exit_signal,5,-1.468232423407212e-05,-0.0010141678991222314,False
Scalp,2026-08-14 04:00:00+00:00,2026-08-14 04:03:00+00:00,63310.0,63341.99,exit_signal,3,0.000505291423155807,-0.0004947138656227201,False
Scalp,2026-08-14 06:29:00+00:00,2026-08-14 06:31:00+00:00,63190.0,63212.65,exit_signal,2,0.0003584427915810373,-0.000641415721953642,False
Scalp,2026-08-14 06:59:00+00:00,2026-08-14 07:03:00+00:00,62966.0,63028.0,exit_signal,4,0.000984658387066073,-1.5826029112764317e-05,False
Scalp,2026-08-14 07:49:00+00:00,2026-08-14 07:56:00+00:00,62991.2,62986.1,exit_signal,7,-8.096369016619143e-05,-0.0010803830168125694,False
Scalp,2026-08-14 08:01:00+00:00,2026-08-14 08:04:00+00:00,62931.28,62945.36,exit_signal,3,0.00022373611342407784,-0.0007759877607521615,False
Scalp,2026-08-14 08:26:00+00:00,2026-08-14 08:30:00+00:00,62778.96,62781.17,exit_signal,4,3.520287688729695e-05,-0.0009643325582717743,False
Scalp,2026-08-14 08:34:00+00:00,2026-08-14 08:35:00+00:00,62712.33,62799.99,exit_signal,1,0.0013978112438175483,0.00039691388125495664,False
Scalp,2026-08-14 09:41:00+00:00,2026-08-14 09:45:00+00:00,62757.03,62763.78,exit_signal,4,0.00010755767122816451,-0.0008920500825659872,False
Scalp,2026-08-14 16:01:00+00:00,2026-08-14 16:03:00+00:00,62997.65,63026.57,exit_signal,2,0.00045906474289125754,-0.0005408943423089729,False
Scalp,2026-08-14 16:48:00+00:00,2026-08-14 16:58:00+00:00,63157.55,63146.79,exit_signal,10,-0.0001703675965898377,-0.0011696975640094198,False
Scalp,2026-08-14 17:53:00+00:00,2026-08-14 18:03:00+00:00,63080.97,63014.37,exit_signal,10,-0.0010557859208569775,-0.002054230912440169,False
Scalp,2026-08-14 18:35:00+00:00,2026-08-14 18:39:00+00:00,62956.2,63004.5,exit_signal,4,0.0007672000533704981,-0.00023306701314951273,False
Scalp,2026-08-14 18:49:00+00:00,2026-08-14 18:53:00+00:00,62894.85,62931.08,exit_signal,4,0.0005760408046129317,-0.0004240351981903423,False
Scalp,2026-08-14 19:06:00+00:00,2026-08-14 19:09:00+00:00,62882.0,62879.84,exit_signal,3,-3.4350052479314996e-05,-0.001033815969468277,False
Scalp,2026-08-14 19:19:00+00:00,2026-08-14 19:22:00+00:00,62853.99,62866.46,exit_signal,3,0.0001983963150151702,-0.0008013022320261243,False
Scalp,2026-08-14 22:19:00+00:00,2026-08-14 22:20:00+00:00,62815.15,62834.48,exit_signal,1,0.0003077283107657536,-0.000692079513632593,False
Scalp,2026-08-14 22:51:00+00:00,2026-08-14 22:54:00+00:00,62880.35,62885.85,exit_signal,3,8.746770652523495e-05,-0.0009121199673443048,False
Scalp,2026-08-14 23:22:00+00:00,2026-08-14 23:23:00+00:00,62872.01,62900.45,exit_signal,1,0.0004523475549771394,-0.0005476048163920444,False
Scalp,2026-08-15 03:13:00+00:00,2026-08-15 03:14:00+00:00,63135.01,63154.99,exit_signal,1,0.0003164646683353478,-0.0006833518880547951,False
Scalp,2026-08-15 03:22:00+00:00,2026-08-15 03:32:00+00:00,63110.01,63091.75,exit_signal,10,-0.0002893360340142648,-0.0012885470924509645,False
Scalp,2026-08-15 03:37:00+00:00,2026-08-15 03:43:00+00:00,63072.76,63064.35,exit_signal,6,-0.00013333806860527098,-0.0011327050470473221,False
Scalp,2026-08-15 04:10:00+00:00,2026-08-15 04:13:00+00:00,63070.61,63080.26,exit_signal,3,0.0001530031182510605,-0.000846650058278664,False
Scalp,2026-08-15 04:57:00+00:00,2026-08-15 05:01:00+00:00,63122.0,63122.01,exit_signal,4,1.5842337064420065e-07,-0.000999341984848412,False
Scalp,2026-08-15 05:23:00+00:00,2026-08-15 05:34:00+00:00,63136.21,63123.54,exit_signal,11,-0.00020067723418937256,-0.001199976907118594,False
Scalp,2026-08-15 05:40:00+00:00,2026-08-15 05:45:00+00:00,63066.01,63075.07,exit_signal,5,0.00014365900110058227,-0.0008559848359819267,False
Scalp,2026-08-15 08:37:00+00:00,2026-08-15 08:46:00+00:00,63034.01,63027.35,exit_signal,9,-0.0001056572475716111,-0.001105051893001141,False
Scalp,2026-08-15 08:59:00+00:00,2026-08-15 09:08:00+00:00,62960.0,62949.11,exit_signal,9,-0.00017296696315116655,-0.0011722943325032098,False
Scalp,2026-08-15 10:06:00+00:00,2026-08-15 10:08:00+00:00,63002.13,63002.13,exit_signal,2,0.0,-0.0009995002498749406,False
Scalp,2026-08-15 10:58:00+00:00,2026-08-15 11:00:00+00:00,63029.59,63046.1,exit_signal,2,0.00026194046320160425,-0.0007378215962318135,False
Scalp,2026-08-15 11:05:00+00:00,2026-08-15 11:06:00+00:00,63029.99,63029.99,exit_signal,1,0.0,-0.0009995002498749406,False
Scalp,2026-08-15 11:24:00+00:00,2026-08-15 11:29:00+00:00,63030.01,63032.54,exit_signal,5,4.0139609687406264e-05,-0.0009594007597374388,False
Scalp,2026-08-15 11:38:00+00:00,2026-08-15 11:39:00+00:00,63035.01,63035.01,exit_signal,1,0.0,-0.0009995002498749406,False
Scalp,2026-08-15 11:49:00+00:00,2026-08-15 11:53:00+00:00,63002.04,63019.41,exit_signal,4,0.000275705358112166,-0.0007240704593369784,False
Scalp,2026-08-15 12:16:00+00:00,2026-08-15 12:20:00+00:00,62984.74,62987.25,exit_signal,4,3.9850922620265905e-05,-0.0009596891582617229,False
Scalp,2026-08-15 12:37:00+00:00,2026-08-15 12:51:00+00:00,62985.0,62953.52,exit_signal,14,-0.0004998015400492495,-0.001498802238160013,False
Scalp,2026-08-15 13:24:00+00:00,2026-08-15 13:27:00+00:00,63036.26,63043.26,exit_signal,3,0.00011104719727983436,-0.0008885640442966025,False
Scalp,2026-08-15 15:47:00+00:00,2026-08-15 16:11:00+00:00,63115.14,63098.29,exit_signal,24,-0.0002669723936284951,-0.0012662058045292968,False
Scalp,2026-08-15 17:25:00+00:00,2026-08-15 17:27:00+00:00,63066.22,63071.29,exit_signal,2,8.03916898777235e-05,-0.0009191889115113261,False
Scalp,2026-08-15 18:20:00+00:00,2026-08-15 18:24:00+00:00,63052.01,63061.27,exit_signal,4,0.00014686288351462018,-0.0008527841558491067,False
Scalp,2026-08-15 18:32:00+00:00,2026-08-15 18:35:00+00:00,63050.06,63050.05,exit_signal,3,-1.5860413127288808e-07,-0.0009996586954813536,False
Scalp,2026-08-15 18:51:00+00:00,2026-08-15 18:55:00+00:00,63045.96,63052.22,exit_signal,4,9.929264301788976e-05,-0.0009003068498785183,False
Scalp,2026-08-15 19:34:00+00:00,2026-08-15 19:35:00+00:00,63101.32,63101.31,exit_signal,1,-1.5847529022394724e-07,-0.0009996585667690905,False
Scalp,2026-08-15 20:12:00+00:00,2026-08-15 20:16:00+00:00,63078.63,63078.63,exit_signal,4,0.0,-0.0009995002498749406,False
Scalp,2026-08-15 22:04:00+00:00,2026-08-15 22:24:00+00:00,63155.73,63142.31,exit_signal,20,-0.00021249061644934564,-0.0012117784819001276,False
Scalp,2026-08-15 22:55:00+00:00,2026-08-15 23:04:00+00:00,63135.52,63135.53,exit_signal,9,1.5838944555923717e-07,-0.0009993420187398572,False
Scalp,2026-08-15 23:27:00+00:00,2026-08-15 23:41:00+00:00,63112.01,63100.01,exit_signal,14,-0.00019013813694102044,-0.0011894483437006054,False
Scalp,2026-08-15 23:59:00+00:00,2026-08-16 00:00:00+00:00,63086.01,63086.01,exit_signal,1,0.0,-0.0009995002498750516,False
Scalp,2026-08-16 00:05:00+00:00,2026-08-16 00:07:00+00:00,63072.53,63072.52,exit_signal,2,-1.585476276932951e-07,-0.0009996586390341733,False
Scalp,2026-08-16 00:37:00+00:00,2026-08-16 00:38:00+00:00,63062.87,63070.0,exit_signal,1,0.0001130617747018281,-0.0008865514804451413,False
Scalp,2026-08-16 00:54:00+00:00,2026-08-16 00:55:00+00:00,63073.02,63073.02,exit_signal,1,0.0,-0.0009995002498750516,False
Scalp,2026-08-16 01:41:00+00:00,2026-08-16 01:44:00+00:00,63023.01,63052.73,exit_signal,3,0.000471573795031377,-0.0005283977929695372,False
Scalp,2026-08-16 02:18:00+00:00,2026-08-16 02:20:00+00:00,63024.23,63043.16,exit_signal,2,0.0003003606708087414,-0.0006994397896317173,False
Scalp,2026-08-16 02:55:00+00:00,2026-08-16 02:57:00+00:00,63121.92,63121.92,exit_signal,2,0.0,-0.0009995002498749406,False
Scalp,2026-08-16 03:57:00+00:00,2026-08-16 04:00:00+00:00,63120.94,63130.01,exit_signal,3,0.0001436924101574366,-0.0008559514603174723,False
Scalp,2026-08-16 04:35:00+00:00,2026-08-16 04:42:00+00:00,63125.0,63124.43,exit_signal,7,-9.029702970342335e-06,-0.00100852092765491,False
Scalp,2026-08-16 04:46:00+00:00,2026-08-16 04:47:00+00:00,63118.53,63123.2,exit_signal,1,7.398778140110807e-05,-0.0009255864192797558,False
Scalp,2026-08-16 05:00:00+00:00,2026-08-16 05:05:00+00:00,63090.0,63093.99,exit_signal,5,6.324298621018798e-05,-0.0009363204750453269,False
Scalp,2026-08-16 05:21:00+00:00,2026-08-16 05:25:00+00:00,63070.01,63070.0,exit_signal,4,-1.5855396251485132e-07,-0.0009996586453627776,False
Scalp,2026-08-16 05:45:00+00:00,2026-08-16 05:49:00+00:00,63053.27,63053.27,exit_signal,4,0.0,-0.0009995002498749406,False
Scalp,2026-08-16 05:53:00+00:00,2026-08-16 05:54:00+00:00,63047.14,63058.0,exit_signal,1,0.00017225206409055005,-0.0008274203517655287,False
Scalp,2026-08-16 06:17:00+00:00,2026-08-16 06:20:00+00:00,63045.35,63057.37,exit_signal,3,0.00019065640844262433,-0.0008090344025603047,False
Scalp,2026-08-16 07:16:00+00:00,2026-08-16 07:19:00+00:00,63054.35,63054.34,exit_signal,3,-1.5859334057122254e-07,-0.00099965868470131,False
Scalp,2026-08-16 08:35:00+00:00,2026-08-16 08:37:00+00:00,63072.43,63072.43,exit_signal,2,0.0,-0.0009995002498750516,False
Scalp,2026-08-16 09:44:00+00:00,2026-08-16 09:49:00+00:00,63002.21,62998.0,exit_signal,5,-6.682305271510369e-05,-0.0010662565129321289,False
Scalp,2026-08-16 09:59:00+00:00,2026-08-16 10:09:00+00:00,62992.68,62978.0,exit_signal,10,-0.0002330429503872855,-0.001232310273775017,False
Scalp,2026-08-16 11:24:00+00:00,2026-08-16 11:33:00+00:00,62992.1,62982.01,exit_signal,9,-0.0001601788160736639,-0.0011595189671819162,False
Scalp,2026-08-16 11:50:00+00:00,2026-08-16 11:54:00+00:00,62983.98,62988.49,exit_signal,4,7.160550984552927e-05,-0.0009279663097544466,False
Scalp,2026-08-16 12:34:00+00:00,2026-08-16 12:37:00+00:00,63004.95,63005.97,exit_signal,3,1.6189204181671357e-05,-0.0009833272268069404,False
Scalp,2026-08-16 12:47:00+00:00,2026-08-16 12:49:00+00:00,62998.11,62999.23,exit_signal,2,1.7778311127258917e-05,-0.0009817397081740564,False
Scalp,2026-08-16 13:27:00+00:00,2026-08-16 13:30:00+00:00,63061.28,63063.0,exit_signal,3,2.727505689703591e-05,-0.0009722524544041322,False
Scalp,2026-08-16 15:19:00+00:00,2026-08-16 15:20:00+00:00,63110.25,63110.26,exit_signal,1,1.5845286616134047e-07,-0.0009993419553824268,False
Scalp,2026-08-16 15:46:00+00:00,2026-08-16 15:48:00+00:00,63120.0,63133.51,exit_signal,2,0.00021403675538667066,-0.00078567742427893,False
Scalp,2026-08-16 16:43:00+00:00,2026-08-16 16:52:00+00:00,63296.58,63210.0,exit_signal,9,-0.0013678464144508684,-0.0023659795014927543,False
Scalp,2026-08-16 17:29:00+00:00,2026-08-16 17:33:00+00:00,63188.05,63189.99,exit_signal,4,3.070200773724885e-05,-0.0009688289288023455,False
Scalp,2026-08-16 17:46:00+00:00,2026-08-16 17:49:00+00:00,63132.0,63150.0,exit_signal,3,0.0002851168979280949,-0.0007146683263575815,False
Scalp,2026-08-16 18:01:00+00:00,2026-08-16 18:03:00+00:00,63159.3,63156.69,exit_signal,2,-4.1324080539251185e-05,-0.0010407830269854035,False
Scalp,2026-08-16 18:46:00+00:00,2026-08-16 18:52:00+00:00,63145.15,63145.14,exit_signal,6,-1.583652902148458e-07,-0.0009996584568789935,False
Scalp,2026-08-16 18:58:00+00:00,2026-08-16 19:03:00+00:00,63140.05,63143.99,exit_signal,5,6.240096420562224e-05,-0.0009371616554485485,False
Scalp,2026-08-16 19:25:00+00:00,2026-08-16 19:27:00+00:00,63188.0,63210.0,exit_signal,2,0.00034816737355192195,-0.000651680869699911,False
Scalp,2026-08-16 19:46:00+00:00,2026-08-16 20:03:00+00:00,63168.41,63110.83,exit_signal,17,-0.000911531570922941,-0.0019101207447649315,False
Scalp,2026-08-16 20:44:00+00:00,2026-08-16 20:47:00+00:00,63065.05,63064.04,exit_signal,3,-1.6015209692299415e-05,-0.0010154994523611238,False
Scalp,2026-08-16 21:24:00+00:00,2026-08-16 21:28:00+00:00,63054.01,63048.0,exit_signal,4,-9.531511160043582e-05,-0.00109472009399747,False
Scalp,2026-08-16 22:34:00+00:00,2026-08-16 22:42:00+00:00,62787.57,62755.66,exit_signal,8,-0.0005082216113794225,-0.0015072138936267354,False
Scalp,2026-08-17 01:13:00+00:00,2026-08-17 01:19:00+00:00,63068.28,63080.89,exit_signal,6,0.00019994203108120168,-0.0007997580609037103,False
Scalp,2026-08-17 03:06:00+00:00,2026-08-17 03:10:00+00:00,63382.97,63391.02,exit_signal,4,0.00012700572409274358,-0.0008726214680352395,False
Scalp,2026-08-17 04:00:00+00:00,2026-08-17 04:01:00+00:00,63429.21,63511.52,exit_signal,1,0.0012976671158286823,0.00029686984734733635,False
Scalp,2026-08-17 06:56:00+00:00,2026-08-17 06:59:00+00:00,63622.0,63666.0,exit_signal,3,0.0006915846719688368,-0.0003086068169585454,False
Scalp,2026-08-17 08:08:00+00:00,2026-08-17 08:19:00+00:00,63469.69,63450.6,exit_signal,11,-0.0003007734873134993,-0.0012999731140127535,False
Scalp,2026-08-17 08:23:00+00:00,2026-08-17 08:26:00+00:00,63415.0,63429.44,exit_signal,3,0.00022770637861713183,-0.0007720214638401446,False
Scalp,2026-08-17 08:44:00+00:00,2026-08-17 08:55:00+00:00,63379.42,63385.49,exit_signal,11,9.577241319025376e-05,-0.0009038235612355283,False
Scalp,2026-08-17 09:34:00+00:00,2026-08-17 09:48:00+00:00,63342.38,63313.0,exit_signal,14,-0.0004638284826051775,-0.0014628651357957434,False
Scalp,2026-08-17 11:10:00+00:00,2026-08-17 11:13:00+00:00,63654.71,63663.08,exit_signal,3,0.00013149066267059695,-0.0008681410121545996,False
Scalp,2026-08-17 13:46:00+00:00,2026-08-17 13:49:00+00:00,63664.37,63680.0,exit_signal,3,0.00024550623841879116,-0.0007542393950029647,False
Scalp,2026-08-17 15:20:00+00:00,2026-08-17 15:24:00+00:00,63814.4,63850.92,exit_signal,4,0.0005722846254136993,-0.0004277876230873723,False
Scalp,2026-08-17 17:27:00+00:00,2026-08-17 17:38:00+00:00,64275.89,64162.23,exit_signal,11,-0.001768314682223715,-0.002766047501131852,False
Scalp,2026-08-17 18:34:00+00:00,2026-08-17 18:37:00+00:00,64398.01,64470.53,exit_signal,3,0.0011261217543834245,0.00012549594553346033,False
Scalp,2026-08-17 19:58:00+00:00,2026-08-17 19:59:00+00:00,64295.22,64312.86,exit_signal,1,0.0002743594313854292,-0.000725415040809807,False
Scalp,2026-08-17 20:34:00+00:00,2026-08-17 20:37:00+00:00,64362.0,64379.29,exit_signal,3,0.0002686367732513961,-0.0007311319791456494,False
Scalp,2026-08-17 20:49:00+00:00,2026-08-17 20:54:00+00:00,64370.0,64382.01,exit_signal,5,0.0001865775982601292,-0.0008131091359708797,False
Scalp,2026-08-17 23:39:00+00:00,2026-08-17 23:48:00+00:00,64508.81,64499.16,exit_signal,9,-0.00014959197046104933,-0.0011489427031241561,False
Scalp,2026-08-18 01:50:00+00:00,2026-08-18 01:59:00+00:00,64228.6,64179.02,exit_signal,9,-0.0007719302615968315,-0.0017706589669824746,False
Scalp,2026-08-18 02:32:00+00:00,2026-08-18 02:35:00+00:00,64148.94,64152.82,exit_signal,3,6.048424182836243e-05,-0.0009390764620613723,False
Scalp,2026-08-18 02:47:00+00:00,2026-08-18 02:50:00+00:00,64110.92,64126.0,exit_signal,3,0.00023521733894948937,-0.0007645180107145322,False
Scalp,2026-08-18 03:14:00+00:00,2026-08-18 03:16:00+00:00,64088.67,64112.69,exit_signal,2,0.0003747932356843453,-0.0006250816201234244,False
Scalp,2026-08-18 04:41:00+00:00,2026-08-18 04:42:00+00:00,64212.12,64234.29,exit_signal,1,0.00034526192251549404,-0.0006545834167372977,False
Scalp,2026-08-18 06:50:00+00:00,2026-08-18 06:59:00+00:00,64326.98,64309.96,exit_signal,9,-0.0002645857150452846,-0.0012638215114320062,False
Scalp,2026-08-18 07:37:00+00:00,2026-08-18 07:39:00+00:00,64236.0,64263.99,exit_signal,2,0.0004357369699232727,-0.0005641987991619191,False
Scalp,2026-08-18 07:51:00+00:00,2026-08-18 07:58:00+00:00,64178.0,64175.99,exit_signal,7,-3.131914363185828e-05,-0.0010307880900148891,False
Scalp,2026-08-18 08:06:00+00:00,2026-08-18 08:12:00+00:00,64150.07,64126.35,exit_signal,6,-0.00036975797532257104,-0.0013688886520087928,False
Scalp,2026-08-18 08:45:00+00:00,2026-08-18 08:52:00+00:00,64286.82,64281.99,exit_signal,7,-7.513204106224247e-05,-0.0010745571964433376,False
Scalp,2026-08-18 09:27:00+00:00,2026-08-18 09:28:00+00:00,64160.0,64171.65,exit_signal,1,0.00018157730673329375,-0.000818104429705202,False
Scalp,2026-08-18 09:44:00+00:00,2026-08-18 09:47:00+00:00,64145.0,64156.55,exit_signal,3,0.0001800607997506365,-0.0008196194209386665,False
Scalp,2026-08-18 11:50:00+00:00,2026-08-18 11:58:00+00:00,64358.09,64350.0,exit_signal,8,-0.00012570292250746462,-0.0011250775322799722,False
Scalp,2026-08-18 12:12:00+00:00,2026-08-18 12:15:00+00:00,64287.62,64296.62,exit_signal,3,0.00013999584990087577,-0.0008596443258610531,False
Scalp,2026-08-18 12:40:00+00:00,2026-08-18 12:44:00+00:00,64260.15,64262.21,exit_signal,4,3.205719252119543e-05,-0.000967475098525461,False
Scalp,2026-08-18 12:47:00+00:00,2026-08-18 12:51:00+00:00,64250.08,64250.99,exit_signal,4,1.4163406489187125e-05,-0.0009853509997141963,False
Scalp,2026-08-18 13:03:00+00:00,2026-08-18 13:06:00+00:00,64171.72,64182.82,exit_signal,3,0.00017297339077093632,-0.0008266997460514292,False
Scalp,2026-08-18 13:19:00+00:00,2026-08-18 13:31:00+00:00,64141.07,64127.99,exit_signal,12,-0.0002039255035813925,-0.0012032219298646618,False
Scalp,2026-08-18 14:36:00+00:00,2026-08-18 14:42:00+00:00,64831.33,64826.42,exit_signal,6,-7.573498800661493e-05,-0.00107515954074211,False
Scalp,2026-08-18 16:29:00+00:00,2026-08-18 16:34:00+00:00,64700.01,64733.17,exit_signal,5,0.0005125192407233747,-0.0004874932722607195,False
Scalp,2026-08-18 16:53:00+00:00,2026-08-18 16:54:00+00:00,64819.99,64823.75,exit_signal,1,5.800679697731681e-05,-0.0009415514307057338,False
Scalp,2026-08-18 17:03:00+00:00,2026-08-18 17:06:00+00:00,64780.06,64809.62,exit_signal,3,0.0004563132544181947,-0.0005436430806685655,False
Scalp,2026-08-18 17:50:00+00:00,2026-08-18 17:53:00+00:00,64698.03,64703.35,exit_signal,3,8.22281605792341e-05,-0.0009173542763628584,False
Scalp,2026-08-18 18:01:00+00:00,2026-08-18 18:05:00+00:00,64666.02,64673.67,exit_signal,4,0.00011830015207370259,-0.0008813183388327595,False
Scalp,2026-08-18 18:35:00+00:00,2026-08-18 18:37:00+00:00,64780.0,64797.99,exit_signal,2,0.00027770916949676483,-0.0007220686507625196,False
Scalp,2026-08-18 18:44:00+00:00,2026-08-18 18:47:00+00:00,64760.0,64784.99,exit_signal,3,0.00038588634959846324,-0.0006139995937793907,False
Scalp,2026-08-18 19:15:00+00:00,2026-08-18 19:21:00+00:00,64719.31,64722.09,exit_signal,6,4.2954722477617224e-05,-0.0009565884606530517,False
Scalp,2026-08-18 19:35:00+00:00,2026-08-18 19:47:00+00:00,64741.37,64683.41,exit_signal,12,-0.0008952544563082254,-0.001893859899130379,False
Scalp,2026-08-18 19:57:00+00:00,2026-08-18 20:02:00+00:00,64656.48,64654.86,exit_signal,5,-2.505549327769252e-05,-0.0010245307001809367,False
Scalp,2026-08-18 20:07:00+00:00,2026-08-18 20:09:00+00:00,64599.93,64625.23,exit_signal,2,0.00039164129125213165,-0.0006082504041912129,False
Scalp,2026-08-18 20:32:00+00:00,2026-08-18 20:34:00+00:00,64601.05,64635.87,exit_signal,2,0.0005390005270811127,-0.000461038453955287,False
Scalp,2026-08-18 21:01:00+00:00,2026-08-18 21:03:00+00:00,64586.9,64604.0,exit_signal,2,0.0002647595719875717,-0.0007350053051458083,False
Scalp,2026-08-18 22:08:00+00:00,2026-08-18 22:10:00+00:00,64576.38,64590.31,exit_signal,2,0.00021571354727534242,-0.0007840023083440784,False
Scalp,2026-08-18 23:32:00+00:00,2026-08-18 23:33:00+00:00,64722.81,64731.98,exit_signal,1,0.00014168111675005868,-0.00085796074343647,False
Scalp,2026-08-18 23:50:00+00:00,2026-08-19 00:01:00+00:00,64753.4,64736.26,exit_signal,11,-0.0002646965255878042,-0.001263932211219232,False
Scalp,2026-08-19 00:06:00+00:00,2026-08-19 00:09:00+00:00,64622.25,64650.75,exit_signal,3,0.00044102456971084614,-0.0005589164843315952,False
Scalp,2026-08-19 00:14:00+00:00,2026-08-19 00:18:00+00:00,64592.44,64588.86,exit_signal,4,-5.542444286055215e-05,-0.0010548692959909678,False
Scalp,2026-08-19 00:27:00+00:00,2026-08-19 00:30:00+00:00,64593.99,64603.79,exit_signal,3,0.00015171690121640324,-0.0008479349897392296,False
Scalp,2026-08-19 00:59:00+00:00,2026-08-19 01:07:00+00:00,64516.39,64496.08,exit_signal,8,-0.0003148037266188508,-0.0013139893300904149,False
Scalp,2026-08-19 02:10:00+00:00,2026-08-19 02:12:00+00:00,64361.03,64378.0,exit_signal,2,0.00026366886918993693,-0.0007360949177857012,False
Scalp,2026-08-19 03:09:00+00:00,2026-08-19 03:12:00+00:00,64287.39,64313.02,exit_signal,3,0.00039867849666941346,-0.0006012202324625626,False
Scalp,2026-08-19 04:09:00+00:00,2026-08-19 04:11:00+00:00,64295.49,64321.54,exit_signal,2,0.0004051606107986494,-0.0005947445972078746,False
Scalp,2026-08-19 05:57:00+00:00,2026-08-19 06:07:00+00:00,64260.06,64221.95,exit_signal,10,-0.0005930588922574698,-0.0015919663796214456,False
Scalp,2026-08-19 06:11:00+00:00,2026-08-19 06:15:00+00:00,64179.58,64176.58,exit_signal,4,-4.674383970726392e-05,-0.0010461973691028303,False
Scalp,2026-08-19 08:53:00+00:00,2026-08-19 09:02:00+00:00,64458.32,64440.71,exit_signal,9,-0.0002731997979469325,-0.0012724269845556524,False
Scalp,2026-08-19 12:54:00+00:00,2026-08-19 12:59:00+00:00,64873.99,64866.59,exit_signal,5,-0.00011406728644258735,-0.001113453526036201,False
Scalp,2026-08-19 13:05:00+00:00,2026-08-19 13:07:00+00:00,64800.96,64824.01,exit_signal,2,0.0003557046068454195,-0.0006441511698730418,False
Scalp,2026-08-19 13:28:00+00:00,2026-08-19 13:29:00+00:00,64941.23,65000.0,exit_signal,1,0.0009049720801406202,-9.54326895545865e-05,False
Scalp,2026-08-19 13:39:00+00:00,2026-08-19 13:43:00+00:00,64877.99,64872.0,exit_signal,4,-9.232715131890501e-05,-0.0010917351201830128,False
Scalp,2026-08-19 16:14:00+00:00,2026-08-19 16:16:00+00:00,68587.46,68695.97,exit_signal,2,0.0015820676257729538,0.000580986098910774,False
Scalp,2026-08-19 17:19:00+00:00,2026-08-19 17:30:00+00:00,68125.0,68005.91,exit_signal,11,-0.001748110091743027,-0.0027458631051444637,False
Scalp,2026-08-19 21:41:00+00:00,2026-08-19 21:43:00+00:00,69445.99,69613.39,exit_signal,2,0.002410506351770536,0.0014085968001948945,False
Scalp,2026-08-19 22:22:00+00:00,2026-08-19 22:37:00+00:00,69293.81,69123.99,exit_signal,15,-0.002450723953553613,-0.0034477747042246376,False
Scalp,2026-08-20 01:55:00+00:00,2026-08-20 02:00:00+00:00,69713.51,69721.92,exit_signal,5,0.00012063658823091572,-0.0008789842379440804,False
Scalp,2026-08-20 02:09:00+00:00,2026-08-20 02:13:00+00:00,69699.66,69716.0,exit_signal,4,0.00023443442909187873,-0.0007653001380534263,False
Scalp,2026-08-20 02:28:00+00:00,2026-08-20 02:31:00+00:00,69510.01,69541.13,exit_signal,3,0.00044770530172577594,-0.0005522424297101924,False
Scalp,2026-08-20 02:42:00+00:00,2026-08-20 02:57:00+00:00,69355.3,69363.84,exit_signal,15,0.00012313406473607458,-0.0008764892576673677,False
Scalp,2026-08-20 03:10:00+00:00,2026-08-20 03:16:00+00:00,69040.75,69088.0,exit_signal,6,0.0006843784286816312,-0.0003158058576037126,False
Scalp,2026-08-20 04:23:00+00:00,2026-08-20 04:26:00+00:00,69320.0,69368.0,exit_signal,3,0.0006924408540103233,-0.0003077514906710821,False
Scalp,2026-08-20 04:34:00+00:00,2026-08-20 04:38:00+00:00,69264.88,69292.0,exit_signal,4,0.000391540417019387,-0.0006083511776002748,False
Scalp,2026-08-20 05:14:00+00:00,2026-08-20 05:17:00+00:00,69480.87,69517.99,exit_signal,3,0.0005342477720846617,-0.00046578645857198175,False
Scalp,2026-08-20 08:37:00+00:00,2026-08-20 08:39:00+00:00,71262.37,71464.42,exit_signal,2,0.002835297226292166,0.0018329630961309018,False
Scalp,2026-08-20 12:06:00+00:00,2026-08-20 12:11:00+00:00,71781.99,71759.2,exit_signal,5,-0.00031748910834050736,-0.0013166720277724142,False
Scalp,2026-08-20 23:38:00+00:00,2026-08-20 23:47:00+00:00,73142.01,73155.36,exit_signal,9,0.00018252164522136738,-0.0008171610350834468,False
Scalp,2026-08-21 00:38:00+00:00,2026-08-21 00:39:00+00:00,73548.15,73732.59,exit_signal,1,0.0025077449262829177,0.0015057381847276563,False
Scalp,2026-08-21 01:24:00+00:00,2026-08-21 01:26:00+00:00,74400.0,74545.56,exit_signal,2,0.001956451612903143,0.0009549958891521548,False
Scalp,2026-08-21 01:38:00+00:00,2026-08-21 01:43:00+00:00,74680.86,74777.4,exit_signal,5,0.001292700700018523,0.00029190839547088565,False
Scalp,2026-08-21 07:24:00+00:00,2026-08-21 07:29:00+00:00,76350.73,76377.53,exit_signal,5,0.00035101170610940535,-0.0006488393800535563,False
Scalp,2026-08-21 07:53:00+00:00,2026-08-21 07:57:00+00:00,76328.16,76422.57,exit_signal,4,0.0012368960551387698,0.00023615952734745704,False
Scalp,2026-08-21 09:06:00+00:00,2026-08-21 09:11:00+00:00,77767.49,77936.25,exit_signal,5,0.002170058465304603,0.0011683892414513508,False
Scalp,2026-08-21 11:44:00+00:00,2026-08-21 11:52:00+00:00,76849.99,76820.0,exit_signal,8,-0.0003902407794719176,-0.0013893509835901652,False
Scalp,2026-08-21 15:20:00+00:00,2026-08-21 15:23:00+00:00,77634.0,77699.99,exit_signal,3,0.0008500141690497287,-0.00015033567019961946,False
Scalp,2026-08-21 16:06:00+00:00,2026-08-21 16:11:00+00:00,77075.62,77088.01,exit_signal,5,0.00016075122068426317,-0.0008389097000758294,False
Scalp,2026-08-21 17:22:00+00:00,2026-08-21 17:27:00+00:00,77308.01,77365.28,exit_signal,5,0.0007408029258546556,-0.00025943775672976344,False
Scalp,2026-08-21 20:40:00+00:00,2026-08-21 20:43:00+00:00,77397.42,77500.0,exit_signal,3,0.0013253671763218122,0.00032454222162292545,False
Scalp,2026-08-22 05:42:00+00:00,2026-08-22 05:45:00+00:00,77094.47,77175.88,exit_signal,3,0.0010559771667151274,5.542146739823117e-05,False
Scalp,2026-08-22 10:04:00+00:00,2026-08-22 10:17:00+00:00,76856.4,76798.01,exit_signal,13,-0.0007597285326921277,-0.0017584694337088314,False
Scalp,2026-08-22 10:21:00+00:00,2026-08-22 10:28:00+00:00,76706.01,76823.99,exit_signal,7,0.0015380802625506451,0.0005370427010689127,False
Scalp,2026-08-22 11:51:00+00:00,2026-08-22 11:55:00+00:00,77078.0,77091.12,exit_signal,4,0.00017021718259413454,-0.000829453199397201,False
Scalp,2026-08-22 14:08:00+00:00,2026-08-22 14:12:00+00:00,77023.99,77073.27,exit_signal,4,0.0006398006647019283,-0.0003603390660972261,False
Scalp,2026-08-22 14:19:00+00:00,2026-08-22 14:22:00+00:00,76985.06,77044.77,exit_signal,3,0.0007756050329765785,-0.00022467043432239375,False
Scalp,2026-08-22 16:53:00+00:00,2026-08-22 17:08:00+00:00,77372.69,77305.95,exit_signal,15,-0.0008625782559712469,-0.0018612163586637642,False
Scalp,2026-08-22 20:02:00+00:00,2026-08-22 20:07:00+00:00,77400.01,77403.55,exit_signal,5,4.573642819960533e-05,-0.000953809535246708,False
Scalp,2026-08-22 21:42:00+00:00,2026-08-22 21:45:00+00:00,76974.55,77030.33,exit_signal,3,0.000724655097041893,-0.00027556944578355225,False
Scalp,2026-08-23 00:43:00+00:00,2026-08-23 00:46:00+00:00,77261.41,77288.63,exit_signal,3,0.00035231042249939115,-0.0006475419617307798,False
Scalp,2026-08-23 01:02:00+00:00,2026-08-23 01:06:00+00:00,77260.47,77253.58,exit_signal,4,-8.917885174652973e-05,-0.0010885899673368504,False
Scalp,2026-08-23 05:10:00+00:00,2026-08-23 05:20:00+00:00,76296.01,76047.0,exit_signal,10,-0.0032637355479008257,-0.004259973693280128,False
Scalp,2026-08-23 06:58:00+00:00,2026-08-23 07:05:00+00:00,76104.01,76115.0,exit_signal,7,0.00014440763371093013,-0.000855236951630034,False
Scalp,2026-08-23 07:43:00+00:00,2026-08-23 07:50:00+00:00,76072.92,76110.3,exit_signal,7,0.0004913706480571545,-0.000508620726903386,False
Scalp,2026-08-23 07:57:00+00:00,2026-08-23 08:00:00+00:00,75969.86,76007.12,exit_signal,3,0.0004904576630784252,-0.000509532799353285,False
Scalp,2026-08-23 08:59:00+00:00,2026-08-23 09:01:00+00:00,76461.17,76470.01,exit_signal,2,0.0001156142392275683,-0.0008840015671084389,False
Scalp,2026-08-23 09:14:00+00:00,2026-08-23 09:16:00+00:00,76556.65,76603.96,exit_signal,2,0.0006179737488514192,-0.0003821441659397351,False
Scalp,2026-08-23 10:30:00+00:00,2026-08-23 10:33:00+00:00,76757.53,76818.99,exit_signal,3,0.0008007032013668258,-0.00019959735155816727,False
Scalp,2026-08-23 12:28:00+00:00,2026-08-23 12:32:00+00:00,77025.62,77071.87,exit_signal,4,0.000600449564703176,-0.00039965083466164675,False
Scalp,2026-08-24 02:02:00+00:00,2026-08-24 02:05:00+00:00,76931.94,77079.47,exit_signal,3,0.00191766904617241,0.0009162520856067502,False
Scalp,2026-08-24 02:40:00+00:00,2026-08-24 02:42:00+00:00,77439.7,77470.67,exit_signal,2,0.00039992406995370544,-0.0005999759041288577,False
Scalp,2026-08-24 03:29:00+00:00,2026-08-24 03:33:00+00:00,77153.76,77146.0,exit_signal,4,-0.0001005783775152036,-0.001099978099276533,False
Scalp,2026-08-24 04:53:00+00:00,2026-08-24 04:58:00+00:00,76692.0,76806.76,exit_signal,5,0.0014963751108327816,0.0004953792336608309,False
Scalp,2026-08-24 08:26:00+00:00,2026-08-24 08:31:00+00:00,76951.08,76950.76,exit_signal,5,-4.158486144767437e-06,-0.0010036545796117124,False
Scalp,2026-08-24 10:42:00+00:00,2026-08-24 10:46:00+00:00,77739.77,77802.0,exit_signal,4,0.0008004911771670731,-0.00019980916383954828,False
Scalp,2026-08-24 11:48:00+00:00,2026-08-24 11:56:00+00:00,78298.28,78191.76,exit_signal,8,-0.0013604385690210163,-0.0023585790602062007,False
Scalp,2026-08-24 13:18:00+00:00,2026-08-24 13:21:00+00:00,78924.13,79049.85,exit_signal,3,0.0015929222152970546,0.000591829839269975,False
Scalp,2026-08-24 13:45:00+00:00,2026-08-24 13:48:00+00:00,78288.4,78256.0,exit_signal,3,-0.000413854415213466,-0.0014129410174970047,False
Scalp,2026-08-24 14:26:00+00:00,2026-08-24 14:29:00+00:00,79062.82,79382.0,exit_signal,3,0.004037042948885405,0.003033507673574354,False
Scalp,2026-08-24 15:59:00+00:00,2026-08-24 16:00:00+00:00,78968.0,79100.01,exit_signal,1,0.0016716897983992673,0.0006705186941531327,False
Scalp,2026-08-24 17:23:00+00:00,2026-08-24 17:27:00+00:00,78570.01,78710.0,exit_signal,4,0.0017817230772911863,0.0007804419947552432,False
Scalp,2026-08-24 23:50:00+00:00,2026-08-24 23:58:00+00:00,78905.53,78910.09,exit_signal,8,5.7790626335041395e-05,-0.0009417673852853969,False
Scalp,2026-08-25 01:12:00+00:00,2026-08-25 01:18:00+00:00,79715.99,79720.01,exit_signal,6,5.042902935770144e-05,-0.0009491216243446843,False
Scalp,2026-08-25 02:47:00+00:00,2026-08-25 02:54:00+00:00,80777.23,80706.42,exit_signal,7,-0.0008766084204669955,-0.0018752325000066516,False
Scalp,2026-08-25 07:53:00+00:00,2026-08-25 07:55:00+00:00,79621.38,79788.72,exit_signal,2,0.0021016968055564966,0.001100095909199128,False
Scalp,2026-08-25 09:55:00+00:00,2026-08-25 09:57:00+00:00,79094.0,79228.21,exit_signal,2,0.0016968417326219676,0.0006956454890112429,False
Scalp,2026-08-25 12:08:00+00:00,2026-08-25 12:11:00+00:00,78711.41,78860.86,exit_signal,3,0.0018987082050747617,0.0008973101958744678,False
Scalp,2026-08-25 17:28:00+00:00,2026-08-25 17:31:00+00:00,78806.0,78896.0,exit_signal,3,0.0011420450219525868,0.0001414032977931079,False
Scalp,2026-08-25 18:28:00+00:00,2026-08-25 18:44:00+00:00,79260.0,79172.0,exit_signal,16,-0.0011102699974766539,-0.0021086605322115926,False
Scalp,2026-08-25 19:34:00+00:00,2026-08-25 19:37:00+00:00,78848.0,78928.25,exit_signal,3,0.001017781047077948,1.7263524791921725e-05,False
Scalp,2026-08-25 20:49:00+00:00,2026-08-25 20:52:00+00:00,78187.79,78348.0,exit_signal,3,0.0020490411610305515,0.001047492894002966,False
Scalp,2026-08-25 22:23:00+00:00,2026-08-25 22:32:00+00:00,78820.01,78724.61,exit_signal,9,-0.0012103525488006417,-0.0022086430510007693,False
Scalp,2026-08-26 04:58:00+00:00,2026-08-26 05:10:00+00:00,78809.98,78806.92,exit_signal,12,-3.8827569807775575e-05,-0.0010382890115170351,False
Scalp,2026-08-26 05:48:00+00:00,2026-08-26 05:58:00+00:00,79064.48,79036.29,exit_signal,10,-0.000356544430571093,-0.0013556883141986331,False
Scalp,2026-08-26 09:25:00+00:00,2026-08-26 09:27:00+00:00,78400.01,78482.63,exit_signal,2,0.0010538263961956673,5.32728465745258e-05,False
Scalp,2026-08-26 10:58:00+00:00,2026-08-26 11:02:00+00:00,78720.01,78748.83,exit_signal,4,0.0003661076770697935,-0.0006337584975198984,False
Scalp,2026-08-26 11:39:00+00:00,2026-08-26 11:43:00+00:00,78393.99,78460.0,exit_signal,4,0.0008420288340980076,-0.00015831302380697743,False
Scalp,2026-08-26 11:49:00+00:00,2026-08-26 11:51:00+00:00,78417.47,78433.29,exit_signal,2,0.00020174076006274078,-0.0007979611297522782,False
Scalp,2026-08-26 13:23:00+00:00,2026-08-26 13:29:00+00:00,78044.52,78050.16,exit_signal,6,7.226644484448208e-05,-0.0009273060353600648,False
Scalp,2026-08-26 13:52:00+00:00,2026-08-26 13:56:00+00:00,78267.48,78323.49,exit_signal,4,0.0007156228870535131,-0.000284592628075675,False
Scalp,2026-08-26 14:48:00+00:00,2026-08-26 14:50:00+00:00,77926.99,77982.92,exit_signal,2,0.0007177230892658759,-0.00028249452501594163,False
Scalp,2026-08-26 14:56:00+00:00,2026-08-26 15:01:00+00:00,77812.01,77870.0,exit_signal,5,0.0007452577050766074,-0.0002549874300606936,False
Scalp,2026-08-26 15:15:00+00:00,2026-08-26 15:21:00+00:00,77836.99,77840.0,exit_signal,6,3.867056010253833e-05,-0.0009608683410068375,False
Scalp,2026-08-26 17:49:00+00:00,2026-08-26 17:52:00+00:00,78424.0,78424.0,exit_signal,3,0.0,-0.0009995002498750516,False
Scalp,2026-08-26 21:44:00+00:00,2026-08-26 21:52:00+00:00,78721.02,78730.2,exit_signal,8,0.00011661434264942372,-0.0008830024632902056,False
Scalp,2026-08-27 02:42:00+00:00,2026-08-27 02:45:00+00:00,78734.58,78736.64,exit_signal,3,2.6163853290350758e-05,-0.0009733625473624663,False
Scalp,2026-08-27 02:59:00+00:00,2026-08-27 03:02:00+00:00,78715.19,78728.0,exit_signal,3,0.0001627386022950983,-0.0008369243048534925,False
Scalp,2026-08-27 03:11:00+00:00,2026-08-27 03:19:00+00:00,78738.64,78693.86,exit_signal,8,-0.0005687169603132425,-0.0015676487774443082,False
Scalp,2026-08-27 03:33:00+00:00,2026-08-27 03:38:00+00:00,78854.51,78885.66,exit_signal,5,0.00039503130512130724,-0.0006048637786418842,False
Scalp,2026-08-27 04:37:00+00:00,2026-08-27 04:40:00+00:00,78692.01,78759.99,exit_signal,3,0.000863874235770723,-0.00013648945661881573,False
Scalp,2026-08-27 06:06:00+00:00,2026-08-27 06:07:00+00:00,78816.42,78842.42,exit_signal,1,0.0003298804995202076,-0.0006699494659964111,False
Scalp,2026-08-27 08:18:00+00:00,2026-08-27 08:22:00+00:00,79513.44,79514.96,exit_signal,4,1.911626512463016e-05,-0.0009804030914621897,False
Scalp,2026-08-27 10:25:00+00:00,2026-08-27 10:30:00+00:00,79802.0,79664.56,exit_signal,5,-0.0017222625999349095,-0.002720041447910937,False
Scalp,2026-08-27 10:38:00+00:00,2026-08-27 10:41:00+00:00,79446.0,79549.99,exit_signal,3,0.0013089394053822367,0.00030813087024461616,False
Scalp,2026-08-27 10:49:00+00:00,2026-08-27 10:53:00+00:00,79522.52,79594.88,exit_signal,4,0.0009099309227122987,-9.047880334733804e-05,False
Scalp,2026-08-27 14:49:00+00:00,2026-08-27 14:52:00+00:00,80087.98,80171.99,exit_signal,3,0.0010489713937098522,4.8422696664829346e-05,False
Scalp,2026-08-27 18:02:00+00:00,2026-08-27 18:07:00+00:00,80377.66,80378.57,exit_signal,5,1.1321553775145432e-05,-0.0009881900119957931,False
Scalp,2026-08-27 18:15:00+00:00,2026-08-27 18:25:00+00:00,80076.76,79932.0,exit_signal,10,-0.0018077654490515904,-0.0028054588369085254,False
Scalp,2026-08-27 19:15:00+00:00,2026-08-27 19:19:00+00:00,80163.26,80192.0,exit_signal,4,0.0003585183536698455,-0.0006413402353891984,False
Scalp,2026-08-27 22:26:00+00:00,2026-08-27 22:33:00+00:00,80328.85,80258.0,exit_signal,7,-0.000881999431088687,-0.0018806181223118834,False
Scalp,2026-08-28 01:39:00+00:00,2026-08-28 02:07:00+00:00,80844.0,80427.99,exit_signal,28,-0.005145836425708761,-0.006140193410790307,False
Scalp,2026-08-28 02:14:00+00:00,2026-08-28 02:26:00+00:00,80320.0,80110.0,exit_signal,12,-0.0026145418326692926,-0.0036114288473291234,False
Scalp,2026-08-28 02:31:00+00:00,2026-08-28 02:34:00+00:00,79856.58,80012.1,exit_signal,3,0.0019474913651449377,0.0009460445971638531,False
Scalp,2026-08-28 03:09:00+00:00,2026-08-28 03:12:00+00:00,79837.51,79881.99,exit_signal,3,0.0005571316039292284,-0.0004429254991230591,False
Scalp,2026-08-28 07:10:00+00:00,2026-08-28 07:16:00+00:00,79690.18,79745.7,exit_signal,6,0.0006966981377127812,-0.00030349846212496256,False
Scalp,2026-08-28 08:58:00+00:00,2026-08-28 09:07:00+00:00,79503.72,79385.33,exit_signal,9,-0.0014891127107008462,-0.00248712459204925,False
Scalp,2026-08-28 09:16:00+00:00,2026-08-28 09:19:00+00:00,79389.3,79436.0,exit_signal,3,0.000588240480769997,-0.00041184771561231237,False
Scalp,2026-08-28 15:46:00+00:00,2026-08-28 16:07:00+00:00,78777.0,78148.87,exit_signal,21,-0.00797352018990316,-0.008965050904356064,False
Scalp,2026-08-28 16:15:00+00:00,2026-08-28 16:28:00+00:00,77825.73,77504.0,exit_signal,13,-0.004133979854734404,-0.005129348190711425,False
Scalp,2026-08-28 18:50:00+00:00,2026-08-28 18:52:00+00:00,77296.92,77457.79,exit_signal,2,0.00208119547324781,0.0010796150679772687,False
Scalp,2026-08-29 00:53:00+00:00,2026-08-29 00:54:00+00:00,77733.39,77760.01,exit_signal,1,0.00034245258054488303,-0.0006573899507699155,False
Scalp,2026-08-29 01:10:00+00:00,2026-08-29 01:13:00+00:00,77670.53,77678.57,exit_signal,3,0.00010351416425269377,-0.0008960895480554232,False
Scalp,2026-08-29 02:25:00+00:00,2026-08-29 02:29:00+00:00,77590.57,77626.0,exit_signal,4,0.00045662765462339827,-0.0005433289947064379,False
Scalp,2026-08-29 02:37:00+00:00,2026-08-29 02:38:00+00:00,77619.72,77666.17,exit_signal,1,0.0005984303988728623,-0.0004016679823352076,False
Scalp,2026-08-29 06:04:00+00:00,2026-08-29 06:19:00+00:00,77579.17,77516.72,exit_signal,15,-0.0008049841213820796,-0.0018036797894264156,False
Scalp,2026-08-29 07:52:00+00:00,2026-08-29 07:55:00+00:00,77631.06,77634.98,exit_signal,3,5.0495252802207347e-05,-0.0009490554670906759,False
Scalp,2026-08-29 08:05:00+00:00,2026-08-29 08:12:00+00:00,77487.74,77514.94,exit_signal,7,0.000351023271552231,-0.0006488278261701508,False
Scalp,2026-08-29 13:22:00+00:00,2026-08-29 13:24:00+00:00,77670.43,77688.92,exit_signal,2,0.00023805713448488142,-0.0007616810535555629,False
Scalp,2026-08-29 14:05:00+00:00,2026-08-29 14:06:00+00:00,77700.01,77716.01,exit_signal,1,0.0002059201794182286,-0.0007937858877276049,False
Scalp,2026-08-29 14:12:00+00:00,2026-08-29 14:15:00+00:00,77664.8,77686.7,exit_signal,3,0.0002819810261533995,-0.0007178010638277943,False
Scalp,2026-08-29 15:04:00+00:00,2026-08-29 15:08:00+00:00,77878.0,77940.01,exit_signal,4,0.000796245409486529,-0.0002040506878742132,False
Scalp,2026-08-29 21:06:00+00:00,2026-08-29 21:08:00+00:00,78074.17,78151.93,exit_signal,2,0.0009959760058928513,-4.519722248796931e-06,False
Scalp,2026-08-29 22:15:00+00:00,2026-08-29 22:24:00+00:00,78137.38,78100.61,exit_signal,9,-0.0004705814297844002,-0.0014696113334027316,False
Scalp,2026-08-30 01:28:00+00:00,2026-08-30 01:33:00+00:00,78018.69,78030.0,exit_signal,5,0.000144965264092356,-0.0008546798786002174,False
Scalp,2026-08-30 04:33:00+00:00,2026-08-30 04:52:00+00:00,78108.58,78044.01,exit_signal,19,-0.0008266697461406514,-0.0018253437393978,False
Scalp,2026-08-30 05:14:00+00:00,2026-08-30 05:17:00+00:00,78146.0,78146.0,exit_signal,3,0.0,-0.0009995002498748295,False
Scalp,2026-08-30 07:05:00+00:00,2026-08-30 07:08:00+00:00,78264.47,78264.47,exit_signal,3,0.0,-0.0009995002498749406,False
Scalp,2026-08-30 07:12:00+00:00,2026-08-30 07:15:00+00:00,78256.01,78256.01,exit_signal,3,0.0,-0.0009995002498748295,False
Scalp,2026-08-30 07:35:00+00:00,2026-08-30 07:49:00+00:00,78178.05,78158.85,exit_signal,14,-0.0002455932323714993,-0.0012448480117491778,False
Scalp,2026-08-30 08:01:00+00:00,2026-08-30 08:03:00+00:00,78118.0,78137.99,exit_signal,2,0.0002558949281856737,-0.0007438610887339214,False
Scalp,2026-08-30 08:14:00+00:00,2026-08-30 08:16:00+00:00,78148.06,78162.61,exit_signal,2,0.00018618504413292492,-0.0008135012977401601,False
Scalp,2026-08-30 11:14:00+00:00,2026-08-30 11:18:00+00:00,78150.75,78164.1,exit_signal,4,0.0001708236965096699,-0.0008288472916926359,False
Scalp,2026-08-30 12:18:00+00:00,2026-08-30 12:28:00+00:00,78593.83,78532.33,exit_signal,10,-0.0007825041736736482,-0.0017812223104315406,False
Scalp,2026-08-30 12:37:00+00:00,2026-08-30 12:40:00+00:00,78605.99,78625.99,exit_signal,3,0.00025443353617204956,-0.0007453210200859539,False
Scalp,2026-08-30 12:50:00+00:00,2026-08-30 12:53:00+00:00,78618.9,78659.15,exit_signal,3,0.0005119634082899616,-0.00048804854913964135,False
Scalp,2026-08-30 18:45:00+00:00,2026-08-30 18:59:00+00:00,79088.55,79056.0,exit_signal,14,-0.0004115640000986742,-0.0014106528916525418,False
Scalp,2026-08-30 19:38:00+00:00,2026-08-30 19:47:00+00:00,78828.02,78802.33,exit_signal,9,-0.00032589934391347164,-0.0013250738573127308,False
Scalp,2026-08-30 22:27:00+00:00,2026-08-30 22:30:00+00:00,78341.99,78382.11,exit_signal,3,0.0005121136187629105,-0.00048789848880170794,False
Scalp,2026-08-31 02:54:00+00:00,2026-08-31 02:58:00+00:00,77507.99,77483.07,exit_signal,4,-0.00032151523991263975,-0.0013206941352249535,False
Scalp,2026-08-31 10:05:00+00:00,2026-08-31 10:11:00+00:00,78437.99,78402.62,exit_signal,6,-0.0004509294539547515,-0.0014499789997278745,False
Scalp,2026-08-31 11:11:00+00:00,2026-08-31 11:14:00+00:00,78604.9,78643.99,exit_signal,3,0.0004972972422840893,-0.0005027000563089246,False
Scalp,2026-08-31 11:34:00+00:00,2026-08-31 12:02:00+00:00,78447.68,78409.99,exit_signal,28,-0.00048044760533372255,-0.0014794676477070112,False
Scalp,2026-08-31 12:41:00+00:00,2026-08-31 12:45:00+00:00,77836.0,77885.55,exit_signal,4,0.0006365948918238828,-0.000363541634804343,False
Scalp,2026-08-31 14:52:00+00:00,2026-08-31 14:55:00+00:00,78401.99,78457.11,exit_signal,3,0.0007030433793835389,-0.0002971595625247403,False
Scalp,2026-08-31 18:03:00+00:00,2026-08-31 18:07:00+00:00,78817.86,78852.64,exit_signal,4,0.0004412705445187015,-0.0005586707553757453,False
Scalp,2026-08-31 18:24:00+00:00,2026-08-31 18:28:00+00:00,78905.53,78932.0,exit_signal,4,0.0003354644471686985,-0.0006643710995051233,False
Scalp,2026-08-31 21:41:00+00:00,2026-08-31 21:43:00+00:00,79029.13,79042.0,exit_signal,2,0.0001628513435487644,-0.0008368116762845768,False
Scalp,2026-08-31 21:51:00+00:00,2026-08-31 22:01:00+00:00,79017.79,79015.82,exit_signal,10,-2.4931094630531447e-05,-0.0010244064258702057,False
Scalp,2026-08-31 22:16:00+00:00,2026-08-31 22:55:00+00:00,78874.86,78629.39,exit_signal,39,-0.003112144985106813,-0.004108534645291373,False
Scalp,2026-08-31 23:05:00+00:00,2026-08-31 23:07:00+00:00,78444.0,78481.21,exit_signal,2,0.0004743511294682534,-0.0005256232344791334,False
Scalp,2026-09-01 00:34:00+00:00,2026-09-01 00:39:00+00:00,78761.74,78797.8,exit_signal,5,0.0004578365079288549,-0.0005421213496502597,False
Scalp,2026-09-01 00:42:00+00:00,2026-09-01 00:46:00+00:00,78739.21,78733.99,exit_signal,4,-6.629479772535252e-05,-0.001065728785933362,False
Scalp,2026-09-01 01:31:00+00:00,2026-09-01 01:35:00+00:00,78426.08,78477.68,exit_signal,4,0.0006579443980878619,-0.00034221346737739466,False
Scalp,2026-09-01 02:03:00+00:00,2026-09-01 02:15:00+00:00,78329.58,78293.99,exit_signal,12,-0.0004543621962481703,-0.0014534083109944973,False
Scalp,2026-09-01 03:10:00+00:00,2026-09-01 03:12:00+00:00,78449.46,78467.78,exit_signal,2,0.0002335261453678683,-0.0007662075139477365,False
Scalp,2026-09-01 03:48:00+00:00,2026-09-01 03:52:00+00:00,78687.75,78722.56,exit_signal,4,0.000442381438025663,-0.0005575609722071606,False
Scalp,2026-09-01 06:18:00+00:00,2026-09-01 06:28:00+00:00,78950.79,78869.17,exit_signal,10,-0.001033808528071667,-0.0020322754860645498,False
Scalp,2026-09-01 07:13:00+00:00,2026-09-01 07:16:00+00:00,78723.44,78738.0,exit_signal,3,0.00018495126737350098,-0.0008147338413394545,False
Scalp,2026-09-01 08:27:00+00:00,2026-09-01 08:35:00+00:00,77962.36,78004.46,exit_signal,8,0.0005400041763743424,-0.0004600358078098443,False
Scalp,2026-09-01 14:14:00+00:00,2026-09-01 14:16:00+00:00,78267.99,78360.82,exit_signal,2,0.0011860532000373958,0.00018536748969255612,False
Scalp,2026-09-01 15:05:00+00:00,2026-09-01 15:13:00+00:00,77844.59,77804.23,exit_signal,8,-0.0005184689135109277,-0.0015174509535771374,False
Scalp,2026-09-01 15:59:00+00:00,2026-09-01 16:06:00+00:00,77957.54,77959.12,exit_signal,7,2.02674430209715e-05,-0.0009792530641684616,False
Scalp,2026-09-01 16:20:00+00:00,2026-09-01 16:24:00+00:00,77608.87,77593.26,exit_signal,4,-0.00020113680304845172,-0.0012004360166385508,False
Scalp,2026-09-01 18:01:00+00:00,2026-09-01 18:03:00+00:00,77266.01,77295.73,exit_signal,2,0.00038464520168712824,-0.0006152395011630452,False
Scalp,2026-09-01 18:11:00+00:00,2026-09-01 18:13:00+00:00,77170.94,77215.47,exit_signal,2,0.0005770306802015401,-0.00042304631198231135,False
Scalp,2026-09-01 18:18:00+00:00,2026-09-01 18:24:00+00:00,77137.99,77132.27,exit_signal,6,-7.415282664224865e-05,-0.0010735789607484447,False
Scalp,2026-09-01 18:38:00+00:00,2026-09-01 18:49:00+00:00,76779.13,76610.0,exit_signal,11,-0.002202812144393995,-0.003200110682980095,False
Scalp,2026-09-01 19:33:00+00:00,2026-09-01 19:36:00+00:00,77336.01,77369.69,exit_signal,3,0.00043550216774823625,-0.0005644333666521284,False
Scalp,2026-09-01 21:19:00+00:00,2026-09-01 21:21:00+00:00,76980.56,77107.68,exit_signal,2,0.0016513259971087102,0.0006501752464871391,False
Scalp,2026-09-02 03:33:00+00:00,2026-09-02 03:40:00+00:00,77570.01,77652.0,exit_signal,7,0.001056980655281592,5.6423952977446845e-05,False
Scalp,2026-09-02 04:13:00+00:00,2026-09-02 04:19:00+00:00,77366.39,77384.63,exit_signal,6,0.00023576129117564015,-0.0007639746021685934,False
Scalp,2026-09-02 04:57:00+00:00,2026-09-02 05:00:00+00:00,77548.29,77561.82,exit_signal,3,0.00017447193226338698,-0.0008252027023515351,False
Scalp,2026-09-02 05:33:00+00:00,2026-09-02 05:42:00+00:00,77704.0,77708.19,exit_signal,9,5.392257798830791e-05,-0.0009456315675169247,False
Scalp,2026-09-02 05:53:00+00:00,2026-09-02 06:01:00+00:00,77720.24,77674.21,exit_signal,8,-0.0005922524171310117,-0.0015911607105670855,False
Scalp,2026-09-02 06:34:00+00:00,2026-09-02 06:35:00+00:00,77469.99,77521.47,exit_signal,1,0.000664515382020836,-0.00033564905114435994,False
Scalp,2026-09-02 08:23:00+00:00,2026-09-02 08:28:00+00:00,77289.13,77324.74,exit_signal,5,0.0004607374930989394,-0.0005392232640153427,False
Scalp,2026-09-02 08:32:00+00:00,2026-09-02 08:38:00+00:00,77163.31,77154.6,exit_signal,6,-0.0001128774802428012,-0.001112264909048033,False
Scalp,2026-09-02 08:51:00+00:00,2026-09-02 08:57:00+00:00,76848.88,76858.0,exit_signal,6,0.00011867446864544107,-0.0008809443963906372,False
Scalp,2026-09-02 09:39:00+00:00,2026-09-02 09:47:00+00:00,76581.55,76615.33,exit_signal,8,0.00044109841077899503,-0.0005588427170677424,False
Scalp,2026-09-02 12:35:00+00:00,2026-09-02 13:02:00+00:00,76912.0,76717.55,exit_signal,27,-0.002528214062824996,-0.003525187362112381,False
Scalp,2026-09-02 13:51:00+00:00,2026-09-02 13:53:00+00:00,77121.88,77236.9,exit_signal,2,0.0014914055518355784,0.0004904146417388233,False
Scalp,2026-09-02 14:27:00+00:00,2026-09-02 14:29:00+00:00,77276.58,77327.7,exit_signal,2,0.0006615199585695564,-0.00033864148066942157,False
Scalp,2026-09-02 17:08:00+00:00,2026-09-02 17:11:00+00:00,77098.99,77160.0,exit_signal,3,0.0007913203532237123,-0.00020897082154214264,False
Scalp,2026-09-02 17:20:00+00:00,2026-09-02 17:24:00+00:00,77035.99,77080.31,exit_signal,4,0.0005753155116199338,-0.0004247597662527802,False
Scalp,2026-09-02 22:22:00+00:00,2026-09-02 22:27:00+00:00,77057.16,77056.9,exit_signal,5,-3.3741186413749347e-06,-0.0010028709960839821,False
Scalp,2026-09-02 22:31:00+00:00,2026-09-02 22:33:00+00:00,77031.92,77099.45,exit_signal,2,0.0008766495759160442,-0.00012372688542894306,False
Scalp,2026-09-02 23:19:00+00:00,2026-09-02 23:24:00+00:00,77158.73,77164.0,exit_signal,5,6.830076130071028e-05,-0.0009312677552021364,False
Scalp,2026-09-03 00:10:00+00:00,2026-09-03 00:25:00+00:00,77200.0,77118.95,exit_signal,15,-0.0010498704663213232,-0.0020483213704027836,False
Scalp,2026-09-03 01:38:00+00:00,2026-09-03 01:41:00+00:00,77372.09,77447.01,exit_signal,3,0.0009683078226270236,-3.216025115870824e-05,False
Scalp,2026-09-03 02:59:00+00:00,2026-09-03 03:08:00+00:00,77807.24,77741.78,exit_signal,9,-0.0008413098832449339,-0.0018399692436812387,False
Scalp,2026-09-03 04:30:00+00:00,2026-09-03 04:31:00+00:00,77576.15,77622.56,exit_signal,1,0.0005982508799418085,-0.0004018473218370122,False
Scalp,2026-09-03 05:23:00+00:00,2026-09-03 05:31:00+00:00,77307.9,77246.01,exit_signal,8,-0.0008005650134074171,-0.001799265098351488,False
Scalp,2026-09-03 06:10:00+00:00,2026-09-03 06:17:00+00:00,77727.09,77749.97,exit_signal,7,0.0002943632651113415,-0.0007054312009208141,False
Scalp,2026-09-03 12:45:00+00:00,2026-09-03 12:47:00+00:00,78307.99,78353.19,exit_signal,2,0.0005772080218122699,-0.00042286914762479366,False
Scalp,2026-09-03 13:08:00+00:00,2026-09-03 13:12:00+00:00,78535.92,78591.99,exit_signal,4,0.0007139408311509499,-0.0002862730027630711,False
Scalp,2026-09-03 16:05:00+00:00,2026-09-03 16:09:00+00:00,80832.88,80988.01,exit_signal,4,0.0019191447836572895,0.0009177263480912856,False
Scalp,2026-09-03 21:40:00+00:00,2026-09-03 21:50:00+00:00,81669.94,81673.2,exit_signal,10,3.991676741765815e-05,-0.0009596233792763531,False
Scalp,2026-09-03 22:22:00+00:00,2026-09-03 22:23:00+00:00,81256.01,81363.37,exit_signal,1,0.0013212561138553625,0.00032043526816472045,False
Scalp,2026-09-03 22:29:00+00:00,2026-09-03 22:37:00+00:00,81181.46,81146.4,exit_signal,8,-0.0004318720062439496,-0.0014309405999407554,False
Scalp,2026-09-04 00:59:00+00:00,2026-09-04 01:07:00+00:00,80979.65,81079.64,exit_signal,8,0.001234754657497339,0.00023402027003371906,False
Scalp,2026-09-04 04:40:00+00:00,2026-09-04 04:47:00+00:00,81050.94,81100.0,exit_signal,7,0.0006052983469408968,-0.0003948068987830178,False
Scalp,2026-09-04 09:10:00+00:00,2026-09-04 09:12:00+00:00,81124.0,81156.8,exit_signal,2,0.00040431931364337537,-0.0005955850534865581,False
Scalp,2026-09-04 10:44:00+00:00,2026-09-04 10:46:00+00:00,81051.13,81046.54,exit_signal,2,-5.663091927299302e-05,-0.0010560745665297855,False
Scalp,2026-09-04 10:53:00+00:00,2026-09-04 10:55:00+00:00,81043.04,81107.99,exit_signal,2,0.0008014260077116031,-0.00019887526765827168,False
Scalp,2026-09-04 11:03:00+00:00,2026-09-04 11:06:00+00:00,81106.06,81129.03,exit_signal,3,0.0002832094173974564,-0.0007165739003609506,False
Scalp,2026-09-04 11:36:00+00:00,2026-09-04 11:38:00+00:00,81265.88,81295.98,exit_signal,2,0.0003703891473272325,-0.0006294813065931271,False
Scalp,2026-09-04 12:36:00+00:00,2026-09-04 12:40:00+00:00,79830.01,79950.0,exit_signal,4,0.0015030688333874664,0.0005020662658379305,False
Scalp,2026-09-04 12:47:00+00:00,2026-09-04 12:51:00+00:00,79206.23,79556.04,exit_signal,4,0.004416445524550339,0.003412531036270039,False
Scalp,2026-09-04 12:58:00+00:00,2026-09-04 13:02:00+00:00,79409.53,79536.24,exit_signal,4,0.001595652310245388,0.0005945572054877335,False
Scalp,2026-09-04 17:54:00+00:00,2026-09-04 17:55:00+00:00,79410.85,79465.99,exit_signal,1,0.0006943635535949788,-0.0003058307128253057,False
Scalp,2026-09-04 22:09:00+00:00,2026-09-04 22:11:00+00:00,79646.25,79659.92,exit_signal,2,0.0001716339438453396,-0.0008280378541993816,False
Scalp,2026-09-05 02:04:00+00:00,2026-09-05 02:06:00+00:00,79481.13,79523.63,exit_signal,2,0.0005347181148531721,-0.00046531658591120184,False
Scalp,2026-09-05 03:54:00+00:00,2026-09-05 04:05:00+00:00,79600.6,79585.51,exit_signal,11,-0.0001895714353913336,-0.0011888822085693862,False
Scalp,2026-09-05 04:12:00+00:00,2026-09-05 04:15:00+00:00,79525.11,79540.0,exit_signal,3,0.0001872364590254083,-0.0008124509337371633,False
Scalp,2026-09-05 08:06:00+00:00,2026-09-05 08:11:00+00:00,79642.01,79659.88,exit_signal,5,0.0002243790682832092,-0.0007753454485264211,False
Scalp,2026-09-05 09:18:00+00:00,2026-09-05 09:21:00+00:00,79695.0,79700.94,exit_signal,3,7.453416149072467e-05,-0.0009250405852970767,False
Scalp,2026-09-05 09:25:00+00:00,2026-09-05 09:28:00+00:00,79697.72,79697.72,exit_signal,3,0.0,-0.0009995002498750516,False
Scalp,2026-09-05 09:48:00+00:00,2026-09-05 09:53:00+00:00,79652.72,79656.23,exit_signal,5,4.406629177244881e-05,-0.0009554780023720566,False
Scalp,2026-09-05 10:08:00+00:00,2026-09-05 10:18:00+00:00,79629.95,79622.0,exit_signal,10,-9.983680763325786e-05,-0.0010992372705942444,False
Scalp,2026-09-05 14:39:00+00:00,2026-09-05 14:41:00+00:00,79728.89,79740.26,exit_signal,2,0.00014260828164047723,-0.0008570345052477668,False
Scalp,2026-09-05 16:09:00+00:00,2026-09-05 16:12:00+00:00,79772.0,79802.0,exit_signal,3,0.0003760718046432743,-0.0006238043290944795,False
Scalp,2026-09-05 17:02:00+00:00,2026-09-05 17:08:00+00:00,80033.0,80131.8,exit_signal,6,0.0012344907725563292,0.00023375664884572878,False
Scalp,2026-09-05 21:34:00+00:00,2026-09-05 21:39:00+00:00,79852.0,79850.02,exit_signal,5,-2.4795872363814198e-05,-0.0010242713387580427,False
Scalp,2026-09-05 22:45:00+00:00,2026-09-05 22:50:00+00:00,79769.99,79786.57,exit_signal,5,0.00020784758779579526,-0.0007918604057951528,False
Scalp,2026-09-05 23:05:00+00:00,2026-09-05 23:08:00+00:00,79750.62,79746.0,exit_signal,3,-5.79305841132971e-05,-0.0010573729323547498,False
Scalp,2026-09-06 04:39:00+00:00,2026-09-06 04:40:00+00:00,79902.7,79913.57,exit_signal,1,0.000136040459208564,-0.0008635957631393243,False
Scalp,2026-09-06 05:07:00+00:00,2026-09-06 05:19:00+00:00,79863.58,79810.0,exit_signal,12,-0.0006708940420652176,-0.0016697237331776416,False
Scalp,2026-09-06 06:30:00+00:00,2026-09-06 06:33:00+00:00,79834.46,79840.01,exit_signal,3,6.951885188422047e-05,-0.0009300508821006304,False
Scalp,2026-09-06 06:59:00+00:00,2026-09-06 07:00:00+00:00,79760.63,79784.65,exit_signal,1,0.00030115108168016214,-0.0006986501687762381,False
Scalp,2026-09-06 09:38:00+00:00,2026-09-06 09:50:00+00:00,79922.02,79854.61,exit_signal,12,-0.0008434471501096441,-0.0018421043743472865,False
Scalp,2026-09-06 10:51:00+00:00,2026-09-06 10:54:00+00:00,79989.17,80000.0,exit_signal,3,0.00013539332887191335,-0.0008642422466691446,False
Scalp,2026-09-06 11:11:00+00:00,2026-09-06 11:14:00+00:00,79958.0,79953.99,exit_signal,3,-5.015132944785616e-05,-0.0010496014530564368,False
Scalp,2026-09-06 11:23:00+00:00,2026-09-06 11:28:00+00:00,79939.39,79959.99,exit_signal,5,0.00025769523635355007,-0.0007420625799745562,False
Scalp,2026-09-06 11:32:00+00:00,2026-09-06 11:34:00+00:00,79908.0,79938.0,exit_signal,2,0.0003754317465085588,-0.0006244437474909326,False
Scalp,2026-09-06 13:32:00+00:00,2026-09-06 13:35:00+00:00,79796.78,79795.03,exit_signal,3,-2.1930709484752064e-05,-0.0010214090396101216,False
Scalp,2026-09-06 14:24:00+00:00,2026-09-06 14:26:00+00:00,79646.54,79656.79,exit_signal,2,0.00012869360050049572,-0.0008709352786603342,False
Scalp,2026-09-06 14:48:00+00:00,2026-09-06 14:51:00+00:00,79577.99,79683.98,exit_signal,3,0.0013319009439669571,0.00033106945876570926,False
Scalp,2026-09-06 18:44:00+00:00,2026-09-06 18:52:00+00:00,79942.0,79944.0,exit_signal,8,2.5018138150256775e-05,-0.0009745071173600239,False
Scalp,2026-09-06 19:19:00+00:00,2026-09-06 19:25:00+00:00,79861.2,79861.62,exit_signal,6,5.259124581158403e-06,-0.0009942463817900205,False
Scalp,2026-09-06 20:42:00+00:00,2026-09-06 20:45:00+00:00,79916.01,79954.0,exit_signal,3,0.00047537408336584264,-0.0005246013030242302,False
Scalp,2026-09-06 20:56:00+00:00,2026-09-06 21:00:00+00:00,79899.35,79912.0,exit_signal,4,0.0001583241916234268,-0.0008413343033204512,False
Scalp,2026-09-06 22:21:00+00:00,2026-09-06 22:24:00+00:00,79670.0,79737.26,exit_signal,3,0.0008442324588928685,-0.00015611160153572445,False
Scalp,2026-09-06 23:54:00+00:00,2026-09-07 00:03:00+00:00,80408.53,80346.67,exit_signal,9,-0.0007693213642880892,-0.0017680526772672067,False
Scalp,2026-09-07 02:56:00+00:00,2026-09-07 03:03:00+00:00,80116.68,79958.41,exit_signal,7,-0.0019754937423765995,-0.0029730194857623404,False
Scalp,2026-09-07 03:10:00+00:00,2026-09-07 03:19:00+00:00,79836.79,79803.78,exit_signal,9,-0.00041346852747958796,-0.0014125555154580471,False
Scalp,2026-09-07 03:41:00+00:00,2026-09-07 03:43:00+00:00,79674.26,79661.95,exit_signal,2,-0.00015450410207762388,-0.0011538499250639545,False
Scalp,2026-09-07 07:06:00+00:00,2026-09-07 07:07:00+00:00,79606.0,79639.1,exit_signal,1,0.00041579780418565804,-0.0005841180356985776,False
Scalp,2026-09-07 07:30:00+00:00,2026-09-07 07:32:00+00:00,79424.33,79507.36,exit_signal,2,0.0010453975500956947,4.485242510843257e-05,False
Scalp,2026-09-07 07:37:00+00:00,2026-09-07 07:43:00+00:00,79296.25,79250.0,exit_signal,6,-0.0005832558286174017,-0.0015821731141458795,False
Scalp,2026-09-07 09:55:00+00:00,2026-09-07 09:58:00+00:00,79326.86,79353.99,exit_signal,3,0.00034200269618644974,-0.000657839385468928,False
Scalp,2026-09-07 13:03:00+00:00,2026-09-07 13:05:00+00:00,79543.12,79596.01,exit_signal,2,0.0006649223716646002,-0.0003352424682868671,False
Scalp,2026-09-07 13:35:00+00:00,2026-09-07 13:40:00+00:00,79404.0,79414.86,exit_signal,5,0.00013676892851743894,-0.0008628680219356921,False
Scalp,2026-09-07 14:09:00+00:00,2026-09-07 14:12:00+00:00,79156.45,79210.0,exit_signal,3,0.0006765083578155195,-0.0003236680623320831,False
Scalp,2026-09-07 14:32:00+00:00,2026-09-07 14:36:00+00:00,79032.0,79087.99,exit_signal,4,0.0007084472112561802,-0.000291761131783308,False
Scalp,2026-09-07 15:32:00+00:00,2026-09-07 15:43:00+00:00,78930.62,78775.71,exit_signal,11,-0.0019626096944378446,-0.0029601483154327868,False
Scalp,2026-09-07 16:46:00+00:00,2026-09-07 16:52:00+00:00,79008.01,79002.0,exit_signal,6,-7.606823662553719e-05,-0.0010754924562789148,False
Scalp,2026-09-07 17:59:00+00:00,2026-09-07 18:00:00+00:00,79181.99,79185.74,exit_signal,1,4.7359254295109565e-05,-0.0009521883311662815,False
Scalp,2026-09-07 19:43:00+00:00,2026-09-07 19:50:00+00:00,79342.0,79374.95,exit_signal,7,0.0004152907665548877,-0.0005846245665451777,False
Scalp,2026-09-07 19:58:00+00:00,2026-09-07 20:00:00+00:00,79353.53,79365.81,exit_signal,2,0.000154750519605118,-0.0008449044034528619,False
Scalp,2026-09-07 20:07:00+00:00,2026-09-07 20:18:00+00:00,79268.0,79242.0,exit_signal,11,-0.0003280012110813413,-0.0013271736236638576,False
Scalp,2026-09-07 22:32:00+00:00,2026-09-07 22:46:00+00:00,79067.97,78856.55,exit_signal,14,-0.002673901960553615,-0.003670729644751014,False
Scalp,2026-09-08 02:44:00+00:00,2026-09-08 02:46:00+00:00,79118.47,79145.61,exit_signal,2,0.0003430298892281858,-0.0006568132191067111,False
Scalp,2026-09-08 02:53:00+00:00,2026-09-08 03:02:00+00:00,79020.45,78988.38,exit_signal,9,-0.00040584430992218756,-0.001404938918307952,False
Scalp,2026-09-08 03:15:00+00:00,2026-09-08 03:17:00+00:00,78921.16,78945.7,exit_signal,2,0.0003109432248586952,-0.0006888678128471604,False
Scalp,2026-09-08 03:21:00+00:00,2026-09-08 03:26:00+00:00,78830.42,78830.28,exit_signal,5,-1.775964151851106e-06,-0.0010012744389502615,False
Scalp,2026-09-08 04:38:00+00:00,2026-09-08 04:40:00+00:00,78804.0,78828.88,exit_signal,2,0.00031572001421253937,-0.0006840957978955231,False
Scalp,2026-09-08 04:58:00+00:00,2026-09-08 05:02:00+00:00,78699.23,78712.59,exit_signal,4,0.000169760237806571,-0.0008299096874684331,False
Scalp,2026-09-08 06:37:00+00:00,2026-09-08 06:39:00+00:00,78375.96,78422.01,exit_signal,2,0.0005875526117955499,-0.0004125348970616116,False
Scalp,2026-09-08 10:29:00+00:00,2026-09-08 10:40:00+00:00,78841.97,78722.0,exit_signal,11,-0.0015216514757304678,-0.0025196308345750706,False
Scalp,2026-09-08 11:08:00+00:00,2026-09-08 11:17:00+00:00,78388.26,78344.0,exit_signal,9,-0.0005646253660942513,-0.0015635612727745718,False
Scalp,2026-09-08 12:15:00+00:00,2026-09-08 12:19:00+00:00,78222.01,78254.01,exit_signal,4,0.00040909201898542413,-0.0005908171184648703,False
Scalp,2026-09-08 13:34:00+00:00,2026-09-08 13:45:00+00:00,78145.15,77844.27,exit_signal,11,-0.0038502709381195155,-0.004845922841229866,False
Scalp,2026-09-08 16:03:00+00:00,2026-09-08 16:06:00+00:00,78780.01,78803.82,exit_signal,3,0.0003022340311966687,-0.0006975683016680057,False
Scalp,2026-09-08 17:28:00+00:00,2026-09-08 17:29:00+00:00,78557.99,78596.39,exit_signal,1,0.0004888108771621269,-0.0005111779393067728,False
Scalp,2026-09-08 18:28:00+00:00,2026-09-08 18:32:00+00:00,78725.64,78763.99,exit_signal,4,0.00048713481402007375,-0.0005128523272232011,False
Scalp,2026-09-08 18:37:00+00:00,2026-09-08 18:44:00+00:00,78662.0,78610.0,exit_signal,7,-0.00066105616434875,-0.001659895688422175,False
Scalp,2026-09-08 18:50:00+00:00,2026-09-08 18:54:00+00:00,78340.42,78409.87,exit_signal,4,0.0008865155433170901,-0.00011387077906488408,False
Scalp,2026-09-09 00:24:00+00:00,2026-09-09 00:35:00+00:00,78666.0,78630.06,exit_signal,11,-0.000456868278544742,-0.00145591188846117,False
Scalp,2026-09-09 02:18:00+00:00,2026-09-09 02:19:00+00:00,78694.0,78785.99,exit_signal,1,0.0011689582433223045,0.0001682896193910821,False
Scalp,2026-09-09 03:16:00+00:00,2026-09-09 03:19:00+00:00,78606.0,78618.24,exit_signal,3,0.0001557133043279535,-0.0008439425810335965,False
Scalp,2026-09-09 05:04:00+00:00,2026-09-09 05:06:00+00:00,79087.13,79126.03,exit_signal,2,0.0004918625824454903,-0.0005081292842036289,False
Scalp,2026-09-09 05:42:00+00:00,2026-09-09 05:53:00+00:00,78921.99,78884.0,exit_signal,11,-0.00048136140510401937,-0.0014803805341343512,False
Scalp,2026-09-09 09:20:00+00:00,2026-09-09 10:01:00+00:00,79487.96,79008.0,exit_signal,41,-0.006038147160903451,-0.007031612281182431,False
Scalp,2026-09-09 10:56:00+00:00,2026-09-09 10:58:00+00:00,78903.32,78924.15,exit_signal,2,0.00026399396121723484,-0.00073577015068782,False
Scalp,2026-09-09 11:04:00+00:00,2026-09-09 11:08:00+00:00,78784.24,78800.49,exit_signal,4,0.00020625952601682762,-0.0007934468803058037,False
Scalp,2026-09-09 12:15:00+00:00,2026-09-09 12:22:00+00:00,79390.0,79392.01,exit_signal,7,2.5318050132172587e-05,-0.0009742075051401011,False
Scalp,2026-09-09 16:42:00+00:00,2026-09-09 16:45:00+00:00,78784.0,78806.01,exit_signal,3,0.00027937144597878216,-0.000720408035726261,False
Scalp,2026-09-09 16:51:00+00:00,2026-09-09 16:58:00+00:00,78762.0,78779.66,exit_signal,7,0.00022421980142706133,-0.000775504556195461,False
Scalp,2026-09-09 19:47:00+00:00,2026-09-09 19:50:00+00:00,78297.62,78332.0,exit_signal,3,0.00043909380642737084,-0.0005608453178168604,False
Scalp,2026-09-09 22:10:00+00:00,2026-09-09 22:12:00+00:00,77854.66,77948.01,exit_signal,2,0.0011990290626147093,0.00019833038289207572,False
Scalp,2026-09-10 00:16:00+00:00,2026-09-10 00:24:00+00:00,78287.75,78300.0,exit_signal,8,0.00015647403329377418,-0.0008431826124164488,False
Scalp,2026-09-10 01:14:00+00:00,2026-09-10 01:24:00+00:00,78317.73,78262.79,exit_signal,10,-0.0007015014352433901,-0.0017003005342584032,False
Scalp,2026-09-10 04:38:00+00:00,2026-09-10 04:47:00+00:00,78370.39,78368.64,exit_signal,9,-2.232986208183796e-05,-0.0010218077932541147,False
Scalp,2026-09-10 07:02:00+00:00,2026-09-10 07:11:00+00:00,78329.35,78235.04,exit_signal,9,-0.0012040186724390223,-0.0022023155053499943,False
Scalp,2026-09-10 07:23:00+00:00,2026-09-10 07:38:00+00:00,78112.01,77983.22,exit_signal,15,-0.0016487861469701715,-0.0026466384346791605,False
Scalp,2026-09-10 09:43:00+00:00,2026-09-10 09:44:00+00:00,77938.87,77978.0,exit_signal,1,0.0005020601402099256,-0.000497941918900624,False
Scalp,2026-09-10 12:40:00+00:00,2026-09-10 12:50:00+00:00,77110.22,77041.33,exit_signal,10,-0.0008933964914118464,-0.0018920037912704135,False
Scalp,2026-09-10 13:15:00+00:00,2026-09-10 13:22:00+00:00,76835.32,76902.0,exit_signal,7,0.0008678300552400486,-0.0001325375909918547,False
Scalp,2026-09-10 17:41:00+00:00,2026-09-10 17:49:00+00:00,77356.0,77382.01,exit_signal,8,0.0003362376544804313,-0.0006635986650141978,False
Scalp,2026-09-10 18:28:00+00:00,2026-09-10 18:35:00+00:00,77098.0,77088.01,exit_signal,7,-0.00012957534566404583,-0.0011289460849485122,False
Scalp,2026-09-10 22:39:00+00:00,2026-09-10 22:46:00+00:00,76899.02,76890.79,exit_signal,7,-0.00010702347052027328,-0.0011064167504097888,False
Scalp,2026-09-10 22:54:00+00:00,2026-09-10 23:01:00+00:00,76915.0,76867.59,exit_signal,7,-0.0006163947214458121,-0.0016152788846425237,False
Scalp,2026-09-11 04:37:00+00:00,2026-09-11 04:42:00+00:00,77140.0,77130.09,exit_signal,5,-0.00012846772102670379,-0.0011278395673823827,False
Scalp,2026-09-11 06:23:00+00:00,2026-09-11 06:29:00+00:00,77310.0,77276.01,exit_signal,6,-0.00043965851765626063,-0.0014387193287330735,False
Scalp,2026-09-11 06:36:00+00:00,2026-09-11 06:38:00+00:00,77200.0,77232.86,exit_signal,2,0.0004256476683937027,-0.0005742780164320616,False
Scalp,2026-09-11 07:16:00+00:00,2026-09-11 07:19:00+00:00,77323.38,77358.11,exit_signal,3,0.0004491526366281473,-0.0005507965414194294,False
Scalp,2026-09-11 07:27:00+00:00,2026-09-11 07:31:00+00:00,77324.0,77337.15,exit_signal,4,0.0001700636283687995,-0.000829606600145083,False
Scalp,2026-09-11 09:27:00+00:00,2026-09-11 09:43:00+00:00,77184.2,76945.6,exit_signal,16,-0.003091306251797543,-0.004087716740301284,False
Scalp,2026-09-11 11:04:00+00:00,2026-09-11 11:14:00+00:00,76913.74,76831.06,exit_signal,10,-0.0010749704799170035,-0.0020733962965285846,False
Scalp,2026-09-11 11:33:00+00:00,2026-09-11 11:38:00+00:00,76829.88,76876.0,exit_signal,5,0.0006002872840618068,-0.00039981295310365095,False
Scalp,2026-09-11 14:10:00+00:00,2026-09-11 14:14:00+00:00,79032.01,79166.06,exit_signal,4,0.001696148180971191,0.0006949526305655152,False
Scalp,2026-09-11 15:56:00+00:00,2026-09-11 15:59:00+00:00,77392.15,77640.44,exit_signal,3,0.003208206517069323,0.0022054996639788715,False
Scalp,2026-09-11 16:22:00+00:00,2026-09-11 16:26:00+00:00,77457.74,77659.71,exit_signal,4,0.0026074863532037362,0.0016053799200672625,False
Scalp,2026-09-11 18:05:00+00:00,2026-09-11 18:09:00+00:00,77150.01,77151.31,exit_signal,4,1.68502894555278e-05,-0.0009826668022877572,False
Scalp,2026-09-11 21:54:00+00:00,2026-09-11 22:05:00+00:00,77228.0,77164.0,exit_signal,11,-0.000828714973843736,-0.0018273869228953021,False
Scalp,2026-09-12 01:24:00+00:00,2026-09-12 01:30:00+00:00,77326.0,77329.61,exit_signal,6,4.6685461552398166e-05,-0.0009528614504530353,False
Scalp,2026-09-12 04:12:00+00:00,2026-09-12 04:30:00+00:00,77302.93,77252.01,exit_signal,18,-0.0006587072443438036,-0.0016575491161635592,False
Scalp,2026-09-12 04:57:00+00:00,2026-09-12 05:11:00+00:00,77226.51,77182.33,exit_signal,14,-0.0005720833428830563,-0.0015710117953137148,False
Scalp,2026-09-12 06:38:00+00:00,2026-09-12 06:40:00+00:00,77264.01,77283.99,exit_signal,2,0.0002585938783141728,-0.0007411648362066758,False
Scalp,2026-09-12 06:55:00+00:00,2026-09-12 07:02:00+00:00,77310.01,77308.01,exit_signal,7,-2.5869871184802662e-05,-0.0010253442641169341,False
Scalp,2026-09-12 07:29:00+00:00,2026-09-12 07:45:00+00:00,77311.09,77286.48,exit_signal,16,-0.00031832431802480965,-0.0013175064026642591,False
Scalp,2026-09-12 08:01:00+00:00,2026-09-12 08:04:00+00:00,77276.92,77300.82,exit_signal,3,0.0003092773366226709,-0.0006905320360276468,False
Scalp,2026-09-12 08:57:00+00:00,2026-09-12 09:00:00+00:00,77355.45,77360.0,exit_signal,3,5.881938505947204e-05,-0.0009407396548055669,False
Scalp,2026-09-12 10:20:00+00:00,2026-09-12 10:29:00+00:00,77389.63,77380.1,exit_signal,9,-0.00012314311361871777,-0.0011225202819207247,False
Scalp,2026-09-12 10:52:00+00:00,2026-09-12 10:56:00+00:00,77350.07,77351.59,exit_signal,4,1.965091951428022e-05,-0.0009798689714597408,False
Scalp,2026-09-12 11:11:00+00:00,2026-09-12 11:13:00+00:00,77307.09,77320.0,exit_signal,2,0.0001669963259516294,-0.000832670836792837,False
Scalp,2026-09-12 12:13:00+00:00,2026-09-12 12:17:00+00:00,77336.0,77337.99,exit_signal,4,2.5731871314826904e-05,-0.0009737940975719228,False
Scalp,2026-09-12 12:22:00+00:00,2026-09-12 12:25:00+00:00,77315.98,77315.99,exit_signal,3,1.2933936832659754e-07,-0.000999371039781427,False
Scalp,2026-09-12 12:55:00+00:00,2026-09-12 12:59:00+00:00,77300.0,77310.0,exit_signal,4,0.0001293661060801643,-0.0008702634452500968,False
Scalp,2026-09-12 14:16:00+00:00,2026-09-12 14:19:00+00:00,77368.94,77368.95,exit_signal,3,1.292508335914988e-07,-0.0009993711282275664,False
Scalp,2026-09-12 15:00:00+00:00,2026-09-12 15:03:00+00:00,77461.25,77463.76,exit_signal,3,3.2403298423355764e-05,-0.0009671293385564717,False
Scalp,2026-09-12 17:14:00+00:00,2026-09-12 17:17:00+00:00,77351.99,77356.97,exit_signal,3,6.438101980310584e-05,-0.0009351835789173091,False
Scalp,2026-09-12 17:50:00+00:00,2026-09-12 17:55:00+00:00,77192.0,77188.55,exit_signal,5,-4.469375064775072e-05,-0.0010441493291076798,False
Scalp,2026-09-12 18:04:00+00:00,2026-09-12 18:06:00+00:00,77191.48,77215.68,exit_signal,2,0.0003135061019687857,-0.0006863074973334493,False
Scalp,2026-09-12 18:20:00+00:00,2026-09-12 18:22:00+00:00,77130.94,77165.17,exit_signal,2,0.00044379077967926506,-0.0005561530391909875,False
Scalp,2026-09-12 20:21:00+00:00,2026-09-12 20:24:00+00:00,77167.73,77172.0,exit_signal,3,5.5334010732321914e-05,-0.0009442215455002234,False
Scalp,2026-09-12 20:38:00+00:00,2026-09-12 20:43:00+00:00,77176.0,77196.75,exit_signal,5,0.0002688659686949091,-0.0007309030127828908,False
Scalp,2026-09-12 21:15:00+00:00,2026-09-12 21:18:00+00:00,77165.53,77171.0,exit_signal,3,7.088657331832948e-05,-0.0009286845277043376,False
Scalp,2026-09-12 22:46:00+00:00,2026-09-12 22:47:00+00:00,77196.18,77207.56,exit_signal,1,0.00014741662087436325,-0.0008522309719499743,False
Scalp,2026-09-12 23:22:00+00:00,2026-09-12 23:29:00+00:00,77267.03,77251.64,exit_signal,7,-0.0001991793912616835,-0.0011984805612853533,False
Scalp,2026-09-13 03:39:00+00:00,2026-09-13 03:43:00+00:00,77202.01,77213.46,exit_signal,4,0.0001483122006797899,-0.0008513362872766272,False
Scalp,2026-09-13 03:51:00+00:00,2026-09-13 03:55:00+00:00,77196.82,77207.69,exit_signal,4,0.00014080890896805975,-0.000858832079446592,False
Scalp,2026-09-13 06:12:00+00:00,2026-09-13 06:14:00+00:00,77302.01,77316.77,exit_signal,2,0.0001909394076557991,-0.0008087516862047561,False
Scalp,2026-09-13 06:26:00+00:00,2026-09-13 06:29:00+00:00,77292.92,77296.43,exit_signal,3,4.541166254279361e-05,-0.0009541339762999534,False
Scalp,2026-09-13 06:43:00+00:00,2026-09-13 06:46:00+00:00,77280.0,77261.97,exit_signal,3,-0.00023330745341609838,-0.0012325745124331933,False
Scalp,2026-09-13 06:58:00+00:00,2026-09-13 07:00:00+00:00,77096.85,77122.35,exit_signal,2,0.0003307528128582149,-0.000669078024535974,False
Scalp,2026-09-13 07:55:00+00:00,2026-09-13 07:59:00+00:00,77125.01,77123.06,exit_signal,4,-2.528362719167454e-05,-0.0010247586060748715,False
Scalp,2026-09-13 08:08:00+00:00,2026-09-13 08:16:00+00:00,77139.59,77066.16,exit_signal,8,-0.000951910685550561,-0.0019504595004573577,False
Scalp,2026-09-13 08:20:00+00:00,2026-09-13 08:26:00+00:00,77014.01,77034.37,exit_signal,6,0.00026436748326696957,-0.0007353970019734479,False
Scalp,2026-09-13 09:34:00+00:00,2026-09-13 09:36:00+00:00,76576.0,76692.01,exit_signal,2,0.001514965524446188,0.0005139510661509306,False
Scalp,2026-09-13 12:31:00+00:00,2026-09-13 12:40:00+00:00,76840.0,76788.02,exit_signal,9,-0.0006764705882352784,-0.0016752947055881373,False
Scalp,2026-09-13 13:28:00+00:00,2026-09-13 13:31:00+00:00,76590.98,76610.01,exit_signal,3,0.00024846267798106503,-0.0007512859104025216,False
Scalp,2026-09-13 15:05:00+00:00,2026-09-13 15:09:00+00:00,77127.04,77134.0,exit_signal,4,9.024072491325974e-05,-0.0009093497205888701,False
Scalp,2026-09-13 15:19:00+00:00,2026-09-13 15:23:00+00:00,77027.31,77051.81,exit_signal,4,0.00031806900695352525,-0.0006817491529735875,False
Scalp,2026-09-13 16:31:00+00:00,2026-09-13 16:39:00+00:00,77258.99,77260.95,exit_signal,8,2.5369215931991818e-05,-0.0009741563904808181,False
Scalp,2026-09-13 16:48:00+00:00,2026-09-13 16:53:00+00:00,77275.36,77286.01,exit_signal,5,0.00013781883384300642,-0.0008618191659908181,False
Scalp,2026-09-13 17:19:00+00:00,2026-09-13 17:37:00+00:00,77358.01,77283.08,exit_signal,18,-0.0009686133342881043,-0.001967145454893404,False
Scalp,2026-09-13 19:22:00+00:00,2026-09-13 19:23:00+00:00,77250.01,77262.01,exit_signal,1,0.00015533978571657947,-0.0008443157263131607,False
Scalp,2026-09-13 19:35:00+00:00,2026-09-13 19:43:00+00:00,77237.47,77237.51,exit_signal,8,5.178833537566874e-07,-0.0009989828841456827,False
Scalp,2026-09-13 20:38:00+00:00,2026-09-13 20:44:00+00:00,77315.15,77319.72,exit_signal,6,5.910872578018811e-05,-0.0009404506032808513,False
Scalp,2026-09-13 21:40:00+00:00,2026-09-13 21:41:00+00:00,77360.71,77400.81,exit_signal,1,0.0005183509820423371,-0.00048166735976862274,False
Scalp,2026-09-13 22:02:00+00:00,2026-09-13 22:08:00+00:00,77130.01,77063.14,exit_signal,6,-0.0008669777172334303,-0.0018656114226633935,False
Scalp,2026-09-13 22:17:00+00:00,2026-09-13 22:26:00+00:00,76836.0,76840.15,exit_signal,9,5.4011140611098796e-05,-0.0009455430934124376,False
Scalp,2026-09-13 22:43:00+00:00,2026-09-13 22:46:00+00:00,76766.01,76783.99,exit_signal,3,0.00023421824320446483,-0.00076551610786324,False
Scalp,2026-09-13 22:59:00+00:00,2026-09-13 23:03:00+00:00,76702.0,76740.32,exit_signal,4,0.0004995958384397259,-0.0005004037576005205,False
Scalp,2026-09-13 23:52:00+00:00,2026-09-13 23:54:00+00:00,76811.27,76824.64,exit_signal,2,0.00017406299882805065,-0.0008256112270577098,False
Scalp,2026-09-14 00:13:00+00:00,2026-09-14 00:32:00+00:00,76942.01,76669.45,exit_signal,19,-0.0035424081070926094,-0.00453836771917937,False
Scalp,2026-09-14 02:42:00+00:00,2026-09-14 02:43:00+00:00,77467.87,77503.7,exit_signal,1,0.0004625143301346668,-0.0005374482029290029,False
Scalp,2026-09-14 03:35:00+00:00,2026-09-14 03:47:00+00:00,77666.28,77566.56,exit_signal,12,-0.0012839548900758224,-0.0022821718267173052,False
Scalp,2026-09-14 03:52:00+00:00,2026-09-14 03:55:00+00:00,77518.75,77557.99,exit_signal,3,0.000506200112875943,-0.000493806084138293,False
Scalp,2026-09-14 06:18:00+00:00,2026-09-14 06:37:00+00:00,77743.99,77497.25,exit_signal,19,-0.0031737501509763177,-0.004170078236782282,False
Scalp,2026-09-14 12:38:00+00:00,2026-09-14 12:41:00+00:00,77814.01,77898.0,exit_signal,3,0.0010793686124130897,7.878953334028438e-05,False
Scalp,2026-09-14 21:13:00+00:00,2026-09-14 21:19:00+00:00,78928.0,78942.01,exit_signal,6,0.00017750354753687247,-0.0008221741171781094,False
Scalp,2026-09-14 21:28:00+00:00,2026-09-14 21:31:00+00:00,78895.75,78949.01,exit_signal,3,0.0006750680486591332,-0.00032510693189913287,False
Scalp,2026-09-14 21:38:00+00:00,2026-09-14 21:42:00+00:00,78812.19,78866.0,exit_signal,4,0.0006827624000804722,-0.0003174202709839147,False
Scalp,2026-09-14 21:55:00+00:00,2026-09-14 21:57:00+00:00,78770.51,78794.01,exit_signal,2,0.00029833499871978475,-0.0007014634370610118,False
Scalp,2026-09-14 22:29:00+00:00,2026-09-14 22:37:00+00:00,78544.2,78627.79,exit_signal,8,0.0010642415353392387,6.36775757836272e-05,False
Scalp,2026-09-14 23:20:00+00:00,2026-09-14 23:24:00+00:00,78376.58,78411.77,exit_signal,4,0.00044898616397914815,-0.0005509628476787487,False
Scalp,2026-09-14 23:33:00+00:00,2026-09-14 23:41:00+00:00,78313.85,78342.47,exit_signal,8,0.00036545259874198877,-0.000634412921096783,False
Scalp,2026-09-14 23:53:00+00:00,2026-09-15 00:01:00+00:00,78157.36,78199.65,exit_signal,8,0.0005410878770726324,-0.0004589531902707833,False
Scalp,2026-09-15 02:51:00+00:00,2026-09-15 02:53:00+00:00,77831.87,77864.68,exit_signal,2,0.00042154968138374826,-0.0005783719075032057,False
Scalp,2026-09-15 03:03:00+00:00,2026-09-15 03:21:00+00:00,77792.4,77799.71,exit_signal,18,9.396804829275851e-05,-0.000905626122669978,False
Scalp,2026-09-15 06:25:00+00:00,2026-09-15 06:32:00+00:00,77462.47,77420.43,exit_signal,7,-0.0005427144267412531,-0.0015416722334110622,False
Scalp,2026-09-15 06:50:00+00:00,2026-09-15 06:58:00+00:00,77327.74,77259.81,exit_signal,8,-0.0008784687099352428,-0.0018770909301150107,False
Scalp,2026-09-15 07:09:00+00:00,2026-09-15 07:10:00+00:00,77194.55,77265.83,exit_signal,1,0.0009233812490647697,-7.704192059920789e-05,False
Scalp,2026-09-15 07:49:00+00:00,2026-09-15 07:59:00+00:00,77033.04,76910.01,exit_signal,10,-0.0015971069037389318,-0.002595010844864465,False
Scalp,2026-09-15 08:03:00+00:00,2026-09-15 08:14:00+00:00,76844.74,76780.0,exit_signal,11,-0.000842477962707755,-0.001841136155648515,False
Scalp,2026-09-15 11:51:00+00:00,2026-09-15 11:52:00+00:00,76852.5,76928.65,exit_signal,1,0.0009908591132363753,-9.631500569762252e-06,False
Scalp,2026-09-15 13:39:00+00:00,2026-09-15 13:56:00+00:00,76360.71,76295.12,exit_signal,17,-0.0008589495828419391,-0.0018575913123941579,False
Scalp,2026-09-15 14:42:00+00:00,2026-09-15 14:44:00+00:00,75797.49,75948.72,exit_signal,2,0.00199518480097427,0.0009936903633922523,False
Scalp,2026-09-15 14:48:00+00:00,2026-09-15 14:54:00+00:00,75822.01,75800.79,exit_signal,6,-0.00027986596504103733,-0.0012790864888140296,False
Scalp,2026-09-15 16:15:00+00:00,2026-09-15 16:17:00+00:00,76282.01,76346.01,exit_signal,2,0.0008389920506814974,-0.00016134677195778213,False
Scalp,2026-09-15 17:45:00+00:00,2026-09-15 17:46:00+00:00,76772.01,76880.0,exit_signal,1,0.0014066324432564503,0.00040572626390278366,False
Scalp,2026-09-15 18:49:00+00:00,2026-09-15 18:52:00+00:00,75194.3,75483.1,exit_signal,3,0.0038407166500653567,0.0028373776029388953,False
Scalp,2026-09-15 21:58:00+00:00,2026-09-15 22:03:00+00:00,75506.5,75557.81,exit_signal,5,0.0006795441452061013,-0.00032063530921189187,False
Scalp,2026-09-15 22:08:00+00:00,2026-09-15 22:11:00+00:00,75458.95,75444.76,exit_signal,3,-0.00018804926387128162,-0.0011873615584599984,False
Scalp,2026-09-15 23:33:00+00:00,2026-09-15 23:36:00+00:00,75617.96,75688.24,exit_signal,3,0.0009294088335627393,-7.102036067363482e-05,False
Scalp,2026-09-16 01:58:00+00:00,2026-09-16 01:59:00+00:00,75473.28,75523.48,exit_signal,1,0.0006651360587481836,-0.0003350289947838814,False
Scalp,2026-09-16 02:46:00+00:00,2026-09-16 02:50:00+00:00,75935.32,75992.0,exit_signal,4,0.0007464247204067576,-0.0002538215811628275,False
Scalp,2026-09-16 03:54:00+00:00,2026-09-16 03:57:00+00:00,75774.64,75792.0,exit_signal,3,0.00022910039559409512,-0.0007706288401834183,False
Scalp,2026-09-16 09:16:00+00:00,2026-09-16 09:19:00+00:00,75812.01,75814.68,exit_signal,3,3.521869424116808e-05,-0.0009643167567274791,False
Scalp,2026-09-16 12:30:00+00:00,2026-09-16 12:34:00+00:00,75934.8,75986.36,exit_signal,4,0.0006790035662171956,-0.0003211753478916668,False
Scalp,2026-09-16 17:51:00+00:00,2026-09-16 17:53:00+00:00,75388.22,75439.94,exit_signal,2,0.000686048828318242,-0.0003141371275319216,False
Scalp,2026-09-16 20:12:00+00:00,2026-09-16 20:14:00+00:00,76158.0,76222.0,exit_signal,2,0.0008403582026839107,-0.000159981985424551,False
Scalp,2026-09-16 20:28:00+00:00,2026-09-16 20:31:00+00:00,76130.03,76236.01,exit_signal,3,0.001392091924829142,0.0003912002787274105,False
Scalp,2026-09-16 22:03:00+00:00,2026-09-16 22:10:00+00:00,75774.01,75753.44,exit_signal,7,-0.00027146511053055544,-0.001270694030959807,False
Scalp,2026-09-16 23:28:00+00:00,2026-09-16 23:29:00+00:00,76076.01,76114.0,exit_signal,1,0.0004993689863599382,-0.0005006303829417913,False
Scalp,2026-09-17 01:42:00+00:00,2026-09-17 01:45:00+00:00,76517.82,76607.89,exit_signal,3,0.0011771114231950985,0.00017643465015870774,False
Scalp,2026-09-17 04:14:00+00:00,2026-09-17 04:18:00+00:00,76304.0,76320.01,exit_signal,4,0.0002098186202557084,-0.0007898913433826982,False
Scalp,2026-09-17 04:22:00+00:00,2026-09-17 04:29:00+00:00,76240.0,76231.85,exit_signal,7,-0.00010689926547735595,-0.0011062926695096786,False
Scalp,2026-09-17 05:05:00+00:00,2026-09-17 05:22:00+00:00,76522.33,76464.65,exit_signal,17,-0.0007537669069931363,-0.001752513766656083,False
Scalp,2026-09-17 10:01:00+00:00,2026-09-17 10:08:00+00:00,76470.49,76420.0,exit_signal,7,-0.0006602546943272891,-0.001659095019470147,False
Scalp,2026-09-17 11:42:00+00:00,2026-09-17 11:43:00+00:00,76188.58,76232.01,exit_signal,1,0.0005700329366946644,-0.00043003706124289387,False
Scalp,2026-09-17 12:43:00+00:00,2026-09-17 12:52:00+00:00,76884.46,76876.15,exit_signal,9,-0.00010808426046060582,-0.0011074764800903525,False
Scalp,2026-09-17 13:34:00+00:00,2026-09-17 13:43:00+00:00,76354.69,76200.37,exit_signal,9,-0.002021093923634698,-0.0030185740896279123,False
Scalp,2026-09-17 14:04:00+00:00,2026-09-17 14:09:00+00:00,76538.0,76579.49,exit_signal,5,0.000542083670856286,-0.0004579583917831975,False
Scalp,2026-09-17 14:20:00+00:00,2026-09-17 14:22:00+00:00,76752.42,76894.89,exit_signal,2,0.0018562281163252425,0.0008548725659840439,False
Scalp,2026-09-17 15:50:00+00:00,2026-09-17 15:52:00+00:00,76633.33,76678.55,exit_signal,2,0.0005900826702951445,-0.00041000736735619103,False
Scalp,2026-09-17 21:54:00+00:00,2026-09-17 22:02:00+00:00,76434.0,76442.01,exit_signal,8,0.00010479629484261288,-0.0008948086989553072,False
Scalp,2026-09-17 22:19:00+00:00,2026-09-17 22:23:00+00:00,76270.01,76290.78,exit_signal,4,0.0002723219781930464,-0.0007274504575669472,False
Scalp,2026-09-18 01:18:00+00:00,2026-09-18 01:20:00+00:00,76526.01,76584.01,exit_signal,2,0.00075791224447741,-0.00024234553887536592,False
Scalp,2026-09-18 02:47:00+00:00,2026-09-18 02:50:00+00:00,76931.57,76950.01,exit_signal,3,0.00023969353543651373,-0.000760046288186933,False
Scalp,2026-09-18 03:01:00+00:00,2026-09-18 03:04:00+00:00,76992.0,76998.0,exit_signal,3,7.793017456370066e-05,-0.0009216479665403732,False
Scalp,2026-09-18 05:07:00+00:00,2026-09-18 05:09:00+00:00,77456.9,77585.72,exit_signal,2,0.0016631184568451918,0.0006619559196570091,False
Scalp,2026-09-18 05:17:00+00:00,2026-09-18 05:24:00+00:00,77531.63,77533.44,exit_signal,7,2.33453108104964e-05,-0.0009761782727083501,False
Scalp,2026-09-18 07:10:00+00:00,2026-09-18 07:13:00+00:00,77628.09,77683.49,exit_signal,3,0.0007136591921816926,-0.00028655436023417025,False
Scalp,2026-09-18 07:50:00+00:00,2026-09-18 07:52:00+00:00,77750.0,77798.01,exit_signal,2,0.0006174919614148067,-0.0003826254718301003,False
Scalp,2026-09-18 09:27:00+00:00,2026-09-18 09:44:00+00:00,78240.01,78040.25,exit_signal,17,-0.002553169407825906,-0.0035501177642397463,False
Scalp,2026-09-18 13:59:00+00:00,2026-09-18 14:01:00+00:00,80007.84,80292.76,exit_signal,2,0.0035611510072013353,0.0025580913860048238,False
Scalp,2026-09-18 17:34:00+00:00,2026-09-18 17:37:00+00:00,80585.4,80632.46,exit_signal,3,0.0005839767501309989,-0.0004161071846515707,False
Scalp,2026-09-18 19:36:00+00:00,2026-09-18 19:41:00+00:00,81119.85,81172.01,exit_signal,5,0.0006429992165910559,-0.00035714371116135624,False
Scalp,2026-09-18 22:54:00+00:00,2026-09-18 22:55:00+00:00,81103.93,81128.0,exit_signal,1,0.0002967796998247785,-0.0007030171814342845,False
Scalp,2026-09-18 23:34:00+00:00,2026-09-18 23:35:00+00:00,80960.0,81030.01,exit_signal,1,0.0008647480237153893,-0.0001356165420253186,False
Scalp,2026-09-18 23:40:00+00:00,2026-09-18 23:50:00+00:00,80904.01,80909.99,exit_signal,10,7.391475404006087e-05,-0.0009256593736499674,False
Scalp,2026-09-19 01:07:00+00:00,2026-09-19 01:23:00+00:00,81460.01,81216.0,exit_signal,16,-0.0029954575257232774,-0.003991963815052735,False
Scalp,2026-09-19 01:57:00+00:00,2026-09-19 02:09:00+00:00,81312.96,81331.99,exit_signal,12,0.0002340340334430202,-0.0007657001335066305,False
Scalp,2026-09-19 02:19:00+00:00,2026-09-19 02:24:00+00:00,81338.59,81428.0,exit_signal,5,0.0010992322340479532,9.863330128023762e-05,False
Scalp,2026-09-19 03:31:00+00:00,2026-09-19 03:43:00+00:00,81142.2,81156.0,exit_signal,12,0.00017007179987738041,-0.0008295984368041909,False
Scalp,2026-09-19 07:26:00+00:00,2026-09-19 07:34:00+00:00,81118.6,81116.22,exit_signal,8,-2.9339756849933174e-05,-0.001028810681630521,False
Scalp,2026-09-19 08:18:00+00:00,2026-09-19 08:20:00+00:00,81209.44,81243.51,exit_signal,2,0.0004195325075506684,-0.0005803870651702736,False
Scalp,2026-09-19 08:28:00+00:00,2026-09-19 08:30:00+00:00,81266.0,81298.0,exit_signal,2,0.0003937686117194694,-0.0006061252099812675,False
Scalp,2026-09-19 08:47:00+00:00,2026-09-19 08:50:00+00:00,81325.0,81339.06,exit_signal,3,0.00017288656624647736,-0.0008267864837946393,False
Scalp,2026-09-19 12:31:00+00:00,2026-09-19 12:34:00+00:00,81236.54,81254.0,exit_signal,3,0.0002149279129810555,-0.0007847871573964937,False
Scalp,2026-09-19 14:15:00+00:00,2026-09-19 14:17:00+00:00,81383.63,81417.14,exit_signal,2,0.00041175356764000526,-0.0005881582300287791,False
Scalp,2026-09-19 14:39:00+00:00,2026-09-19 14:43:00+00:00,81491.39,81542.0,exit_signal,4,0.0006210472051095817,-0.00037907378160195737,False
Scalp,2026-09-19 14:51:00+00:00,2026-09-19 14:55:00+00:00,81518.44,81512.0,exit_signal,4,-7.90005304321939e-05,-0.0010784218192571027,False
Scalp,2026-09-19 15:21:00+00:00,2026-09-19 15:25:00+00:00,81655.47,81665.09,exit_signal,4,0.00011781207064265331,-0.0008818059324264826,False
Scalp,2026-09-19 19:40:00+00:00,2026-09-19 19:42:00+00:00,81348.01,81360.04,exit_signal,2,0.00014788315042979505,-0.0008517649086909884,False
Scalp,2026-09-19 20:58:00+00:00,2026-09-19 20:59:00+00:00,81096.0,81136.19,exit_signal,1,0.0004955854789385761,-0.0005044101087463559,False
Scalp,2026-09-19 21:15:00+00:00,2026-09-19 21:18:00+00:00,81000.0,81046.01,exit_signal,3,0.0005680246913579712,-0.0004320432993379919,False
Scalp,2026-09-19 21:23:00+00:00,2026-09-19 21:24:00+00:00,80934.01,80992.0,exit_signal,1,0.0007165096601540188,-0.0002837067413052896,False
Scalp,2026-09-20 01:27:00+00:00,2026-09-20 01:39:00+00:00,81156.0,81080.0,exit_signal,12,-0.0009364680368673106,-0.0019350322867053293,False
Scalp,2026-09-20 02:30:00+00:00,2026-09-20 02:38:00+00:00,80984.49,80954.4,exit_signal,8,-0.00037155262692911695,-0.0013706815098606384,False
Scalp,2026-09-20 02:42:00+00:00,2026-09-20 03:05:00+00:00,80864.34,80366.63,exit_signal,23,-0.006154876179042423,-0.007148224628638622,False
Scalp,2026-09-20 03:16:00+00:00,2026-09-20 03:17:00+00:00,80154.79,80340.43,exit_signal,1,0.0023160187931376974,0.0013142036819002723,False
Scalp,2026-09-20 05:18:00+00:00,2026-09-20 05:22:00+00:00,80497.05,80560.03,exit_signal,4,0.0007823889198423917,-0.00021789332795363325,False
Scalp,2026-09-20 06:57:00+00:00,2026-09-20 06:59:00+00:00,80268.01,80334.01,exit_signal,2,0.0008222453752124714,-0.00017807670912062257,False
Scalp,2026-09-20 08:52:00+00:00,2026-09-20 08:53:00+00:00,80188.0,80277.47,exit_signal,1,0.001115752980495932,0.00011513753523795245,False
Scalp,2026-09-20 09:49:00+00:00,2026-09-20 09:57:00+00:00,80502.58,80490.71,exit_signal,8,-0.0001474486904642358,-0.0011468015653363084,False
Scalp,2026-09-20 14:15:00+00:00,2026-09-20 14:22:00+00:00,80592.01,80517.83,exit_signal,7,-0.0009204386390163632,-0.00191901891024171,False
Scalp,2026-09-20 15:24:00+00:00,2026-09-20 15:33:00+00:00,80780.41,80770.0,exit_signal,9,-0.0001288678777441321,-0.0011282393241429656,False
Scalp,2026-09-20 16:22:00+00:00,2026-09-20 16:25:00+00:00,81060.01,81135.19,exit_signal,3,0.0009274610254799143,-7.29662219218774e-05,False
Scalp,2026-09-20 16:49:00+00:00,2026-09-20 16:53:00+00:00,81278.01,81318.42,exit_signal,4,0.0004971824482415954,-0.0005028147356145318,False
Scalp,2026-09-20 19:59:00+00:00,2026-09-20 20:02:00+00:00,81164.01,81212.01,exit_signal,3,0.0005913951269780338,-0.00040869622247396986,False
Scalp,2026-09-20 21:12:00+00:00,2026-09-20 21:16:00+00:00,80623.53,80797.88,exit_signal,4,0.002162520048427652,0.0011608583592239707,False
Scalp,2026-09-20 21:24:00+00:00,2026-09-20 21:26:00+00:00,80834.01,80852.0,exit_signal,2,0.00022255483799460407,-0.00077716785549653,False
Scalp,2026-09-21 01:56:00+00:00,2026-09-21 01:58:00+00:00,80952.35,81029.92,exit_signal,2,0.0009582180134362073,-4.2239975582614164e-05,False
Scalp,2026-09-21 05:41:00+00:00,2026-09-21 05:47:00+00:00,81664.0,81680.01,exit_signal,6,0.00019604721786836699,-0.0008036489812498493,False
Scalp,2026-09-21 06:38:00+00:00,2026-09-21 06:47:00+00:00,81655.29,81706.01,exit_signal,9,0.0006211477541748778,-0.00037897333303560377,False
Scalp,2026-09-21 09:52:00+00:00,2026-09-21 10:02:00+00:00,84710.66,84794.47,exit_signal,10,0.0009893678080183932,-1.1121315227735629e-05,False
Scalp,2026-09-21 19:44:00+00:00,2026-09-21 19:56:00+00:00,86501.75,86627.53,exit_signal,12,0.0014540746285480743,0.00045312103071837306,False
Scalp,2026-09-22 00:58:00+00:00,2026-09-22 01:07:00+00:00,85932.13,85827.61,exit_signal,9,-0.0012163087310881338,-0.002214593280082444,False
Scalp,2026-09-22 06:46:00+00:00,2026-09-22 06:53:00+00:00,85469.8,85499.99,exit_signal,7,0.0003532241797687963,-0.000646629117762032,False
Scalp,2026-09-22 08:30:00+00:00,2026-09-22 08:34:00+00:00,85419.7,85508.84,exit_signal,4,0.0010435531850381263,4.300990349381806e-05,False
Scalp,2026-09-22 09:03:00+00:00,2026-09-22 09:10:00+00:00,86078.0,85852.0,exit_signal,7,-0.002625525686005714,-0.003622401722301327,False
Scalp,2026-09-22 10:33:00+00:00,2026-09-22 10:36:00+00:00,85791.43,85804.0,exit_signal,3,0.0001465181312398922,-0.0008531285635438035,False
Scalp,2026-09-22 10:46:00+00:00,2026-09-22 10:51:00+00:00,85822.01,85860.01,exit_signal,5,0.0004427768587569325,-0.0005571659466991896,False
Scalp,2026-09-22 19:56:00+00:00,2026-09-22 19:59:00+00:00,86174.0,86223.6,exit_signal,3,0.0005755796411910374,-0.00042449590067905607,False
Scalp,2026-09-23 01:43:00+00:00,2026-09-23 01:51:00+00:00,86310.02,86270.01,exit_signal,8,-0.00046356147293225014,-0.0014625983929991149,False
Scalp,2026-09-23 03:52:00+00:00,2026-09-23 03:58:00+00:00,86730.77,86719.66,exit_signal,6,-0.00012809755983944626,-0.001127469776171508,False
Scalp,2026-09-23 04:40:00+00:00,2026-09-23 04:44:00+00:00,87116.0,87169.83,exit_signal,4,0.0006179117498508191,-0.00038220610297257096,False
Scalp,2026-09-23 04:54:00+00:00,2026-09-23 04:56:00+00:00,87148.01,87199.99,exit_signal,2,0.0005964565341194383,-0.00040363987421043745,False
Scalp,2026-09-23 05:04:00+00:00,2026-09-23 05:11:00+00:00,86926.36,86956.01,exit_signal,7,0.0003410933116259063,-0.000658747861099096,False
Scalp,2026-09-23 05:34:00+00:00,2026-09-23 05:36:00+00:00,86738.86,86774.01,exit_signal,2,0.0004052393586910785,-0.0005946659280241517,False
Scalp,2026-09-23 05:52:00+00:00,2026-09-23 06:03:00+00:00,86573.88,86506.01,exit_signal,11,-0.0007839546985766166,-0.0017826713855343401,False
Scalp,2026-09-23 06:29:00+00:00,2026-09-23 06:32:00+00:00,86450.01,86446.01,exit_signal,3,-4.626951460151574e-05,-0.0010457235180851843,False
Scalp,2026-09-23 08:53:00+00:00,2026-09-23 08:56:00+00:00,85710.69,85788.04,exit_signal,3,0.0009024545246338889,-9.794772876381419e-05,False
Scalp,2026-09-23 11:28:00+00:00,2026-09-23 11:32:00+00:00,85539.99,85576.8,exit_signal,4,0.00043032504446172126,-0.0005696053154027325,False
Scalp,2026-09-23 11:37:00+00:00,2026-09-23 11:42:00+00:00,85508.64,85497.29,exit_signal,5,-0.0001327351247780717,-0.0011321027058627253,False
Scalp,2026-09-23 12:06:00+00:00,2026-09-23 12:09:00+00:00,85514.07,85550.01,exit_signal,3,0.0004202817150440463,-0.0005796386065102244,False
Scalp,2026-09-23 14:14:00+00:00,2026-09-23 14:33:00+00:00,84714.14,84205.59,exit_signal,19,-0.006003130055974193,-0.006996630175858165,False
Scalp,2026-09-23 21:00:00+00:00,2026-09-23 21:05:00+00:00,84232.86,84292.0,exit_signal,5,0.0007021012939605331,-0.00029810070633307095,False
Scalp,2026-09-23 21:50:00+00:00,2026-09-23 22:07:00+00:00,84462.0,84470.0,exit_signal,17,9.471715090803023e-05,-0.0009048777687830079,False
Scalp,2026-09-24 02:10:00+00:00,2026-09-24 02:13:00+00:00,83811.89,83896.45,exit_signal,3,0.0010089260604908556,8.417388766446265e-06,False
Scalp,2026-09-24 03:09:00+00:00,2026-09-24 03:15:00+00:00,84324.01,84333.55,exit_signal,6,0.00011313503710286277,-0.0008864782912698654,False
Scalp,2026-09-24 03:29:00+00:00,2026-09-24 03:41:00+00:00,84028.01,83974.01,exit_signal,12,-0.0006426428520680538,-0.0016415007802516035,False
Scalp,2026-09-24 05:14:00+00:00,2026-09-24 05:24:00+00:00,84210.0,84188.01,exit_signal,10,-0.000261132882080628,-0.0012603721295746384,False
Scalp,2026-09-24 07:42:00+00:00,2026-09-24 07:49:00+00:00,84437.01,84469.73,exit_signal,7,0.00038750780019336517,-0.0006123797638247774,False
Scalp,2026-09-24 07:59:00+00:00,2026-09-24 08:02:00+00:00,84522.0,84572.01,exit_signal,3,0.0005916802725915993,-0.00040841136186364757,False
Scalp,2026-09-24 08:25:00+00:00,2026-09-24 08:33:00+00:00,84133.29,83960.01,exit_signal,8,-0.0020595890164285535,-0.003057030706566932,False
Scalp,2026-09-24 08:44:00+00:00,2026-09-24 08:55:00+00:00,83768.0,83518.01,exit_signal,11,-0.002984313819119566,-0.003980831246586547,False
Scalp,2026-09-24 09:14:00+00:00,2026-09-24 09:20:00+00:00,83522.0,83499.6,exit_signal,6,-0.0002681928114747212,-0.0012674250025676015,False
Scalp,2026-09-24 09:26:00+00:00,2026-09-24 09:28:00+00:00,83390.01,83410.0,exit_signal,2,0.00023971696369873285,-0.0007600228833415379,False
Scalp,2026-09-24 09:35:00+00:00,2026-09-24 09:36:00+00:00,82959.45,83205.74,exit_signal,1,0.0029687998172602814,0.0019663322512259995,False
Scalp,2026-09-24 13:44:00+00:00,2026-09-24 13:47:00+00:00,83968.33,83976.7,exit_signal,3,9.968043904162727e-05,-0.0008999194414571754,False
Scalp,2026-09-24 18:05:00+00:00,2026-09-24 18:07:00+00:00,83954.0,84092.01,exit_signal,2,0.0016438764085093815,0.0006427331037532902,False
Scalp,2026-09-24 18:34:00+00:00,2026-09-24 18:39:00+00:00,84376.0,84494.01,exit_signal,5,0.0013986204607945307,0.0003977222894193666,False
Scalp,2026-09-24 22:00:00+00:00,2026-09-24 22:04:00+00:00,84350.0,84355.67,exit_signal,4,6.72199170124177e-05,-0.0009323475191862496,False
Scalp,2026-09-24 22:19:00+00:00,2026-09-24 22:25:00+00:00,84147.22,84152.01,exit_signal,6,5.6924043360995213e-05,-0.0009426331021094025,False
Scalp,2026-09-24 23:46:00+00:00,2026-09-24 23:51:00+00:00,84410.0,84445.91,exit_signal,5,0.00042542352801810956,-0.0005745019327795253,False
Scalp,2026-09-25 00:20:00+00:00,2026-09-25 00:23:00+00:00,84560.42,84609.51,exit_signal,3,0.0005805316482581091,-0.00041954884314432395,False
Scalp,2026-09-25 01:16:00+00:00,2026-09-25 01:18:00+00:00,84717.7,84737.13,exit_signal,2,0.0002293499469414595,-0.0007703795382626444,False
Scalp,2026-09-25 01:38:00+00:00,2026-09-25 01:40:00+00:00,84384.27,84461.17,exit_signal,2,0.0009113072851136828,-8.910381662052824e-05,False
Scalp,2026-09-25 02:38:00+00:00,2026-09-25 02:44:00+00:00,84512.58,84487.7,exit_signal,6,-0.0002943940416918478,-0.001293600044648513,False
Scalp,2026-09-25 02:49:00+00:00,2026-09-25 03:05:00+00:00,84314.01,84262.0,exit_signal,16,-0.0006168607091513456,-0.0016157444065934001,False
Scalp,2026-09-25 08:39:00+00:00,2026-09-25 08:48:00+00:00,84365.18,84331.33,exit_signal,9,-0.00040123188263208043,-0.0014003311011400177,False
Scalp,2026-09-25 09:35:00+00:00,2026-09-25 09:47:00+00:00,84735.91,84627.99,exit_signal,12,-0.0012736040717565844,-0.0022718313540435187,False
Scalp,2026-09-25 11:20:00+00:00,2026-09-25 11:29:00+00:00,85098.0,84956.01,exit_signal,9,-0.001668546851865016,-0.0026663793887445886,False
Scalp,2026-09-25 12:19:00+00:00,2026-09-25 12:21:00+00:00,84017.57,84120.94,exit_signal,2,0.001230337892419442,0.0002296079195134304,False
Scalp,2026-09-25 16:23:00+00:00,2026-09-25 16:26:00+00:00,83970.0,83989.81,exit_signal,3,0.00023591758961538645,-0.0007638184599495501,False
Scalp,2026-09-25 18:25:00+00:00,2026-09-25 18:26:00+00:00,84021.85,84051.98,exit_signal,1,0.00035859719822872727,-0.0006412614696355012,False
Scalp,2026-09-25 21:07:00+00:00,2026-09-25 21:12:00+00:00,83694.01,83724.0,exit_signal,5,0.00035832910861843814,-0.0006415292912900217,False
Scalp,2026-09-25 21:18:00+00:00,2026-09-25 21:21:00+00:00,83664.01,83670.0,exit_signal,3,7.159589888172668e-05,-0.0009279759111118224,False
Scalp,2026-09-25 22:31:00+00:00,2026-09-25 22:32:00+00:00,83913.99,83961.02,exit_signal,1,0.0005604548180822011,-0.0004396056065235632,False
Scalp,2026-09-26 00:36:00+00:00,2026-09-26 00:41:00+00:00,83832.95,83883.59,exit_signal,5,0.0006040584281001848,-0.00039604557832451093,False
Scalp,2026-09-26 01:52:00+00:00,2026-09-26 01:53:00+00:00,84038.29,84071.61,exit_signal,1,0.0003964859351612837,-0.0006034106025049057,False
Scalp,2026-09-26 02:03:00+00:00,2026-09-26 02:11:00+00:00,84000.46,84034.0,exit_signal,8,0.00039928352773288545,-0.0006006158061275801,False
Scalp,2026-09-26 02:47:00+00:00,2026-09-26 02:50:00+00:00,84014.24,84059.99,exit_signal,3,0.0005445505428602893,-0.0004554939854182205,False
Scalp,2026-09-26 03:13:00+00:00,2026-09-26 03:17:00+00:00,83930.28,83936.85,exit_signal,4,7.827925749803732e-05,-0.0009212992325143832,False
Scalp,2026-09-26 04:26:00+00:00,2026-09-26 04:32:00+00:00,83920.6,83907.3,exit_signal,6,-0.00015848313763255906,-0.0011578249835717536,False
Scalp,2026-09-26 05:36:00+00:00,2026-09-26 05:38:00+00:00,83898.99,83915.77,exit_signal,2,0.0002000024076571627,-0.0007996977446742548,False
Scalp,2026-09-26 08:04:00+00:00,2026-09-26 08:09:00+00:00,84069.51,84066.29,exit_signal,5,-3.8301638727311627e-05,-0.0010377636061048578,False
Scalp,2026-09-26 08:52:00+00:00,2026-09-26 08:55:00+00:00,84222.67,84231.1,exit_signal,3,0.00010009181613468421,-0.0008995084755356597,False
Scalp,2026-09-26 09:15:00+00:00,2026-09-26 09:22:00+00:00,84018.89,84015.33,exit_signal,7,-4.237142385477011e-05,-0.0010418293234809584,False
Scalp,2026-09-26 09:43:00+00:00,2026-09-26 09:45:00+00:00,84010.28,84019.0,exit_signal,2,0.00010379682105576826,-0.0008958071737678042,False
Scalp,2026-09-26 12:44:00+00:00,2026-09-26 12:47:00+00:00,84050.0,84062.01,exit_signal,3,0.0001428911362284513,-0.000856751933372979,False
Scalp,2026-09-26 13:13:00+00:00,2026-09-26 13:18:00+00:00,84008.01,84010.8,exit_signal,5,3.3211118797060735e-05,-0.0009663223255994557,False
Scalp,2026-09-26 13:27:00+00:00,2026-09-26 13:30:00+00:00,83944.01,83932.0,exit_signal,3,-0.0001430715544801231,-0.0011424288043005992,False
Scalp,2026-09-26 13:54:00+00:00,2026-09-26 13:55:00+00:00,83932.26,83956.03,exit_signal,1,0.0002832045747369616,-0.0007165787381814281,False
Scalp,2026-09-26 15:44:00+00:00,2026-09-26 15:45:00+00:00,84104.88,84134.77,exit_signal,1,0.0003553896040278115,-0.0006444658578453888,False
Scalp,2026-09-26 15:50:00+00:00,2026-09-26 15:53:00+00:00,84090.02,84143.99,exit_signal,3,0.0006418121912683539,-0.00035832955005210554,False
Scalp,2026-09-26 17:19:00+00:00,2026-09-26 17:20:00+00:00,84069.02,84088.0,exit_signal,1,0.00022576687583608646,-0.0007739590280877451,False
Scalp,2026-09-26 18:12:00+00:00,2026-09-26 18:13:00+00:00,84106.09,84106.1,exit_signal,1,1.1889745454851663e-07,-0.0009993814712585536,False
Scalp,2026-09-26 18:19:00+00:00,2026-09-26 18:22:00+00:00,84086.0,84088.0,exit_signal,3,2.3785172323487203e-05,-0.0009757388508370157,False
Scalp,2026-09-26 18:28:00+00:00,2026-09-26 18:31:00+00:00,84069.27,84069.27,exit_signal,3,0.0,-0.0009995002498748295,False
Scalp,2026-09-26 18:38:00+00:00,2026-09-26 18:56:00+00:00,84048.33,83998.67,exit_signal,18,-0.000590850526119957,-0.0015897602207464168,False
Scalp,2026-09-26 20:41:00+00:00,2026-09-26 20:46:00+00:00,83940.0,83955.99,exit_signal,5,0.00019049320943542725,-0.0008091974384500933,False
Scalp,2026-09-26 21:39:00+00:00,2026-09-26 21:50:00+00:00,84203.03,84163.06,exit_signal,11,-0.0004746860059549052,-0.0014737118070483612,False
Scalp,2026-09-26 22:20:00+00:00,2026-09-26 22:24:00+00:00,84298.67,84290.01,exit_signal,4,-0.0001027299718964203,-0.0011021275431387645,False
Scalp,2026-09-27 01:21:00+00:00,2026-09-27 01:24:00+00:00,84362.01,84369.27,exit_signal,3,8.605769350467085e-05,-0.0009135285710565322,False
Scalp,2026-09-27 02:05:00+00:00,2026-09-27 02:08:00+00:00,84460.24,84484.0,exit_signal,3,0.0002813158001917504,-0.0007184656248957477,False
Scalp,2026-09-27 02:57:00+00:00,2026-09-27 02:58:00+00:00,84458.24,84458.23,exit_signal,1,-1.1840170965893293e-07,-0.0009996185332419305,False
Scalp,2026-09-27 03:01:00+00:00,2026-09-27 03:03:00+00:00,84450.01,84470.01,exit_signal,2,0.00023682649652734256,-0.0007629104614901294,False
Scalp,2026-09-27 03:12:00+00:00,2026-09-27 03:15:00+00:00,84488.87,84488.82,exit_signal,3,-5.917939248645254e-07,-0.0010000914523018434,False
Scalp,2026-09-27 03:25:00+00:00,2026-09-27 03:31:00+00:00,84404.26,84390.01,exit_signal,6,-0.00016883034102777028,-0.0011681618449347342,False
Scalp,2026-09-27 03:41:00+00:00,2026-09-27 03:42:00+00:00,84403.61,84411.13,exit_signal,1,8.909571521886761e-05,-0.0009104935858456065,False
Scalp,2026-09-27 04:20:00+00:00,2026-09-27 04:22:00+00:00,84460.06,84486.0,exit_signal,2,0.00030712741620120276,-0.0006926798076030138,False
Scalp,2026-09-27 04:36:00+00:00,2026-09-27 04:48:00+00:00,84356.0,84362.0,exit_signal,12,7.112712788659437e-05,-0.0009284442135705229,False
Scalp,2026-09-27 04:55:00+00:00,2026-09-27 04:56:00+00:00,84324.0,84325.36,exit_signal,1,1.612826716002047e-05,-0.0009833881029219782,False
Scalp,2026-09-27 05:14:00+00:00,2026-09-27 05:15:00+00:00,84376.01,84391.55,exit_signal,1,0.00018417557312799815,-0.0008155087602782496,False
Scalp,2026-09-27 05:43:00+00:00,2026-09-27 05:45:00+00:00,84540.63,84548.01,exit_signal,2,8.729530404472108e-05,-0.0009122921975084353,False
Scalp,2026-09-27 05:52:00+00:00,2026-09-27 05:59:00+00:00,84506.35,84496.01,exit_signal,7,-0.0001223576689800554,-0.0011217356223343078,False
Scalp,2026-09-27 06:18:00+00:00,2026-09-27 06:21:00+00:00,84557.16,84620.01,exit_signal,3,0.0007432841878793894,-0.00025695897472699514,False
Scalp,2026-09-27 06:31:00+00:00,2026-09-27 06:38:00+00:00,84605.81,84554.04,exit_signal,7,-0.0006118965115989861,-0.0016107851707576337,False
Scalp,2026-09-27 10:45:00+00:00,2026-09-27 10:50:00+00:00,84858.0,84906.01,exit_signal,5,0.0005657686959390507,-0.00043429703988873136,False
Scalp,2026-09-27 10:53:00+00:00,2026-09-27 10:57:00+00:00,84817.16,84848.01,exit_signal,4,0.00036372356725911104,-0.0006361402244120518,False
Scalp,2026-09-27 12:24:00+00:00,2026-09-27 12:30:00+00:00,84990.66,84970.12,exit_signal,6,-0.00024167361448901303,-0.0012409323115257775,False
Scalp,2026-09-27 12:48:00+00:00,2026-09-27 13:07:00+00:00,84972.02,84777.64,exit_signal,19,-0.0022875765457853747,-0.0032847903623310915,False
Scalp,2026-09-27 13:14:00+00:00,2026-09-27 13:16:00+00:00,84692.01,84740.8,exit_signal,2,0.0005760874018694295,-0.00042398864750758936,False
Scalp,2026-09-27 13:38:00+00:00,2026-09-27 13:47:00+00:00,84930.01,84842.0,exit_signal,9,-0.0010362650375290716,-0.002034729540240088,False
Scalp,2026-09-27 15:01:00+00:00,2026-09-27 15:09:00+00:00,84555.65,84489.44,exit_signal,8,-0.0007830346050203829,-0.001781752211612031,False
Scalp,2026-09-27 20:28:00+00:00,2026-09-27 20:31:00+00:00,84626.0,84638.87,exit_signal,3,0.00015208092075713608,-0.0008475713340361235,False
Scalp,2026-09-27 20:42:00+00:00,2026-09-27 20:44:00+00:00,84595.61,84634.6,exit_signal,2,0.0004608986210987709,-0.0005390622970631309,False
Scalp,2026-09-27 22:17:00+00:00,2026-09-27 22:18:00+00:00,84315.4,84389.99,exit_signal,1,0.0008846545233731629,-0.00011572993891906247,False
Scalp,2026-09-27 22:47:00+00:00,2026-09-27 22:48:00+00:00,84150.0,84191.38,exit_signal,1,0.0004917409387998894,-0.0005082508062664859,False
Scalp,2026-09-27 23:46:00+00:00,2026-09-27 23:47:00+00:00,84345.44,84386.02,exit_signal,1,0.0004811167029301622,-0.0005188644232094752,False
Scalp,2026-09-28 00:35:00+00:00,2026-09-28 00:45:00+00:00,84370.01,84300.01,exit_signal,10,-0.0008296786974423265,-0.0018283496832518509,False
Scalp,2026-09-28 01:16:00+00:00,2026-09-28 01:20:00+00:00,83958.31,83994.67,exit_signal,4,0.0004330720806553501,-0.000566861024872467,False
Scalp,2026-09-28 05:25:00+00:00,2026-09-28 05:29:00+00:00,83068.33,83114.81,exit_signal,4,0.0005595393575386076,-0.00044052015206408335,False
Scalp,2026-09-28 05:36:00+00:00,2026-09-28 05:41:00+00:00,82940.75,82883.76,exit_signal,5,-0.0006871170082257683,-0.0016859304844792922,False
Scalp,2026-09-28 11:14:00+00:00,2026-09-28 11:18:00+00:00,82989.31,83075.08,exit_signal,4,0.0010335066046458508,3.297336466134837e-05,False
Scalp,2026-09-28 11:49:00+00:00,2026-09-28 11:57:00+00:00,83002.39,83050.0,exit_signal,8,0.0005735979409748904,-0.00042647562018527374,False
Scalp,2026-09-28 12:17:00+00:00,2026-09-28 12:20:00+00:00,83323.65,83416.67,exit_signal,3,0.0011163697221616697,0.00011575366047078539,False
Scalp,2026-09-28 12:24:00+00:00,2026-09-28 12:27:00+00:00,83357.37,83368.01,exit_signal,3,0.0001276431826005009,-0.0008719846466672676,False
Scalp,2026-09-28 13:53:00+00:00,2026-09-28 13:54:00+00:00,83570.72,83680.77,exit_signal,1,0.0013168487719144029,0.0003160323313629032,False
Scalp,2026-09-28 16:05:00+00:00,2026-09-28 16:08:00+00:00,83298.01,83384.01,exit_signal,3,0.0010324376296624305,3.190545811859735e-05,False
Scalp,2026-09-28 16:43:00+00:00,2026-09-28 16:53:00+00:00,83715.23,83656.7,exit_signal,10,-0.0006991559361421151,-0.001697957379484194,False
Scalp,2026-09-28 19:09:00+00:00,2026-09-28 19:14:00+00:00,83726.28,83748.28,exit_signal,5,0.0002627609873506742,-0.0007370018921969423,False
Scalp,2026-09-28 19:25:00+00:00,2026-09-28 19:28:00+00:00,83678.37,83680.51,exit_signal,3,2.5574111923942766e-05,-0.0009739516992820496,False
Scalp,2026-09-28 19:32:00+00:00,2026-09-28 19:44:00+00:00,83616.76,83275.72,exit_signal,12,-0.00407860816420047,-0.005074031844196303,False
Scalp,2026-09-28 21:49:00+00:00,2026-09-28 21:50:00+00:00,83400.01,83427.67,exit_signal,1,0.00033165463649220683,-0.0006681771022747363,False
Scalp,2026-09-28 21:56:00+00:00,2026-09-28 22:10:00+00:00,83260.01,83182.0,exit_signal,14,-0.0009369443986374515,-0.0019355081723518852,False
Scalp,2026-09-29 00:19:00+00:00,2026-09-29 00:26:00+00:00,83416.01,83470.01,exit_signal,7,0.0006473577434356059,-0.0003527895406656434,False
Scalp,2026-09-29 01:11:00+00:00,2026-09-29 01:13:00+00:00,83039.24,83080.01,exit_signal,2,0.0004909727015804943,-0.0005090182756324335,False
Scalp,2026-09-29 01:29:00+00:00,2026-09-29 01:34:00+00:00,82916.4,82926.13,exit_signal,5,0.00011734711106625717,-0.0008822704272755111,False
Scalp,2026-09-29 04:29:00+00:00,2026-09-29 04:39:00+00:00,83226.01,83172.16,exit_signal,10,-0.0006470333012479346,-0.0016458868411765026,False
Scalp,2026-09-29 06:19:00+00:00,2026-09-29 06:21:00+00:00,83772.0,83836.08,exit_signal,2,0.0007649333906316613,-0.00023533141035825267,False
Scalp,2026-09-29 06:40:00+00:00,2026-09-29 06:43:00+00:00,83866.91,83887.99,exit_signal,3,0.00025135062207493064,-0.0007484008528095831,False
Scalp,2026-09-29 07:03:00+00:00,2026-09-29 07:06:00+00:00,83897.79,83997.07,exit_signal,3,0.0011833446387563562,0.00018266163561952986,False
Scalp,2026-09-29 10:02:00+00:00,2026-09-29 10:08:00+00:00,84214.03,84201.02,exit_signal,6,-0.00015448732236178486,-0.0011538331621194775,False
Scalp,2026-09-29 10:40:00+00:00,2026-09-29 10:41:00+00:00,84033.62,84088.0,exit_signal,1,0.0006471219495245428,-0.00035302509890067224,False
Scalp,2026-09-29 15:15:00+00:00,2026-09-29 15:32:00+00:00,83430.83,83062.0,exit_signal,17,-0.004420787855041186,-0.005415869526350425,False
Scalp,2026-09-29 16:56:00+00:00,2026-09-29 16:58:00+00:00,82946.05,83013.61,exit_signal,2,0.0008145053320802731,-0.00018580901607767597,False
Scalp,2026-09-29 21:29:00+00:00,2026-09-29 21:32:00+00:00,83400.64,83430.24,exit_signal,3,0.0003549133435907237,-0.0006449416422596999,False
Scalp,2026-09-29 22:18:00+00:00,2026-09-29 22:20:00+00:00,83584.0,83661.95,exit_signal,2,0.0009325947549769786,-6.78376235886402e-05,False
Scalp,2026-09-29 23:22:00+00:00,2026-09-29 23:27:00+00:00,83742.1,83741.1,exit_signal,5,-1.1941424922445876e-05,-0.0010114297393403193,False
Scalp,2026-09-30 00:13:00+00:00,2026-09-30 00:25:00+00:00,83536.15,83476.0,exit_signal,12,-0.0007200475482769253,-0.0017188281104475456,False
Scalp,2026-09-30 05:54:00+00:00,2026-09-30 05:59:00+00:00,83368.21,83418.0,exit_signal,5,0.000597230047280517,-0.00040286713417592157,False
Scalp,2026-09-30 06:27:00+00:00,2026-09-30 06:29:00+00:00,83083.02,83174.01,exit_signal,2,0.0010951696267178512,9.457475452734343e-05,False
Scalp,2026-09-30 06:35:00+00:00,2026-09-30 06:39:00+00:00,83107.9,83118.01,exit_signal,4,0.00012164908510503558,-0.0008779727530608961,False
Scalp,2026-09-30 06:50:00+00:00,2026-09-30 06:53:00+00:00,82999.99,83067.58,exit_signal,3,0.0008143374475104714,-0.00018597673284670435,False
Scalp,2026-09-30 07:49:00+00:00,2026-09-30 07:50:00+00:00,83399.36,83427.74,exit_signal,1,0.00034029038112537435,-0.0006595499890705847,False
Scalp,2026-09-30 07:58:00+00:00,2026-09-30 08:04:00+00:00,83336.01,83320.83,exit_signal,6,-0.00018215414920863537,-0.001181472335965994,False
Scalp,2026-09-30 08:15:00+00:00,2026-09-30 08:17:00+00:00,83130.0,83176.7,exit_signal,2,0.0005617707205580746,-0.00043829101929238057,False
Scalp,2026-09-30 09:42:00+00:00,2026-09-30 09:45:00+00:00,83543.61,83574.39,exit_signal,3,0.0003684303323736593,-0.0006314381637105848,False
